Pseudo-terminal will not be allocated because stdin is not a terminal.

===============================================================================
Welcome to localhost.run!

Follow your favourite reverse tunnel at [https://twitter.com/localhost_run].

To set up and manage custom domains go to https://admin.localhost.run/

More details on custom domains (and how to enable subdomains of your custom
domain) at https://localhost.run/docs/custom-domains

If you get a permission denied error check the faq for how to connect with a key or
create a free tunnel without a key at [http://localhost:3000/docs/faq#generating-an-ssh-key].

To explore using localhost.run visit the documentation site:
https://localhost.run/docs/

===============================================================================

** your connection id is 2edb4faf-f730-4ea2-a663-b6afa4627982, please mention it if you send me a message about an issue. **

authenticated as anonymous user
85840ff21b5a8c.lhr.life tunneled with tls termination, https://85840ff21b5a8c.lhr.life
create an account and add your key for a longer lasting domain name. see https://localhost.run/docs/forever-free/ for more information.
Open your tunnel address on your mobile with this QR:

[7m  [0m[7m  [0m[7m  [0m[7m  [0m[7m  [0m[7m  [0m[7m  [0m[7m  [0m[7m  [0m[7m  [0m[7m  [0m[7m  [0m[7m  [0m[7m  [0m[7m  [0m[7m  [0m[7m  [0m[7m  [0m[7m  [0m[7m  [0m[7m  [0m[7m  [0m[7m  [0m[7m  [0m[7m  [0m[7m  [0m[7m  [0m
[7m  [0m[49m  [0m[49m  [0m[49m  [0m[49m  [0m[49m  [0m[49m  [0m[49m  [0m[7m  [0m[49m  [0m[49m  [0m[49m  [0m[49m  [0m[7m  [0m[7m  [0m[7m  [0m[49m  [0m[49m  [0m[7m  [0m[49m  [0m[49m  [0m[49m  [0m[49m  [0m[49m  [0m[49m  [0m[49m  [0m[7m  [0m
[7m  [0m[49m  [0m[7m  [0m[7m  [0m[7m  [0m[7m  [0m[7m  [0m[49m  [0m[7m  [0m[7m  [0m[7m  [0m[7m  [0m[49m  [0m[49m  [0m[49m  [0m[49m  [0m[7m  [0m[49m  [0m[7m  [0m[49m  [0m[7m  [0m[7m  [0m[7m  [0m[7m  [0m[7m  [0m[49m  [0m[7m  [0m
[7m  [0m[49m  [0m[7m  [0m[49m  [0m[49m  [0m[49m  [0m[7m  [0m[49m  [0m[7m  [0m[7m  [0m[49m  [0m[7m  [0m[49m  [0m[7m  [0m[7m  [0m[7m  [0m[7m  [0m[49m  [0m[7m  [0m[49m  [0m[7m  [0m[49m  [0m[49m  [0m[49m  [0m[7m  [0m[49m  [0m[7m  [0m
[7m  [0m[49m  [0m[7m  [0m[49m  [0m[49m  [0m[49m  [0m[7m  [0m[49m  [0m[7m  [0m[7m  [0m[7m  [0m[49m  [0m[49m  [0m[7m  [0m[49m  [0m[7m  [0m[49m  [0m[7m  [0m[7m  [0m[49m  [0m[7m  [0m[49m  [0m[49m  [0m[49m  [0m[7m  [0m[49m  [0m[7m  [0m
[7m  [0m[49m  [0m[7m  [0m[49m  [0m[49m  [0m[49m  [0m[7m  [0m[49m  [0m[7m  [0m[7m  [0m[7m  [0m[49m  [0m[49m  [0m[49m  [0m[49m  [0m[49m  [0m[7m  [0m[7m  [0m[7m  [0m[49m  [0m[7m  [0m[49m  [0m[49m  [0m[49m  [0m[7m  [0m[49m  [0m[7m  [0m
[7m  [0m[49m  [0m[7m  [0m[7m  [0m[7m  [0m[7m  [0m[7m  [0m[49m  [0m[7m  [0m[7m  [0m[49m  [0m[7m  [0m[49m  [0m[7m  [0m[49m  [0m[49m  [0m[49m  [0m[7m  [0m[7m  [0m[49m  [0m[7m  [0m[7m  [0m[7m  [0m[7m  [0m[7m  [0m[49m  [0m[7m  [0m
[7m  [0m[49m  [0m[49m  [0m[49m  [0m[49m  [0m[49m  [0m[49m  [0m[49m  [0m[7m  [0m[49m  [0m[7m  [0m[49m  [0m[7m  [0m[49m  [0m[7m  [0m[49m  [0m[7m  [0m[49m  [0m[7m  [0m[49m  [0m[49m  [0m[49m  [0m[49m  [0m[49m  [0m[49m  [0m[49m  [0m[7m  [0m
[7m  [0m[7m  [0m[7m  [0m[7m  [0m[7m  [0m[7m  [0m[7m  [0m[7m  [0m[7m  [0m[49m  [0m[49m  [0m[7m  [0m[7m  [0m[49m  [0m[7m  [0m[49m  [0m[49m  [0m[7m  [0m[7m  [0m[7m  [0m[7m  [0m[7m  [0m[7m  [0m[7m  [0m[7m  [0m[7m  [0m[7m  [0m
[7m  [0m[49m  [0m[49m  [0m[7m  [0m[49m  [0m[49m  [0m[7m  [0m[49m  [0m[7m  [0m[7m  [0m[49m  [0m[7m  [0m[7m  [0m[49m  [0m[7m  [0m[49m  [0m[7m  [0m[7m  [0m[7m  [0m[49m  [0m[7m  [0m[7m  [0m[7m  [0m[7m  [0m[7m  [0m[49m  [0m[7m  [0m
[7m  [0m[49m  [0m[49m  [0m[7m  [0m[49m  [0m[7m  [0m[7m  [0m[7m  [0m[7m  [0m[49m  [0m[7m  [0m[49m  [0m[7m  [0m[7m  [0m[49m  [0m[49m  [0m[49m  [0m[49m  [0m[49m  [0m[7m  [0m[7m  [0m[49m  [0m[49m  [0m[49m  [0m[7m  [0m[7m  [0m[7m  [0m
[7m  [0m[49m  [0m[49m  [0m[49m  [0m[7m  [0m[49m  [0m[7m  [0m[49m  [0m[49m  [0m[49m  [0m[49m  [0m[7m  [0m[7m  [0m[49m  [0m[7m  [0m[7m  [0m[49m  [0m[49m  [0m[7m  [0m[7m  [0m[7m  [0m[49m  [0m[7m  [0m[7m  [0m[7m  [0m[49m  [0m[7m  [0m
[7m  [0m[7m  [0m[7m  [0m[49m  [0m[49m  [0m[7m  [0m[49m  [0m[7m  [0m[49m  [0m[49m  [0m[7m  [0m[7m  [0m[7m  [0m[7m  [0m[49m  [0m[7m  [0m[7m  [0m[7m  [0m[7m  [0m[49m  [0m[7m  [0m[7m  [0m[49m  [0m[49m  [0m[49m  [0m[7m  [0m[7m  [0m
[7m  [0m[49m  [0m[49m  [0m[7m  [0m[7m  [0m[49m  [0m[49m  [0m[49m  [0m[49m  [0m[7m  [0m[49m  [0m[49m  [0m[7m  [0m[7m  [0m[7m  [0m[7m  [0m[7m  [0m[7m  [0m[7m  [0m[49m  [0m[49m  [0m[49m  [0m[49m  [0m[49m  [0m[49m  [0m[7m  [0m[7m  [0m
[7m  [0m[49m  [0m[49m  [0m[7m  [0m[49m  [0m[49m  [0m[49m  [0m[7m  [0m[49m  [0m[7m  [0m[7m  [0m[49m  [0m[7m  [0m[49m  [0m[49m  [0m[49m  [0m[7m  [0m[49m  [0m[49m  [0m[49m  [0m[49m  [0m[7m  [0m[49m  [0m[7m  [0m[7m  [0m[7m  [0m[7m  [0m
[7m  [0m[49m  [0m[49m  [0m[49m  [0m[49m  [0m[49m  [0m[49m  [0m[49m  [0m[7m  [0m[49m  [0m[7m  [0m[49m  [0m[7m  [0m[7m  [0m[49m  [0m[49m  [0m[49m  [0m[49m  [0m[7m  [0m[49m  [0m[7m  [0m[7m  [0m[49m  [0m[7m  [0m[7m  [0m[7m  [0m[7m  [0m
[7m  [0m[49m  [0m[7m  [0m[49m  [0m[49m  [0m[49m  [0m[49m  [0m[7m  [0m[49m  [0m[7m  [0m[7m  [0m[7m  [0m[7m  [0m[49m  [0m[49m  [0m[49m  [0m[49m  [0m[7m  [0m[7m  [0m[7m  [0m[49m  [0m[7m  [0m[7m  [0m[49m  [0m[49m  [0m[49m  [0m[7m  [0m
[7m  [0m[49m  [0m[7m  [0m[7m  [0m[49m  [0m[7m  [0m[49m  [0m[49m  [0m[49m  [0m[49m  [0m[7m  [0m[49m  [0m[49m  [0m[49m  [0m[49m  [0m[7m  [0m[49m  [0m[49m  [0m[49m  [0m[49m  [0m[49m  [0m[49m  [0m[7m  [0m[49m  [0m[49m  [0m[49m  [0m[7m  [0m
[7m  [0m[7m  [0m[7m  [0m[7m  [0m[7m  [0m[7m  [0m[7m  [0m[7m  [0m[7m  [0m[49m  [0m[49m  [0m[7m  [0m[49m  [0m[7m  [0m[7m  [0m[7m  [0m[49m  [0m[49m  [0m[7m  [0m[7m  [0m[7m  [0m[49m  [0m[49m  [0m[7m  [0m[7m  [0m[7m  [0m[7m  [0m
[7m  [0m[49m  [0m[49m  [0m[49m  [0m[49m  [0m[49m  [0m[49m  [0m[49m  [0m[7m  [0m[7m  [0m[7m  [0m[7m  [0m[7m  [0m[49m  [0m[49m  [0m[49m  [0m[49m  [0m[49m  [0m[7m  [0m[49m  [0m[7m  [0m[49m  [0m[7m  [0m[49m  [0m[49m  [0m[7m  [0m[7m  [0m
[7m  [0m[49m  [0m[7m  [0m[7m  [0m[7m  [0m[7m  [0m[7m  [0m[49m  [0m[7m  [0m[7m  [0m[7m  [0m[49m  [0m[49m  [0m[7m  [0m[49m  [0m[49m  [0m[49m  [0m[49m  [0m[7m  [0m[7m  [0m[7m  [0m[49m  [0m[49m  [0m[49m  [0m[49m  [0m[7m  [0m[7m  [0m
[7m  [0m[49m  [0m[7m  [0m[49m  [0m[49m  [0m[49m  [0m[7m  [0m[49m  [0m[7m  [0m[49m  [0m[49m  [0m[49m  [0m[49m  [0m[7m  [0m[49m  [0m[7m  [0m[7m  [0m[49m  [0m[49m  [0m[49m  [0m[49m  [0m[49m  [0m[7m  [0m[49m  [0m[49m  [0m[7m  [0m[7m  [0m
[7m  [0m[49m  [0m[7m  [0m[49m  [0m[49m  [0m[49m  [0m[7m  [0m[49m  [0m[7m  [0m[49m  [0m[49m  [0m[49m  [0m[7m  [0m[49m  [0m[49m  [0m[49m  [0m[49m  [0m[49m  [0m[7m  [0m[7m  [0m[7m  [0m[7m  [0m[7m  [0m[49m  [0m[7m  [0m[49m  [0m[7m  [0m
[7m  [0m[49m  [0m[7m  [0m[49m  [0m[49m  [0m[49m  [0m[7m  [0m[49m  [0m[7m  [0m[7m  [0m[7m  [0m[49m  [0m[49m  [0m[7m  [0m[49m  [0m[7m  [0m[49m  [0m[7m  [0m[49m  [0m[49m  [0m[7m  [0m[49m  [0m[7m  [0m[7m  [0m[49m  [0m[49m  [0m[7m  [0m
[7m  [0m[49m  [0m[7m  [0m[7m  [0m[7m  [0m[7m  [0m[7m  [0m[49m  [0m[7m  [0m[49m  [0m[7m  [0m[7m  [0m[49m  [0m[49m  [0m[49m  [0m[7m  [0m[7m  [0m[49m  [0m[49m  [0m[49m  [0m[49m  [0m[7m  [0m[49m  [0m[49m  [0m[49m  [0m[7m  [0m[7m  [0m
[7m  [0m[49m  [0m[49m  [0m[49m  [0m[49m  [0m[49m  [0m[49m  [0m[49m  [0m[7m  [0m[49m  [0m[49m  [0m[49m  [0m[49m  [0m[49m  [0m[49m  [0m[7m  [0m[49m  [0m[7m  [0m[7m  [0m[7m  [0m[7m  [0m[7m  [0m[49m  [0m[7m  [0m[49m  [0m[49m  [0m[7m  [0m
[7m  [0m[7m  [0m[7m  [0m[7m  [0m[7m  [0m[7m  [0m[7m  [0m[7m  [0m[7m  [0m[7m  [0m[7m  [0m[7m  [0m[7m  [0m[7m  [0m[7m  [0m[7m  [0m[7m  [0m[7m  [0m[7m  [0m[7m  [0m[7m  [0m[7m  [0m[7m  [0m[7m  [0m[7m  [0m[7m  [0m[7m  [0m

Pseudo-terminal will not be allocated because stdin is not a terminal.

===============================================================================
Welcome to localhost.run!

Follow your favourite reverse tunnel at [https://twitter.com/localhost_run].

To set up and manage custom domains go to https://admin.localhost.run/

More details on custom domains (and how to enable subdomains of your custom
domain) at https://localhost.run/docs/custom-domains

If you get a permission denied error check the faq for how to connect with a key or
create a free tunnel without a key at [http://localhost:3000/docs/faq#generating-an-ssh-key].

To explore using localhost.run visit the documentation site:
https://localhost.run/docs/

===============================================================================

** your connection id is 0013ac1d-f220-4367-8aae-48083d96da3a, please mention it if you send me a message about an issue. **

authenticated as anonymous user
d62a73237e38cc.lhr.life tunneled with tls termination, https://d62a73237e38cc.lhr.life
create an account and add your key for a longer lasting domain name. see https://localhost.run/docs/forever-free/ for more information.
Open your tunnel address on your mobile with this QR:

[7m  [0m[7m  [0m[7m  [0m[7m  [0m[7m  [0m[7m  [0m[7m  [0m[7m  [0m[7m  [0m[7m  [0m[7m  [0m[7m  [0m[7m  [0m[7m  [0m[7m  [0m[7m  [0m[7m  [0m[7m  [0m[7m  [0m[7m  [0m[7m  [0m[7m  [0m[7m  [0m[7m  [0m[7m  [0m[7m  [0m[7m  [0m
[7m  [0m[49m  [0m[49m  [0m[49m  [0m[49m  [0m[49m  [0m[49m  [0m[49m  [0m[7m  [0m[49m  [0m[49m  [0m[7m  [0m[7m  [0m[7m  [0m[49m  [0m[49m  [0m[49m  [0m[7m  [0m[7m  [0m[49m  [0m[49m  [0m[49m  [0m[49m  [0m[49m  [0m[49m  [0m[49m  [0m[7m  [0m
[7m  [0m[49m  [0m[7m  [0m[7m  [0m[7m  [0m[7m  [0m[7m  [0m[49m  [0m[7m  [0m[7m  [0m[7m  [0m[7m  [0m[7m  [0m[7m  [0m[7m  [0m[49m  [0m[7m  [0m[49m  [0m[7m  [0m[49m  [0m[7m  [0m[7m  [0m[7m  [0m[7m  [0m[7m  [0m[49m  [0m[7m  [0m
[7m  [0m[49m  [0m[7m  [0m[49m  [0m[49m  [0m[49m  [0m[7m  [0m[49m  [0m[7m  [0m[49m  [0m[7m  [0m[7m  [0m[49m  [0m[49m  [0m[7m  [0m[7m  [0m[49m  [0m[49m  [0m[7m  [0m[49m  [0m[7m  [0m[49m  [0m[49m  [0m[49m  [0m[7m  [0m[49m  [0m[7m  [0m
[7m  [0m[49m  [0m[7m  [0m[49m  [0m[49m  [0m[49m  [0m[7m  [0m[49m  [0m[7m  [0m[49m  [0m[49m  [0m[7m  [0m[49m  [0m[7m  [0m[49m  [0m[49m  [0m[7m  [0m[49m  [0m[7m  [0m[49m  [0m[7m  [0m[49m  [0m[49m  [0m[49m  [0m[7m  [0m[49m  [0m[7m  [0m
[7m  [0m[49m  [0m[7m  [0m[49m  [0m[49m  [0m[49m  [0m[7m  [0m[49m  [0m[7m  [0m[49m  [0m[49m  [0m[49m  [0m[49m  [0m[7m  [0m[49m  [0m[49m  [0m[49m  [0m[7m  [0m[7m  [0m[49m  [0m[7m  [0m[49m  [0m[49m  [0m[49m  [0m[7m  [0m[49m  [0m[7m  [0m
[7m  [0m[49m  [0m[7m  [0m[7m  [0m[7m  [0m[7m  [0m[7m  [0m[49m  [0m[7m  [0m[7m  [0m[49m  [0m[7m  [0m[7m  [0m[49m  [0m[7m  [0m[49m  [0m[49m  [0m[7m  [0m[7m  [0m[49m  [0m[7m  [0m[7m  [0m[7m  [0m[7m  [0m[7m  [0m[49m  [0m[7m  [0m
[7m  [0m[49m  [0m[49m  [0m[49m  [0m[49m  [0m[49m  [0m[49m  [0m[49m  [0m[7m  [0m[49m  [0m[7m  [0m[49m  [0m[7m  [0m[49m  [0m[7m  [0m[49m  [0m[7m  [0m[49m  [0m[7m  [0m[49m  [0m[49m  [0m[49m  [0m[49m  [0m[49m  [0m[49m  [0m[49m  [0m[7m  [0m
[7m  [0m[7m  [0m[7m  [0m[7m  [0m[7m  [0m[7m  [0m[7m  [0m[7m  [0m[7m  [0m[7m  [0m[49m  [0m[7m  [0m[49m  [0m[7m  [0m[49m  [0m[49m  [0m[49m  [0m[7m  [0m[7m  [0m[7m  [0m[7m  [0m[7m  [0m[7m  [0m[7m  [0m[7m  [0m[7m  [0m[7m  [0m
[7m  [0m[49m  [0m[49m  [0m[49m  [0m[49m  [0m[7m  [0m[7m  [0m[49m  [0m[7m  [0m[49m  [0m[7m  [0m[7m  [0m[7m  [0m[7m  [0m[7m  [0m[49m  [0m[49m  [0m[7m  [0m[49m  [0m[7m  [0m[7m  [0m[49m  [0m[49m  [0m[49m  [0m[7m  [0m[49m  [0m[7m  [0m
[7m  [0m[7m  [0m[49m  [0m[49m  [0m[7m  [0m[7m  [0m[49m  [0m[7m  [0m[7m  [0m[49m  [0m[49m  [0m[7m  [0m[7m  [0m[7m  [0m[49m  [0m[7m  [0m[7m  [0m[7m  [0m[49m  [0m[7m  [0m[49m  [0m[49m  [0m[7m  [0m[7m  [0m[7m  [0m[7m  [0m[7m  [0m
[7m  [0m[49m  [0m[49m  [0m[7m  [0m[49m  [0m[49m  [0m[49m  [0m[49m  [0m[49m  [0m[7m  [0m[7m  [0m[7m  [0m[7m  [0m[7m  [0m[7m  [0m[7m  [0m[7m  [0m[7m  [0m[49m  [0m[49m  [0m[7m  [0m[49m  [0m[49m  [0m[7m  [0m[7m  [0m[7m  [0m[7m  [0m
[7m  [0m[7m  [0m[49m  [0m[49m  [0m[7m  [0m[49m  [0m[49m  [0m[7m  [0m[7m  [0m[49m  [0m[7m  [0m[7m  [0m[49m  [0m[49m  [0m[7m  [0m[7m  [0m[49m  [0m[49m  [0m[7m  [0m[7m  [0m[7m  [0m[7m  [0m[49m  [0m[49m  [0m[7m  [0m[49m  [0m[7m  [0m
[7m  [0m[49m  [0m[7m  [0m[7m  [0m[7m  [0m[7m  [0m[7m  [0m[49m  [0m[49m  [0m[49m  [0m[49m  [0m[7m  [0m[49m  [0m[7m  [0m[49m  [0m[49m  [0m[7m  [0m[7m  [0m[7m  [0m[49m  [0m[7m  [0m[7m  [0m[49m  [0m[7m  [0m[7m  [0m[7m  [0m[7m  [0m
[7m  [0m[7m  [0m[49m  [0m[49m  [0m[49m  [0m[7m  [0m[7m  [0m[7m  [0m[49m  [0m[7m  [0m[49m  [0m[49m  [0m[49m  [0m[7m  [0m[7m  [0m[49m  [0m[7m  [0m[7m  [0m[49m  [0m[49m  [0m[7m  [0m[7m  [0m[49m  [0m[7m  [0m[49m  [0m[49m  [0m[7m  [0m
[7m  [0m[7m  [0m[49m  [0m[49m  [0m[7m  [0m[7m  [0m[7m  [0m[49m  [0m[49m  [0m[49m  [0m[7m  [0m[7m  [0m[7m  [0m[49m  [0m[49m  [0m[49m  [0m[49m  [0m[49m  [0m[49m  [0m[49m  [0m[49m  [0m[7m  [0m[7m  [0m[7m  [0m[7m  [0m[49m  [0m[7m  [0m
[7m  [0m[49m  [0m[7m  [0m[7m  [0m[7m  [0m[7m  [0m[7m  [0m[7m  [0m[49m  [0m[7m  [0m[49m  [0m[49m  [0m[7m  [0m[49m  [0m[49m  [0m[7m  [0m[7m  [0m[49m  [0m[7m  [0m[7m  [0m[49m  [0m[49m  [0m[49m  [0m[7m  [0m[49m  [0m[49m  [0m[7m  [0m
[7m  [0m[7m  [0m[7m  [0m[7m  [0m[7m  [0m[49m  [0m[49m  [0m[49m  [0m[49m  [0m[49m  [0m[7m  [0m[7m  [0m[49m  [0m[7m  [0m[49m  [0m[7m  [0m[49m  [0m[49m  [0m[49m  [0m[49m  [0m[49m  [0m[49m  [0m[49m  [0m[49m  [0m[49m  [0m[7m  [0m[7m  [0m
[7m  [0m[7m  [0m[7m  [0m[7m  [0m[7m  [0m[7m  [0m[7m  [0m[7m  [0m[7m  [0m[49m  [0m[7m  [0m[7m  [0m[7m  [0m[49m  [0m[49m  [0m[7m  [0m[49m  [0m[49m  [0m[7m  [0m[7m  [0m[7m  [0m[49m  [0m[49m  [0m[7m  [0m[49m  [0m[49m  [0m[7m  [0m
[7m  [0m[49m  [0m[49m  [0m[49m  [0m[49m  [0m[49m  [0m[49m  [0m[49m  [0m[7m  [0m[7m  [0m[49m  [0m[49m  [0m[49m  [0m[49m  [0m[7m  [0m[7m  [0m[49m  [0m[49m  [0m[7m  [0m[49m  [0m[7m  [0m[49m  [0m[7m  [0m[7m  [0m[7m  [0m[7m  [0m[7m  [0m
[7m  [0m[49m  [0m[7m  [0m[7m  [0m[7m  [0m[7m  [0m[7m  [0m[49m  [0m[7m  [0m[7m  [0m[49m  [0m[49m  [0m[7m  [0m[49m  [0m[7m  [0m[49m  [0m[7m  [0m[49m  [0m[7m  [0m[7m  [0m[7m  [0m[49m  [0m[49m  [0m[49m  [0m[7m  [0m[49m  [0m[7m  [0m
[7m  [0m[49m  [0m[7m  [0m[49m  [0m[49m  [0m[49m  [0m[7m  [0m[49m  [0m[7m  [0m[7m  [0m[7m  [0m[49m  [0m[49m  [0m[49m  [0m[49m  [0m[7m  [0m[7m  [0m[49m  [0m[49m  [0m[49m  [0m[49m  [0m[49m  [0m[49m  [0m[49m  [0m[49m  [0m[49m  [0m[7m  [0m
[7m  [0m[49m  [0m[7m  [0m[49m  [0m[49m  [0m[49m  [0m[7m  [0m[49m  [0m[7m  [0m[49m  [0m[49m  [0m[7m  [0m[7m  [0m[49m  [0m[49m  [0m[7m  [0m[7m  [0m[7m  [0m[7m  [0m[7m  [0m[7m  [0m[7m  [0m[49m  [0m[7m  [0m[7m  [0m[49m  [0m[7m  [0m
[7m  [0m[49m  [0m[7m  [0m[49m  [0m[49m  [0m[49m  [0m[7m  [0m[49m  [0m[7m  [0m[49m  [0m[49m  [0m[49m  [0m[49m  [0m[49m  [0m[49m  [0m[7m  [0m[7m  [0m[7m  [0m[7m  [0m[7m  [0m[7m  [0m[49m  [0m[7m  [0m[49m  [0m[49m  [0m[7m  [0m[7m  [0m
[7m  [0m[49m  [0m[7m  [0m[7m  [0m[7m  [0m[7m  [0m[7m  [0m[49m  [0m[7m  [0m[49m  [0m[7m  [0m[7m  [0m[7m  [0m[7m  [0m[7m  [0m[7m  [0m[49m  [0m[49m  [0m[49m  [0m[7m  [0m[7m  [0m[49m  [0m[49m  [0m[49m  [0m[7m  [0m[49m  [0m[7m  [0m
[7m  [0m[49m  [0m[49m  [0m[49m  [0m[49m  [0m[49m  [0m[49m  [0m[49m  [0m[7m  [0m[49m  [0m[7m  [0m[7m  [0m[7m  [0m[49m  [0m[7m  [0m[49m  [0m[49m  [0m[49m  [0m[7m  [0m[49m  [0m[49m  [0m[49m  [0m[49m  [0m[7m  [0m[7m  [0m[49m  [0m[7m  [0m
[7m  [0m[7m  [0m[7m  [0m[7m  [0m[7m  [0m[7m  [0m[7m  [0m[7m  [0m[7m  [0m[7m  [0m[7m  [0m[7m  [0m[7m  [0m[7m  [0m[7m  [0m[7m  [0m[7m  [0m[7m  [0m[7m  [0m[7m  [0m[7m  [0m[7m  [0m[7m  [0m[7m  [0m[7m  [0m[7m  [0m[7m  [0m

ec8374280c14d9.lhr.life tunneled with tls termination, https://ec8374280c14d9.lhr.life
create an account and add your key for a longer lasting domain name. see https://localhost.run/docs/forever-free/ for more information.
Open your tunnel address on your mobile with this QR:

[7m  [0m[7m  [0m[7m  [0m[7m  [0m[7m  [0m[7m  [0m[7m  [0m[7m  [0m[7m  [0m[7m  [0m[7m  [0m[7m  [0m[7m  [0m[7m  [0m[7m  [0m[7m  [0m[7m  [0m[7m  [0m[7m  [0m[7m  [0m[7m  [0m[7m  [0m[7m  [0m[7m  [0m[7m  [0m[7m  [0m[7m  [0m
[7m  [0m[49m  [0m[49m  [0m[49m  [0m[49m  [0m[49m  [0m[49m  [0m[49m  [0m[7m  [0m[7m  [0m[7m  [0m[49m  [0m[7m  [0m[7m  [0m[49m  [0m[7m  [0m[7m  [0m[49m  [0m[7m  [0m[49m  [0m[49m  [0m[49m  [0m[49m  [0m[49m  [0m[49m  [0m[49m  [0m[7m  [0m
[7m  [0m[49m  [0m[7m  [0m[7m  [0m[7m  [0m[7m  [0m[7m  [0m[49m  [0m[7m  [0m[49m  [0m[49m  [0m[49m  [0m[7m  [0m[7m  [0m[7m  [0m[7m  [0m[49m  [0m[7m  [0m[7m  [0m[49m  [0m[7m  [0m[7m  [0m[7m  [0m[7m  [0m[7m  [0m[49m  [0m[7m  [0m
[7m  [0m[49m  [0m[7m  [0m[49m  [0m[49m  [0m[49m  [0m[7m  [0m[49m  [0m[7m  [0m[49m  [0m[7m  [0m[7m  [0m[7m  [0m[7m  [0m[49m  [0m[7m  [0m[49m  [0m[49m  [0m[7m  [0m[49m  [0m[7m  [0m[49m  [0m[49m  [0m[49m  [0m[7m  [0m[49m  [0m[7m  [0m
[7m  [0m[49m  [0m[7m  [0m[49m  [0m[49m  [0m[49m  [0m[7m  [0m[49m  [0m[7m  [0m[7m  [0m[49m  [0m[7m  [0m[7m  [0m[49m  [0m[7m  [0m[49m  [0m[7m  [0m[49m  [0m[7m  [0m[49m  [0m[7m  [0m[49m  [0m[49m  [0m[49m  [0m[7m  [0m[49m  [0m[7m  [0m
[7m  [0m[49m  [0m[7m  [0m[49m  [0m[49m  [0m[49m  [0m[7m  [0m[49m  [0m[7m  [0m[49m  [0m[49m  [0m[49m  [0m[7m  [0m[49m  [0m[7m  [0m[49m  [0m[49m  [0m[7m  [0m[7m  [0m[49m  [0m[7m  [0m[49m  [0m[49m  [0m[49m  [0m[7m  [0m[49m  [0m[7m  [0m
[7m  [0m[49m  [0m[7m  [0m[7m  [0m[7m  [0m[7m  [0m[7m  [0m[49m  [0m[7m  [0m[49m  [0m[7m  [0m[49m  [0m[7m  [0m[49m  [0m[7m  [0m[7m  [0m[7m  [0m[49m  [0m[7m  [0m[49m  [0m[7m  [0m[7m  [0m[7m  [0m[7m  [0m[7m  [0m[49m  [0m[7m  [0m
[7m  [0m[49m  [0m[49m  [0m[49m  [0m[49m  [0m[49m  [0m[49m  [0m[49m  [0m[7m  [0m[49m  [0m[7m  [0m[49m  [0m[7m  [0m[49m  [0m[7m  [0m[49m  [0m[7m  [0m[49m  [0m[7m  [0m[49m  [0m[49m  [0m[49m  [0m[49m  [0m[49m  [0m[49m  [0m[49m  [0m[7m  [0m
[7m  [0m[7m  [0m[7m  [0m[7m  [0m[7m  [0m[7m  [0m[7m  [0m[7m  [0m[7m  [0m[49m  [0m[7m  [0m[49m  [0m[49m  [0m[7m  [0m[49m  [0m[7m  [0m[7m  [0m[49m  [0m[7m  [0m[7m  [0m[7m  [0m[7m  [0m[7m  [0m[7m  [0m[7m  [0m[7m  [0m[7m  [0m
[7m  [0m[49m  [0m[49m  [0m[7m  [0m[49m  [0m[7m  [0m[7m  [0m[49m  [0m[49m  [0m[7m  [0m[7m  [0m[7m  [0m[49m  [0m[49m  [0m[49m  [0m[49m  [0m[49m  [0m[7m  [0m[7m  [0m[49m  [0m[49m  [0m[49m  [0m[7m  [0m[49m  [0m[49m  [0m[7m  [0m[7m  [0m
[7m  [0m[49m  [0m[7m  [0m[49m  [0m[7m  [0m[49m  [0m[7m  [0m[7m  [0m[49m  [0m[49m  [0m[49m  [0m[7m  [0m[49m  [0m[49m  [0m[7m  [0m[7m  [0m[7m  [0m[7m  [0m[7m  [0m[49m  [0m[7m  [0m[49m  [0m[7m  [0m[7m  [0m[49m  [0m[49m  [0m[7m  [0m
[7m  [0m[7m  [0m[7m  [0m[7m  [0m[7m  [0m[7m  [0m[7m  [0m[49m  [0m[7m  [0m[49m  [0m[7m  [0m[7m  [0m[49m  [0m[49m  [0m[49m  [0m[7m  [0m[49m  [0m[7m  [0m[49m  [0m[7m  [0m[49m  [0m[49m  [0m[49m  [0m[7m  [0m[49m  [0m[49m  [0m[7m  [0m
[7m  [0m[49m  [0m[49m  [0m[49m  [0m[7m  [0m[49m  [0m[49m  [0m[7m  [0m[7m  [0m[49m  [0m[49m  [0m[49m  [0m[49m  [0m[49m  [0m[7m  [0m[49m  [0m[49m  [0m[49m  [0m[7m  [0m[7m  [0m[7m  [0m[49m  [0m[7m  [0m[7m  [0m[7m  [0m[49m  [0m[7m  [0m
[7m  [0m[7m  [0m[49m  [0m[7m  [0m[49m  [0m[7m  [0m[7m  [0m[49m  [0m[7m  [0m[49m  [0m[7m  [0m[49m  [0m[49m  [0m[7m  [0m[49m  [0m[7m  [0m[7m  [0m[7m  [0m[7m  [0m[49m  [0m[7m  [0m[7m  [0m[7m  [0m[49m  [0m[7m  [0m[7m  [0m[7m  [0m
[7m  [0m[7m  [0m[7m  [0m[7m  [0m[49m  [0m[49m  [0m[49m  [0m[7m  [0m[49m  [0m[49m  [0m[49m  [0m[7m  [0m[49m  [0m[7m  [0m[7m  [0m[7m  [0m[49m  [0m[49m  [0m[7m  [0m[49m  [0m[49m  [0m[7m  [0m[7m  [0m[49m  [0m[49m  [0m[49m  [0m[7m  [0m
[7m  [0m[49m  [0m[7m  [0m[7m  [0m[7m  [0m[49m  [0m[49m  [0m[49m  [0m[7m  [0m[49m  [0m[49m  [0m[49m  [0m[49m  [0m[7m  [0m[7m  [0m[49m  [0m[49m  [0m[49m  [0m[49m  [0m[49m  [0m[49m  [0m[7m  [0m[7m  [0m[7m  [0m[49m  [0m[7m  [0m[7m  [0m
[7m  [0m[7m  [0m[49m  [0m[49m  [0m[49m  [0m[49m  [0m[7m  [0m[7m  [0m[49m  [0m[49m  [0m[49m  [0m[49m  [0m[49m  [0m[7m  [0m[7m  [0m[7m  [0m[7m  [0m[7m  [0m[7m  [0m[7m  [0m[7m  [0m[49m  [0m[49m  [0m[7m  [0m[7m  [0m[7m  [0m[7m  [0m
[7m  [0m[49m  [0m[49m  [0m[49m  [0m[7m  [0m[7m  [0m[49m  [0m[49m  [0m[49m  [0m[7m  [0m[7m  [0m[49m  [0m[7m  [0m[49m  [0m[7m  [0m[7m  [0m[7m  [0m[49m  [0m[49m  [0m[49m  [0m[49m  [0m[49m  [0m[49m  [0m[49m  [0m[7m  [0m[49m  [0m[7m  [0m
[7m  [0m[7m  [0m[7m  [0m[7m  [0m[7m  [0m[7m  [0m[7m  [0m[7m  [0m[7m  [0m[49m  [0m[7m  [0m[49m  [0m[7m  [0m[49m  [0m[49m  [0m[49m  [0m[49m  [0m[49m  [0m[7m  [0m[7m  [0m[7m  [0m[49m  [0m[7m  [0m[49m  [0m[49m  [0m[49m  [0m[7m  [0m
[7m  [0m[49m  [0m[49m  [0m[49m  [0m[49m  [0m[49m  [0m[49m  [0m[49m  [0m[7m  [0m[49m  [0m[7m  [0m[7m  [0m[49m  [0m[49m  [0m[7m  [0m[49m  [0m[49m  [0m[49m  [0m[7m  [0m[49m  [0m[7m  [0m[49m  [0m[49m  [0m[49m  [0m[7m  [0m[7m  [0m[7m  [0m
[7m  [0m[49m  [0m[7m  [0m[7m  [0m[7m  [0m[7m  [0m[7m  [0m[49m  [0m[7m  [0m[7m  [0m[7m  [0m[7m  [0m[7m  [0m[49m  [0m[7m  [0m[7m  [0m[7m  [0m[49m  [0m[7m  [0m[7m  [0m[7m  [0m[49m  [0m[7m  [0m[7m  [0m[7m  [0m[49m  [0m[7m  [0m
[7m  [0m[49m  [0m[7m  [0m[49m  [0m[49m  [0m[49m  [0m[7m  [0m[49m  [0m[7m  [0m[7m  [0m[49m  [0m[49m  [0m[7m  [0m[7m  [0m[7m  [0m[7m  [0m[7m  [0m[49m  [0m[49m  [0m[49m  [0m[49m  [0m[49m  [0m[49m  [0m[49m  [0m[7m  [0m[7m  [0m[7m  [0m
[7m  [0m[49m  [0m[7m  [0m[49m  [0m[49m  [0m[49m  [0m[7m  [0m[49m  [0m[7m  [0m[49m  [0m[7m  [0m[49m  [0m[49m  [0m[7m  [0m[7m  [0m[7m  [0m[49m  [0m[7m  [0m[49m  [0m[7m  [0m[49m  [0m[49m  [0m[49m  [0m[7m  [0m[49m  [0m[7m  [0m[7m  [0m
[7m  [0m[49m  [0m[7m  [0m[49m  [0m[49m  [0m[49m  [0m[7m  [0m[49m  [0m[7m  [0m[7m  [0m[49m  [0m[7m  [0m[7m  [0m[7m  [0m[7m  [0m[7m  [0m[7m  [0m[7m  [0m[7m  [0m[49m  [0m[49m  [0m[49m  [0m[7m  [0m[49m  [0m[7m  [0m[49m  [0m[7m  [0m
[7m  [0m[49m  [0m[7m  [0m[7m  [0m[7m  [0m[7m  [0m[7m  [0m[49m  [0m[7m  [0m[49m  [0m[49m  [0m[7m  [0m[7m  [0m[7m  [0m[7m  [0m[49m  [0m[49m  [0m[7m  [0m[7m  [0m[7m  [0m[49m  [0m[7m  [0m[49m  [0m[49m  [0m[7m  [0m[49m  [0m[7m  [0m
[7m  [0m[49m  [0m[49m  [0m[49m  [0m[49m  [0m[49m  [0m[49m  [0m[49m  [0m[7m  [0m[49m  [0m[7m  [0m[49m  [0m[7m  [0m[49m  [0m[7m  [0m[7m  [0m[49m  [0m[7m  [0m[7m  [0m[49m  [0m[7m  [0m[49m  [0m[7m  [0m[49m  [0m[7m  [0m[49m  [0m[7m  [0m
[7m  [0m[7m  [0m[7m  [0m[7m  [0m[7m  [0m[7m  [0m[7m  [0m[7m  [0m[7m  [0m[7m  [0m[7m  [0m[7m  [0m[7m  [0m[7m  [0m[7m  [0m[7m  [0m[7m  [0m[7m  [0m[7m  [0m[7m  [0m[7m  [0m[7m  [0m[7m  [0m[7m  [0m[7m  [0m[7m  [0m[7m  [0m

dfeef3d15e39c8.lhr.life tunneled with tls termination, https://dfeef3d15e39c8.lhr.life
create an account and add your key for a longer lasting domain name. see https://localhost.run/docs/forever-free/ for more information.
Open your tunnel address on your mobile with this QR:

[7m  [0m[7m  [0m[7m  [0m[7m  [0m[7m  [0m[7m  [0m[7m  [0m[7m  [0m[7m  [0m[7m  [0m[7m  [0m[7m  [0m[7m  [0m[7m  [0m[7m  [0m[7m  [0m[7m  [0m[7m  [0m[7m  [0m[7m  [0m[7m  [0m[7m  [0m[7m  [0m[7m  [0m[7m  [0m[7m  [0m[7m  [0m
[7m  [0m[49m  [0m[49m  [0m[49m  [0m[49m  [0m[49m  [0m[49m  [0m[49m  [0m[7m  [0m[7m  [0m[7m  [0m[49m  [0m[7m  [0m[7m  [0m[49m  [0m[7m  [0m[7m  [0m[49m  [0m[7m  [0m[49m  [0m[49m  [0m[49m  [0m[49m  [0m[49m  [0m[49m  [0m[49m  [0m[7m  [0m
[7m  [0m[49m  [0m[7m  [0m[7m  [0m[7m  [0m[7m  [0m[7m  [0m[49m  [0m[7m  [0m[49m  [0m[49m  [0m[49m  [0m[7m  [0m[7m  [0m[7m  [0m[7m  [0m[49m  [0m[7m  [0m[7m  [0m[49m  [0m[7m  [0m[7m  [0m[7m  [0m[7m  [0m[7m  [0m[49m  [0m[7m  [0m
[7m  [0m[49m  [0m[7m  [0m[49m  [0m[49m  [0m[49m  [0m[7m  [0m[49m  [0m[7m  [0m[49m  [0m[7m  [0m[7m  [0m[7m  [0m[7m  [0m[49m  [0m[7m  [0m[49m  [0m[49m  [0m[7m  [0m[49m  [0m[7m  [0m[49m  [0m[49m  [0m[49m  [0m[7m  [0m[49m  [0m[7m  [0m
[7m  [0m[49m  [0m[7m  [0m[49m  [0m[49m  [0m[49m  [0m[7m  [0m[49m  [0m[7m  [0m[7m  [0m[49m  [0m[7m  [0m[7m  [0m[49m  [0m[7m  [0m[49m  [0m[7m  [0m[49m  [0m[7m  [0m[49m  [0m[7m  [0m[49m  [0m[49m  [0m[49m  [0m[7m  [0m[49m  [0m[7m  [0m
[7m  [0m[49m  [0m[7m  [0m[49m  [0m[49m  [0m[49m  [0m[7m  [0m[49m  [0m[7m  [0m[49m  [0m[49m  [0m[49m  [0m[7m  [0m[49m  [0m[7m  [0m[49m  [0m[49m  [0m[7m  [0m[7m  [0m[49m  [0m[7m  [0m[49m  [0m[49m  [0m[49m  [0m[7m  [0m[49m  [0m[7m  [0m
[7m  [0m[49m  [0m[7m  [0m[7m  [0m[7m  [0m[7m  [0m[7m  [0m[49m  [0m[7m  [0m[49m  [0m[7m  [0m[49m  [0m[7m  [0m[49m  [0m[7m  [0m[7m  [0m[7m  [0m[49m  [0m[7m  [0m[49m  [0m[7m  [0m[7m  [0m[7m  [0m[7m  [0m[7m  [0m[49m  [0m[7m  [0m
[7m  [0m[49m  [0m[49m  [0m[49m  [0m[49m  [0m[49m  [0m[49m  [0m[49m  [0m[7m  [0m[49m  [0m[7m  [0m[49m  [0m[7m  [0m[49m  [0m[7m  [0m[49m  [0m[7m  [0m[49m  [0m[7m  [0m[49m  [0m[49m  [0m[49m  [0m[49m  [0m[49m  [0m[49m  [0m[49m  [0m[7m  [0m
[7m  [0m[7m  [0m[7m  [0m[7m  [0m[7m  [0m[7m  [0m[7m  [0m[7m  [0m[7m  [0m[49m  [0m[7m  [0m[49m  [0m[49m  [0m[7m  [0m[49m  [0m[7m  [0m[7m  [0m[49m  [0m[7m  [0m[7m  [0m[7m  [0m[7m  [0m[7m  [0m[7m  [0m[7m  [0m[7m  [0m[7m  [0m
[7m  [0m[49m  [0m[49m  [0m[7m  [0m[49m  [0m[7m  [0m[7m  [0m[49m  [0m[49m  [0m[7m  [0m[7m  [0m[7m  [0m[49m  [0m[49m  [0m[49m  [0m[49m  [0m[49m  [0m[7m  [0m[7m  [0m[49m  [0m[49m  [0m[49m  [0m[7m  [0m[49m  [0m[49m  [0m[7m  [0m[7m  [0m
[7m  [0m[7m  [0m[49m  [0m[49m  [0m[7m  [0m[7m  [0m[7m  [0m[7m  [0m[7m  [0m[7m  [0m[49m  [0m[7m  [0m[49m  [0m[49m  [0m[7m  [0m[7m  [0m[7m  [0m[7m  [0m[7m  [0m[7m  [0m[49m  [0m[49m  [0m[7m  [0m[7m  [0m[49m  [0m[49m  [0m[7m  [0m
[7m  [0m[7m  [0m[7m  [0m[49m  [0m[49m  [0m[49m  [0m[7m  [0m[49m  [0m[7m  [0m[49m  [0m[7m  [0m[7m  [0m[49m  [0m[49m  [0m[49m  [0m[7m  [0m[7m  [0m[49m  [0m[7m  [0m[7m  [0m[49m  [0m[7m  [0m[49m  [0m[7m  [0m[49m  [0m[49m  [0m[7m  [0m
[7m  [0m[49m  [0m[7m  [0m[7m  [0m[49m  [0m[49m  [0m[49m  [0m[7m  [0m[49m  [0m[7m  [0m[49m  [0m[49m  [0m[49m  [0m[49m  [0m[7m  [0m[49m  [0m[49m  [0m[7m  [0m[49m  [0m[7m  [0m[49m  [0m[7m  [0m[7m  [0m[7m  [0m[7m  [0m[49m  [0m[7m  [0m
[7m  [0m[7m  [0m[49m  [0m[49m  [0m[7m  [0m[49m  [0m[49m  [0m[49m  [0m[7m  [0m[49m  [0m[7m  [0m[49m  [0m[49m  [0m[7m  [0m[49m  [0m[7m  [0m[49m  [0m[49m  [0m[7m  [0m[49m  [0m[7m  [0m[49m  [0m[7m  [0m[49m  [0m[7m  [0m[7m  [0m[7m  [0m
[7m  [0m[7m  [0m[49m  [0m[7m  [0m[7m  [0m[49m  [0m[49m  [0m[7m  [0m[7m  [0m[7m  [0m[49m  [0m[7m  [0m[49m  [0m[7m  [0m[7m  [0m[7m  [0m[49m  [0m[49m  [0m[49m  [0m[49m  [0m[7m  [0m[49m  [0m[7m  [0m[49m  [0m[49m  [0m[49m  [0m[7m  [0m
[7m  [0m[49m  [0m[7m  [0m[7m  [0m[7m  [0m[7m  [0m[49m  [0m[49m  [0m[49m  [0m[7m  [0m[7m  [0m[7m  [0m[49m  [0m[7m  [0m[7m  [0m[49m  [0m[49m  [0m[49m  [0m[7m  [0m[49m  [0m[7m  [0m[7m  [0m[7m  [0m[7m  [0m[49m  [0m[7m  [0m[7m  [0m
[7m  [0m[7m  [0m[49m  [0m[7m  [0m[7m  [0m[49m  [0m[49m  [0m[7m  [0m[49m  [0m[7m  [0m[7m  [0m[7m  [0m[49m  [0m[7m  [0m[7m  [0m[7m  [0m[49m  [0m[7m  [0m[7m  [0m[7m  [0m[49m  [0m[7m  [0m[49m  [0m[7m  [0m[7m  [0m[7m  [0m[7m  [0m
[7m  [0m[49m  [0m[49m  [0m[49m  [0m[49m  [0m[7m  [0m[49m  [0m[49m  [0m[7m  [0m[49m  [0m[7m  [0m[49m  [0m[7m  [0m[49m  [0m[7m  [0m[7m  [0m[7m  [0m[49m  [0m[49m  [0m[49m  [0m[49m  [0m[49m  [0m[49m  [0m[49m  [0m[7m  [0m[49m  [0m[7m  [0m
[7m  [0m[7m  [0m[7m  [0m[7m  [0m[7m  [0m[7m  [0m[7m  [0m[7m  [0m[7m  [0m[49m  [0m[7m  [0m[7m  [0m[7m  [0m[49m  [0m[49m  [0m[49m  [0m[49m  [0m[49m  [0m[7m  [0m[7m  [0m[7m  [0m[49m  [0m[7m  [0m[49m  [0m[49m  [0m[49m  [0m[7m  [0m
[7m  [0m[49m  [0m[49m  [0m[49m  [0m[49m  [0m[49m  [0m[49m  [0m[49m  [0m[7m  [0m[49m  [0m[7m  [0m[49m  [0m[49m  [0m[49m  [0m[7m  [0m[49m  [0m[49m  [0m[49m  [0m[7m  [0m[49m  [0m[7m  [0m[49m  [0m[49m  [0m[49m  [0m[7m  [0m[7m  [0m[7m  [0m
[7m  [0m[49m  [0m[7m  [0m[7m  [0m[7m  [0m[7m  [0m[7m  [0m[49m  [0m[7m  [0m[7m  [0m[7m  [0m[7m  [0m[7m  [0m[49m  [0m[7m  [0m[7m  [0m[49m  [0m[49m  [0m[7m  [0m[7m  [0m[7m  [0m[49m  [0m[7m  [0m[7m  [0m[7m  [0m[49m  [0m[7m  [0m
[7m  [0m[49m  [0m[7m  [0m[49m  [0m[49m  [0m[49m  [0m[7m  [0m[49m  [0m[7m  [0m[7m  [0m[49m  [0m[7m  [0m[7m  [0m[7m  [0m[7m  [0m[7m  [0m[7m  [0m[49m  [0m[49m  [0m[49m  [0m[49m  [0m[49m  [0m[49m  [0m[49m  [0m[7m  [0m[7m  [0m[7m  [0m
[7m  [0m[49m  [0m[7m  [0m[49m  [0m[49m  [0m[49m  [0m[7m  [0m[49m  [0m[7m  [0m[49m  [0m[49m  [0m[7m  [0m[49m  [0m[7m  [0m[7m  [0m[7m  [0m[7m  [0m[7m  [0m[49m  [0m[7m  [0m[7m  [0m[7m  [0m[49m  [0m[7m  [0m[49m  [0m[7m  [0m[7m  [0m
[7m  [0m[49m  [0m[7m  [0m[49m  [0m[49m  [0m[49m  [0m[7m  [0m[49m  [0m[7m  [0m[7m  [0m[49m  [0m[7m  [0m[7m  [0m[7m  [0m[7m  [0m[7m  [0m[7m  [0m[7m  [0m[7m  [0m[49m  [0m[7m  [0m[49m  [0m[7m  [0m[49m  [0m[7m  [0m[49m  [0m[7m  [0m
[7m  [0m[49m  [0m[7m  [0m[7m  [0m[7m  [0m[7m  [0m[7m  [0m[49m  [0m[7m  [0m[49m  [0m[49m  [0m[49m  [0m[7m  [0m[7m  [0m[7m  [0m[49m  [0m[7m  [0m[49m  [0m[49m  [0m[49m  [0m[49m  [0m[49m  [0m[7m  [0m[7m  [0m[7m  [0m[49m  [0m[7m  [0m
[7m  [0m[49m  [0m[49m  [0m[49m  [0m[49m  [0m[49m  [0m[49m  [0m[49m  [0m[7m  [0m[49m  [0m[49m  [0m[49m  [0m[7m  [0m[49m  [0m[7m  [0m[7m  [0m[49m  [0m[7m  [0m[7m  [0m[7m  [0m[7m  [0m[7m  [0m[49m  [0m[49m  [0m[7m  [0m[49m  [0m[7m  [0m
[7m  [0m[7m  [0m[7m  [0m[7m  [0m[7m  [0m[7m  [0m[7m  [0m[7m  [0m[7m  [0m[7m  [0m[7m  [0m[7m  [0m[7m  [0m[7m  [0m[7m  [0m[7m  [0m[7m  [0m[7m  [0m[7m  [0m[7m  [0m[7m  [0m[7m  [0m[7m  [0m[7m  [0m[7m  [0m[7m  [0m[7m  [0m

7a57bd57943001.lhr.life tunneled with tls termination, https://7a57bd57943001.lhr.life
create an account and add your key for a longer lasting domain name. see https://localhost.run/docs/forever-free/ for more information.
Open your tunnel address on your mobile with this QR:

[7m  [0m[7m  [0m[7m  [0m[7m  [0m[7m  [0m[7m  [0m[7m  [0m[7m  [0m[7m  [0m[7m  [0m[7m  [0m[7m  [0m[7m  [0m[7m  [0m[7m  [0m[7m  [0m[7m  [0m[7m  [0m[7m  [0m[7m  [0m[7m  [0m[7m  [0m[7m  [0m[7m  [0m[7m  [0m[7m  [0m[7m  [0m
[7m  [0m[49m  [0m[49m  [0m[49m  [0m[49m  [0m[49m  [0m[49m  [0m[49m  [0m[7m  [0m[7m  [0m[7m  [0m[49m  [0m[7m  [0m[7m  [0m[49m  [0m[7m  [0m[7m  [0m[49m  [0m[7m  [0m[49m  [0m[49m  [0m[49m  [0m[49m  [0m[49m  [0m[49m  [0m[49m  [0m[7m  [0m
[7m  [0m[49m  [0m[7m  [0m[7m  [0m[7m  [0m[7m  [0m[7m  [0m[49m  [0m[7m  [0m[7m  [0m[49m  [0m[7m  [0m[7m  [0m[7m  [0m[49m  [0m[7m  [0m[49m  [0m[49m  [0m[7m  [0m[49m  [0m[7m  [0m[7m  [0m[7m  [0m[7m  [0m[7m  [0m[49m  [0m[7m  [0m
[7m  [0m[49m  [0m[7m  [0m[49m  [0m[49m  [0m[49m  [0m[7m  [0m[49m  [0m[7m  [0m[49m  [0m[7m  [0m[7m  [0m[49m  [0m[7m  [0m[49m  [0m[49m  [0m[49m  [0m[49m  [0m[7m  [0m[49m  [0m[7m  [0m[49m  [0m[49m  [0m[49m  [0m[7m  [0m[49m  [0m[7m  [0m
[7m  [0m[49m  [0m[7m  [0m[49m  [0m[49m  [0m[49m  [0m[7m  [0m[49m  [0m[7m  [0m[7m  [0m[49m  [0m[7m  [0m[7m  [0m[49m  [0m[7m  [0m[49m  [0m[7m  [0m[49m  [0m[7m  [0m[49m  [0m[7m  [0m[49m  [0m[49m  [0m[49m  [0m[7m  [0m[49m  [0m[7m  [0m
[7m  [0m[49m  [0m[7m  [0m[49m  [0m[49m  [0m[49m  [0m[7m  [0m[49m  [0m[7m  [0m[7m  [0m[49m  [0m[7m  [0m[7m  [0m[49m  [0m[49m  [0m[49m  [0m[49m  [0m[49m  [0m[7m  [0m[49m  [0m[7m  [0m[49m  [0m[49m  [0m[49m  [0m[7m  [0m[49m  [0m[7m  [0m
[7m  [0m[49m  [0m[7m  [0m[7m  [0m[7m  [0m[7m  [0m[7m  [0m[49m  [0m[7m  [0m[7m  [0m[7m  [0m[49m  [0m[49m  [0m[49m  [0m[7m  [0m[49m  [0m[7m  [0m[49m  [0m[7m  [0m[49m  [0m[7m  [0m[7m  [0m[7m  [0m[7m  [0m[7m  [0m[49m  [0m[7m  [0m
[7m  [0m[49m  [0m[49m  [0m[49m  [0m[49m  [0m[49m  [0m[49m  [0m[49m  [0m[7m  [0m[49m  [0m[7m  [0m[49m  [0m[7m  [0m[49m  [0m[7m  [0m[49m  [0m[7m  [0m[49m  [0m[7m  [0m[49m  [0m[49m  [0m[49m  [0m[49m  [0m[49m  [0m[49m  [0m[49m  [0m[7m  [0m
[7m  [0m[7m  [0m[7m  [0m[7m  [0m[7m  [0m[7m  [0m[7m  [0m[7m  [0m[7m  [0m[49m  [0m[7m  [0m[7m  [0m[49m  [0m[7m  [0m[7m  [0m[7m  [0m[7m  [0m[7m  [0m[7m  [0m[7m  [0m[7m  [0m[7m  [0m[7m  [0m[7m  [0m[7m  [0m[7m  [0m[7m  [0m
[7m  [0m[49m  [0m[49m  [0m[49m  [0m[7m  [0m[49m  [0m[49m  [0m[49m  [0m[49m  [0m[49m  [0m[7m  [0m[7m  [0m[7m  [0m[49m  [0m[49m  [0m[7m  [0m[49m  [0m[7m  [0m[49m  [0m[49m  [0m[7m  [0m[7m  [0m[7m  [0m[49m  [0m[7m  [0m[7m  [0m[7m  [0m
[7m  [0m[49m  [0m[7m  [0m[49m  [0m[49m  [0m[49m  [0m[49m  [0m[7m  [0m[49m  [0m[7m  [0m[49m  [0m[7m  [0m[49m  [0m[49m  [0m[7m  [0m[7m  [0m[7m  [0m[49m  [0m[7m  [0m[49m  [0m[7m  [0m[49m  [0m[7m  [0m[7m  [0m[49m  [0m[49m  [0m[7m  [0m
[7m  [0m[7m  [0m[49m  [0m[7m  [0m[49m  [0m[7m  [0m[7m  [0m[49m  [0m[7m  [0m[7m  [0m[7m  [0m[49m  [0m[49m  [0m[49m  [0m[7m  [0m[7m  [0m[7m  [0m[49m  [0m[7m  [0m[49m  [0m[49m  [0m[7m  [0m[49m  [0m[49m  [0m[49m  [0m[49m  [0m[7m  [0m
[7m  [0m[49m  [0m[49m  [0m[49m  [0m[7m  [0m[7m  [0m[49m  [0m[7m  [0m[49m  [0m[49m  [0m[49m  [0m[49m  [0m[7m  [0m[49m  [0m[7m  [0m[7m  [0m[49m  [0m[7m  [0m[49m  [0m[7m  [0m[7m  [0m[7m  [0m[7m  [0m[7m  [0m[49m  [0m[49m  [0m[7m  [0m
[7m  [0m[49m  [0m[49m  [0m[7m  [0m[7m  [0m[7m  [0m[7m  [0m[49m  [0m[7m  [0m[49m  [0m[7m  [0m[49m  [0m[49m  [0m[7m  [0m[49m  [0m[7m  [0m[7m  [0m[49m  [0m[49m  [0m[49m  [0m[7m  [0m[49m  [0m[7m  [0m[49m  [0m[7m  [0m[7m  [0m[7m  [0m
[7m  [0m[7m  [0m[7m  [0m[49m  [0m[7m  [0m[49m  [0m[7m  [0m[7m  [0m[7m  [0m[7m  [0m[49m  [0m[49m  [0m[49m  [0m[7m  [0m[49m  [0m[7m  [0m[49m  [0m[7m  [0m[7m  [0m[49m  [0m[49m  [0m[7m  [0m[7m  [0m[7m  [0m[49m  [0m[49m  [0m[7m  [0m
[7m  [0m[49m  [0m[7m  [0m[49m  [0m[7m  [0m[49m  [0m[7m  [0m[49m  [0m[49m  [0m[49m  [0m[49m  [0m[7m  [0m[7m  [0m[7m  [0m[7m  [0m[7m  [0m[7m  [0m[49m  [0m[49m  [0m[49m  [0m[49m  [0m[49m  [0m[7m  [0m[7m  [0m[7m  [0m[7m  [0m[7m  [0m
[7m  [0m[7m  [0m[49m  [0m[49m  [0m[7m  [0m[7m  [0m[7m  [0m[7m  [0m[49m  [0m[49m  [0m[49m  [0m[7m  [0m[49m  [0m[7m  [0m[7m  [0m[7m  [0m[7m  [0m[49m  [0m[49m  [0m[7m  [0m[7m  [0m[49m  [0m[49m  [0m[7m  [0m[7m  [0m[7m  [0m[7m  [0m
[7m  [0m[49m  [0m[7m  [0m[49m  [0m[49m  [0m[7m  [0m[49m  [0m[49m  [0m[49m  [0m[7m  [0m[7m  [0m[49m  [0m[7m  [0m[49m  [0m[49m  [0m[7m  [0m[49m  [0m[49m  [0m[49m  [0m[49m  [0m[49m  [0m[49m  [0m[49m  [0m[7m  [0m[7m  [0m[49m  [0m[7m  [0m
[7m  [0m[7m  [0m[7m  [0m[7m  [0m[7m  [0m[7m  [0m[7m  [0m[7m  [0m[7m  [0m[49m  [0m[7m  [0m[7m  [0m[49m  [0m[49m  [0m[49m  [0m[7m  [0m[49m  [0m[49m  [0m[7m  [0m[7m  [0m[7m  [0m[49m  [0m[7m  [0m[49m  [0m[7m  [0m[49m  [0m[7m  [0m
[7m  [0m[49m  [0m[49m  [0m[49m  [0m[49m  [0m[49m  [0m[49m  [0m[49m  [0m[7m  [0m[49m  [0m[49m  [0m[7m  [0m[49m  [0m[49m  [0m[7m  [0m[49m  [0m[7m  [0m[49m  [0m[7m  [0m[49m  [0m[7m  [0m[49m  [0m[49m  [0m[49m  [0m[7m  [0m[7m  [0m[7m  [0m
[7m  [0m[49m  [0m[7m  [0m[7m  [0m[7m  [0m[7m  [0m[7m  [0m[49m  [0m[7m  [0m[49m  [0m[7m  [0m[7m  [0m[7m  [0m[49m  [0m[49m  [0m[7m  [0m[49m  [0m[49m  [0m[7m  [0m[7m  [0m[7m  [0m[49m  [0m[7m  [0m[49m  [0m[7m  [0m[49m  [0m[7m  [0m
[7m  [0m[49m  [0m[7m  [0m[49m  [0m[49m  [0m[49m  [0m[7m  [0m[49m  [0m[7m  [0m[49m  [0m[7m  [0m[49m  [0m[49m  [0m[7m  [0m[7m  [0m[49m  [0m[7m  [0m[49m  [0m[49m  [0m[49m  [0m[49m  [0m[49m  [0m[49m  [0m[49m  [0m[49m  [0m[7m  [0m[7m  [0m
[7m  [0m[49m  [0m[7m  [0m[49m  [0m[49m  [0m[49m  [0m[7m  [0m[49m  [0m[7m  [0m[7m  [0m[49m  [0m[49m  [0m[49m  [0m[7m  [0m[7m  [0m[7m  [0m[7m  [0m[7m  [0m[49m  [0m[7m  [0m[7m  [0m[7m  [0m[49m  [0m[7m  [0m[49m  [0m[7m  [0m[7m  [0m
[7m  [0m[49m  [0m[7m  [0m[49m  [0m[49m  [0m[49m  [0m[7m  [0m[49m  [0m[7m  [0m[49m  [0m[7m  [0m[49m  [0m[7m  [0m[7m  [0m[49m  [0m[7m  [0m[7m  [0m[49m  [0m[49m  [0m[49m  [0m[7m  [0m[49m  [0m[49m  [0m[49m  [0m[7m  [0m[49m  [0m[7m  [0m
[7m  [0m[49m  [0m[7m  [0m[7m  [0m[7m  [0m[7m  [0m[7m  [0m[49m  [0m[7m  [0m[49m  [0m[7m  [0m[7m  [0m[49m  [0m[7m  [0m[7m  [0m[7m  [0m[7m  [0m[7m  [0m[49m  [0m[49m  [0m[7m  [0m[7m  [0m[7m  [0m[7m  [0m[49m  [0m[49m  [0m[7m  [0m
[7m  [0m[49m  [0m[49m  [0m[49m  [0m[49m  [0m[49m  [0m[49m  [0m[49m  [0m[7m  [0m[49m  [0m[49m  [0m[7m  [0m[7m  [0m[49m  [0m[7m  [0m[7m  [0m[7m  [0m[7m  [0m[49m  [0m[49m  [0m[49m  [0m[49m  [0m[7m  [0m[49m  [0m[7m  [0m[49m  [0m[7m  [0m
[7m  [0m[7m  [0m[7m  [0m[7m  [0m[7m  [0m[7m  [0m[7m  [0m[7m  [0m[7m  [0m[7m  [0m[7m  [0m[7m  [0m[7m  [0m[7m  [0m[7m  [0m[7m  [0m[7m  [0m[7m  [0m[7m  [0m[7m  [0m[7m  [0m[7m  [0m[7m  [0m[7m  [0m[7m  [0m[7m  [0m[7m  [0m

3bd61415b46429.lhr.life tunneled with tls termination, https://3bd61415b46429.lhr.life
create an account and add your key for a longer lasting domain name. see https://localhost.run/docs/forever-free/ for more information.
Open your tunnel address on your mobile with this QR:

[7m  [0m[7m  [0m[7m  [0m[7m  [0m[7m  [0m[7m  [0m[7m  [0m[7m  [0m[7m  [0m[7m  [0m[7m  [0m[7m  [0m[7m  [0m[7m  [0m[7m  [0m[7m  [0m[7m  [0m[7m  [0m[7m  [0m[7m  [0m[7m  [0m[7m  [0m[7m  [0m[7m  [0m[7m  [0m[7m  [0m[7m  [0m
[7m  [0m[49m  [0m[49m  [0m[49m  [0m[49m  [0m[49m  [0m[49m  [0m[49m  [0m[7m  [0m[49m  [0m[49m  [0m[7m  [0m[7m  [0m[7m  [0m[49m  [0m[49m  [0m[49m  [0m[7m  [0m[7m  [0m[49m  [0m[49m  [0m[49m  [0m[49m  [0m[49m  [0m[49m  [0m[49m  [0m[7m  [0m
[7m  [0m[49m  [0m[7m  [0m[7m  [0m[7m  [0m[7m  [0m[7m  [0m[49m  [0m[7m  [0m[7m  [0m[7m  [0m[7m  [0m[7m  [0m[7m  [0m[7m  [0m[49m  [0m[7m  [0m[49m  [0m[7m  [0m[49m  [0m[7m  [0m[7m  [0m[7m  [0m[7m  [0m[7m  [0m[49m  [0m[7m  [0m
[7m  [0m[49m  [0m[7m  [0m[49m  [0m[49m  [0m[49m  [0m[7m  [0m[49m  [0m[7m  [0m[49m  [0m[7m  [0m[7m  [0m[49m  [0m[49m  [0m[7m  [0m[7m  [0m[49m  [0m[49m  [0m[7m  [0m[49m  [0m[7m  [0m[49m  [0m[49m  [0m[49m  [0m[7m  [0m[49m  [0m[7m  [0m
[7m  [0m[49m  [0m[7m  [0m[49m  [0m[49m  [0m[49m  [0m[7m  [0m[49m  [0m[7m  [0m[49m  [0m[49m  [0m[7m  [0m[49m  [0m[7m  [0m[49m  [0m[49m  [0m[7m  [0m[49m  [0m[7m  [0m[49m  [0m[7m  [0m[49m  [0m[49m  [0m[49m  [0m[7m  [0m[49m  [0m[7m  [0m
[7m  [0m[49m  [0m[7m  [0m[49m  [0m[49m  [0m[49m  [0m[7m  [0m[49m  [0m[7m  [0m[49m  [0m[49m  [0m[49m  [0m[49m  [0m[7m  [0m[49m  [0m[49m  [0m[49m  [0m[7m  [0m[7m  [0m[49m  [0m[7m  [0m[49m  [0m[49m  [0m[49m  [0m[7m  [0m[49m  [0m[7m  [0m
[7m  [0m[49m  [0m[7m  [0m[7m  [0m[7m  [0m[7m  [0m[7m  [0m[49m  [0m[7m  [0m[7m  [0m[49m  [0m[7m  [0m[7m  [0m[49m  [0m[7m  [0m[49m  [0m[49m  [0m[7m  [0m[7m  [0m[49m  [0m[7m  [0m[7m  [0m[7m  [0m[7m  [0m[7m  [0m[49m  [0m[7m  [0m
[7m  [0m[49m  [0m[49m  [0m[49m  [0m[49m  [0m[49m  [0m[49m  [0m[49m  [0m[7m  [0m[49m  [0m[7m  [0m[49m  [0m[7m  [0m[49m  [0m[7m  [0m[49m  [0m[7m  [0m[49m  [0m[7m  [0m[49m  [0m[49m  [0m[49m  [0m[49m  [0m[49m  [0m[49m  [0m[49m  [0m[7m  [0m
[7m  [0m[7m  [0m[7m  [0m[7m  [0m[7m  [0m[7m  [0m[7m  [0m[7m  [0m[7m  [0m[7m  [0m[49m  [0m[7m  [0m[49m  [0m[7m  [0m[49m  [0m[49m  [0m[49m  [0m[7m  [0m[7m  [0m[7m  [0m[7m  [0m[7m  [0m[7m  [0m[7m  [0m[7m  [0m[7m  [0m[7m  [0m
[7m  [0m[49m  [0m[49m  [0m[49m  [0m[49m  [0m[7m  [0m[7m  [0m[49m  [0m[7m  [0m[49m  [0m[7m  [0m[7m  [0m[7m  [0m[7m  [0m[7m  [0m[49m  [0m[49m  [0m[7m  [0m[49m  [0m[7m  [0m[7m  [0m[49m  [0m[49m  [0m[49m  [0m[7m  [0m[49m  [0m[7m  [0m
[7m  [0m[49m  [0m[49m  [0m[49m  [0m[7m  [0m[7m  [0m[49m  [0m[7m  [0m[7m  [0m[49m  [0m[49m  [0m[7m  [0m[7m  [0m[7m  [0m[49m  [0m[7m  [0m[7m  [0m[49m  [0m[7m  [0m[49m  [0m[49m  [0m[49m  [0m[7m  [0m[7m  [0m[7m  [0m[7m  [0m[7m  [0m
[7m  [0m[49m  [0m[49m  [0m[49m  [0m[7m  [0m[49m  [0m[49m  [0m[49m  [0m[49m  [0m[49m  [0m[7m  [0m[7m  [0m[7m  [0m[7m  [0m[7m  [0m[7m  [0m[49m  [0m[7m  [0m[7m  [0m[7m  [0m[7m  [0m[49m  [0m[49m  [0m[7m  [0m[7m  [0m[7m  [0m[7m  [0m
[7m  [0m[7m  [0m[49m  [0m[7m  [0m[7m  [0m[49m  [0m[7m  [0m[7m  [0m[49m  [0m[7m  [0m[7m  [0m[7m  [0m[49m  [0m[49m  [0m[7m  [0m[7m  [0m[7m  [0m[49m  [0m[7m  [0m[7m  [0m[49m  [0m[7m  [0m[49m  [0m[49m  [0m[7m  [0m[49m  [0m[7m  [0m
[7m  [0m[49m  [0m[49m  [0m[49m  [0m[7m  [0m[7m  [0m[7m  [0m[49m  [0m[49m  [0m[49m  [0m[49m  [0m[7m  [0m[49m  [0m[7m  [0m[49m  [0m[49m  [0m[7m  [0m[49m  [0m[7m  [0m[49m  [0m[7m  [0m[49m  [0m[49m  [0m[7m  [0m[7m  [0m[7m  [0m[7m  [0m
[7m  [0m[7m  [0m[49m  [0m[7m  [0m[7m  [0m[7m  [0m[7m  [0m[7m  [0m[7m  [0m[49m  [0m[49m  [0m[49m  [0m[49m  [0m[7m  [0m[7m  [0m[49m  [0m[7m  [0m[7m  [0m[7m  [0m[7m  [0m[49m  [0m[7m  [0m[49m  [0m[7m  [0m[49m  [0m[49m  [0m[7m  [0m
[7m  [0m[7m  [0m[49m  [0m[49m  [0m[49m  [0m[49m  [0m[7m  [0m[49m  [0m[49m  [0m[7m  [0m[7m  [0m[49m  [0m[7m  [0m[49m  [0m[49m  [0m[49m  [0m[7m  [0m[49m  [0m[7m  [0m[49m  [0m[7m  [0m[7m  [0m[7m  [0m[7m  [0m[7m  [0m[49m  [0m[7m  [0m
[7m  [0m[49m  [0m[7m  [0m[7m  [0m[49m  [0m[49m  [0m[7m  [0m[7m  [0m[49m  [0m[49m  [0m[7m  [0m[7m  [0m[7m  [0m[49m  [0m[49m  [0m[7m  [0m[49m  [0m[49m  [0m[49m  [0m[49m  [0m[7m  [0m[49m  [0m[49m  [0m[7m  [0m[49m  [0m[49m  [0m[7m  [0m
[7m  [0m[7m  [0m[7m  [0m[49m  [0m[7m  [0m[49m  [0m[49m  [0m[49m  [0m[49m  [0m[7m  [0m[7m  [0m[7m  [0m[49m  [0m[7m  [0m[49m  [0m[7m  [0m[7m  [0m[49m  [0m[49m  [0m[49m  [0m[49m  [0m[49m  [0m[49m  [0m[49m  [0m[49m  [0m[7m  [0m[7m  [0m
[7m  [0m[7m  [0m[7m  [0m[7m  [0m[7m  [0m[7m  [0m[7m  [0m[7m  [0m[7m  [0m[49m  [0m[49m  [0m[49m  [0m[7m  [0m[49m  [0m[49m  [0m[7m  [0m[7m  [0m[49m  [0m[7m  [0m[7m  [0m[7m  [0m[49m  [0m[49m  [0m[7m  [0m[49m  [0m[49m  [0m[7m  [0m
[7m  [0m[49m  [0m[49m  [0m[49m  [0m[49m  [0m[49m  [0m[49m  [0m[49m  [0m[7m  [0m[7m  [0m[49m  [0m[49m  [0m[49m  [0m[49m  [0m[7m  [0m[7m  [0m[7m  [0m[49m  [0m[7m  [0m[49m  [0m[7m  [0m[49m  [0m[7m  [0m[7m  [0m[7m  [0m[7m  [0m[7m  [0m
[7m  [0m[49m  [0m[7m  [0m[7m  [0m[7m  [0m[7m  [0m[7m  [0m[49m  [0m[7m  [0m[7m  [0m[49m  [0m[49m  [0m[7m  [0m[49m  [0m[7m  [0m[49m  [0m[7m  [0m[49m  [0m[7m  [0m[7m  [0m[7m  [0m[49m  [0m[49m  [0m[49m  [0m[7m  [0m[49m  [0m[7m  [0m
[7m  [0m[49m  [0m[7m  [0m[49m  [0m[49m  [0m[49m  [0m[7m  [0m[49m  [0m[7m  [0m[7m  [0m[49m  [0m[49m  [0m[49m  [0m[49m  [0m[49m  [0m[7m  [0m[7m  [0m[49m  [0m[49m  [0m[49m  [0m[49m  [0m[49m  [0m[49m  [0m[49m  [0m[49m  [0m[49m  [0m[7m  [0m
[7m  [0m[49m  [0m[7m  [0m[49m  [0m[49m  [0m[49m  [0m[7m  [0m[49m  [0m[7m  [0m[49m  [0m[49m  [0m[49m  [0m[7m  [0m[49m  [0m[49m  [0m[7m  [0m[49m  [0m[49m  [0m[7m  [0m[49m  [0m[7m  [0m[7m  [0m[49m  [0m[7m  [0m[7m  [0m[49m  [0m[7m  [0m
[7m  [0m[49m  [0m[7m  [0m[49m  [0m[49m  [0m[49m  [0m[7m  [0m[49m  [0m[7m  [0m[49m  [0m[7m  [0m[7m  [0m[49m  [0m[49m  [0m[49m  [0m[7m  [0m[7m  [0m[7m  [0m[7m  [0m[7m  [0m[49m  [0m[49m  [0m[7m  [0m[7m  [0m[49m  [0m[7m  [0m[7m  [0m
[7m  [0m[49m  [0m[7m  [0m[7m  [0m[7m  [0m[7m  [0m[7m  [0m[49m  [0m[7m  [0m[49m  [0m[7m  [0m[49m  [0m[7m  [0m[7m  [0m[7m  [0m[7m  [0m[49m  [0m[7m  [0m[49m  [0m[49m  [0m[49m  [0m[49m  [0m[7m  [0m[7m  [0m[7m  [0m[49m  [0m[7m  [0m
[7m  [0m[49m  [0m[49m  [0m[49m  [0m[49m  [0m[49m  [0m[49m  [0m[49m  [0m[7m  [0m[49m  [0m[7m  [0m[49m  [0m[7m  [0m[49m  [0m[7m  [0m[49m  [0m[49m  [0m[7m  [0m[49m  [0m[7m  [0m[7m  [0m[7m  [0m[7m  [0m[7m  [0m[7m  [0m[49m  [0m[7m  [0m
[7m  [0m[7m  [0m[7m  [0m[7m  [0m[7m  [0m[7m  [0m[7m  [0m[7m  [0m[7m  [0m[7m  [0m[7m  [0m[7m  [0m[7m  [0m[7m  [0m[7m  [0m[7m  [0m[7m  [0m[7m  [0m[7m  [0m[7m  [0m[7m  [0m[7m  [0m[7m  [0m[7m  [0m[7m  [0m[7m  [0m[7m  [0m

a00c26ec4294be.lhr.life tunneled with tls termination, https://a00c26ec4294be.lhr.life
create an account and add your key for a longer lasting domain name. see https://localhost.run/docs/forever-free/ for more information.
Open your tunnel address on your mobile with this QR:

[7m  [0m[7m  [0m[7m  [0m[7m  [0m[7m  [0m[7m  [0m[7m  [0m[7m  [0m[7m  [0m[7m  [0m[7m  [0m[7m  [0m[7m  [0m[7m  [0m[7m  [0m[7m  [0m[7m  [0m[7m  [0m[7m  [0m[7m  [0m[7m  [0m[7m  [0m[7m  [0m[7m  [0m[7m  [0m[7m  [0m[7m  [0m
[7m  [0m[49m  [0m[49m  [0m[49m  [0m[49m  [0m[49m  [0m[49m  [0m[49m  [0m[7m  [0m[49m  [0m[49m  [0m[49m  [0m[49m  [0m[7m  [0m[7m  [0m[7m  [0m[49m  [0m[49m  [0m[7m  [0m[49m  [0m[49m  [0m[49m  [0m[49m  [0m[49m  [0m[49m  [0m[49m  [0m[7m  [0m
[7m  [0m[49m  [0m[7m  [0m[7m  [0m[7m  [0m[7m  [0m[7m  [0m[49m  [0m[7m  [0m[7m  [0m[7m  [0m[7m  [0m[49m  [0m[49m  [0m[49m  [0m[49m  [0m[7m  [0m[49m  [0m[7m  [0m[49m  [0m[7m  [0m[7m  [0m[7m  [0m[7m  [0m[7m  [0m[49m  [0m[7m  [0m
[7m  [0m[49m  [0m[7m  [0m[49m  [0m[49m  [0m[49m  [0m[7m  [0m[49m  [0m[7m  [0m[7m  [0m[49m  [0m[7m  [0m[49m  [0m[7m  [0m[7m  [0m[7m  [0m[7m  [0m[49m  [0m[7m  [0m[49m  [0m[7m  [0m[49m  [0m[49m  [0m[49m  [0m[7m  [0m[49m  [0m[7m  [0m
[7m  [0m[49m  [0m[7m  [0m[49m  [0m[49m  [0m[49m  [0m[7m  [0m[49m  [0m[7m  [0m[7m  [0m[7m  [0m[49m  [0m[49m  [0m[7m  [0m[49m  [0m[7m  [0m[49m  [0m[7m  [0m[7m  [0m[49m  [0m[7m  [0m[49m  [0m[49m  [0m[49m  [0m[7m  [0m[49m  [0m[7m  [0m
[7m  [0m[49m  [0m[7m  [0m[49m  [0m[49m  [0m[49m  [0m[7m  [0m[49m  [0m[7m  [0m[7m  [0m[7m  [0m[49m  [0m[49m  [0m[49m  [0m[49m  [0m[49m  [0m[7m  [0m[7m  [0m[7m  [0m[49m  [0m[7m  [0m[49m  [0m[49m  [0m[49m  [0m[7m  [0m[49m  [0m[7m  [0m
[7m  [0m[49m  [0m[7m  [0m[7m  [0m[7m  [0m[7m  [0m[7m  [0m[49m  [0m[7m  [0m[7m  [0m[49m  [0m[7m  [0m[49m  [0m[7m  [0m[49m  [0m[49m  [0m[49m  [0m[7m  [0m[7m  [0m[49m  [0m[7m  [0m[7m  [0m[7m  [0m[7m  [0m[7m  [0m[49m  [0m[7m  [0m
[7m  [0m[49m  [0m[49m  [0m[49m  [0m[49m  [0m[49m  [0m[49m  [0m[49m  [0m[7m  [0m[49m  [0m[7m  [0m[49m  [0m[7m  [0m[49m  [0m[7m  [0m[49m  [0m[7m  [0m[49m  [0m[7m  [0m[49m  [0m[49m  [0m[49m  [0m[49m  [0m[49m  [0m[49m  [0m[49m  [0m[7m  [0m
[7m  [0m[7m  [0m[7m  [0m[7m  [0m[7m  [0m[7m  [0m[7m  [0m[7m  [0m[7m  [0m[49m  [0m[49m  [0m[7m  [0m[7m  [0m[49m  [0m[7m  [0m[49m  [0m[49m  [0m[7m  [0m[7m  [0m[7m  [0m[7m  [0m[7m  [0m[7m  [0m[7m  [0m[7m  [0m[7m  [0m[7m  [0m
[7m  [0m[49m  [0m[49m  [0m[7m  [0m[49m  [0m[49m  [0m[7m  [0m[49m  [0m[7m  [0m[7m  [0m[49m  [0m[7m  [0m[7m  [0m[49m  [0m[7m  [0m[49m  [0m[7m  [0m[7m  [0m[7m  [0m[49m  [0m[7m  [0m[7m  [0m[7m  [0m[7m  [0m[7m  [0m[49m  [0m[7m  [0m
[7m  [0m[7m  [0m[7m  [0m[49m  [0m[7m  [0m[7m  [0m[7m  [0m[7m  [0m[49m  [0m[7m  [0m[7m  [0m[49m  [0m[7m  [0m[7m  [0m[49m  [0m[49m  [0m[49m  [0m[7m  [0m[7m  [0m[49m  [0m[7m  [0m[7m  [0m[49m  [0m[49m  [0m[7m  [0m[7m  [0m[7m  [0m
[7m  [0m[49m  [0m[49m  [0m[7m  [0m[49m  [0m[7m  [0m[49m  [0m[49m  [0m[7m  [0m[7m  [0m[49m  [0m[7m  [0m[7m  [0m[49m  [0m[7m  [0m[7m  [0m[49m  [0m[49m  [0m[49m  [0m[49m  [0m[49m  [0m[49m  [0m[7m  [0m[7m  [0m[7m  [0m[49m  [0m[7m  [0m
[7m  [0m[49m  [0m[49m  [0m[7m  [0m[49m  [0m[7m  [0m[7m  [0m[7m  [0m[7m  [0m[49m  [0m[7m  [0m[7m  [0m[7m  [0m[7m  [0m[49m  [0m[7m  [0m[49m  [0m[7m  [0m[7m  [0m[49m  [0m[7m  [0m[7m  [0m[49m  [0m[49m  [0m[49m  [0m[7m  [0m[7m  [0m
[7m  [0m[49m  [0m[49m  [0m[7m  [0m[49m  [0m[7m  [0m[49m  [0m[49m  [0m[7m  [0m[7m  [0m[49m  [0m[49m  [0m[7m  [0m[7m  [0m[7m  [0m[7m  [0m[7m  [0m[7m  [0m[7m  [0m[49m  [0m[49m  [0m[49m  [0m[49m  [0m[49m  [0m[49m  [0m[7m  [0m[7m  [0m
[7m  [0m[49m  [0m[49m  [0m[49m  [0m[49m  [0m[49m  [0m[49m  [0m[7m  [0m[7m  [0m[7m  [0m[7m  [0m[49m  [0m[7m  [0m[49m  [0m[49m  [0m[49m  [0m[49m  [0m[49m  [0m[7m  [0m[49m  [0m[49m  [0m[7m  [0m[49m  [0m[7m  [0m[7m  [0m[7m  [0m[7m  [0m
[7m  [0m[49m  [0m[49m  [0m[7m  [0m[49m  [0m[7m  [0m[49m  [0m[49m  [0m[7m  [0m[49m  [0m[49m  [0m[49m  [0m[7m  [0m[7m  [0m[49m  [0m[49m  [0m[49m  [0m[49m  [0m[7m  [0m[49m  [0m[7m  [0m[7m  [0m[49m  [0m[7m  [0m[7m  [0m[7m  [0m[7m  [0m
[7m  [0m[49m  [0m[7m  [0m[49m  [0m[7m  [0m[49m  [0m[49m  [0m[7m  [0m[49m  [0m[49m  [0m[7m  [0m[7m  [0m[7m  [0m[49m  [0m[49m  [0m[49m  [0m[49m  [0m[49m  [0m[49m  [0m[49m  [0m[7m  [0m[49m  [0m[7m  [0m[49m  [0m[49m  [0m[49m  [0m[7m  [0m
[7m  [0m[49m  [0m[7m  [0m[49m  [0m[7m  [0m[49m  [0m[7m  [0m[49m  [0m[49m  [0m[7m  [0m[7m  [0m[49m  [0m[49m  [0m[49m  [0m[49m  [0m[7m  [0m[49m  [0m[49m  [0m[49m  [0m[49m  [0m[49m  [0m[49m  [0m[7m  [0m[49m  [0m[49m  [0m[49m  [0m[7m  [0m
[7m  [0m[7m  [0m[7m  [0m[7m  [0m[7m  [0m[7m  [0m[7m  [0m[7m  [0m[7m  [0m[49m  [0m[7m  [0m[7m  [0m[49m  [0m[7m  [0m[7m  [0m[7m  [0m[49m  [0m[49m  [0m[7m  [0m[7m  [0m[7m  [0m[49m  [0m[49m  [0m[7m  [0m[7m  [0m[7m  [0m[7m  [0m
[7m  [0m[49m  [0m[49m  [0m[49m  [0m[49m  [0m[49m  [0m[49m  [0m[49m  [0m[7m  [0m[7m  [0m[7m  [0m[7m  [0m[7m  [0m[49m  [0m[49m  [0m[49m  [0m[7m  [0m[49m  [0m[7m  [0m[49m  [0m[7m  [0m[49m  [0m[7m  [0m[49m  [0m[49m  [0m[7m  [0m[7m  [0m
[7m  [0m[49m  [0m[7m  [0m[7m  [0m[7m  [0m[7m  [0m[7m  [0m[49m  [0m[7m  [0m[7m  [0m[7m  [0m[7m  [0m[49m  [0m[7m  [0m[49m  [0m[49m  [0m[7m  [0m[49m  [0m[7m  [0m[7m  [0m[7m  [0m[49m  [0m[49m  [0m[49m  [0m[49m  [0m[7m  [0m[7m  [0m
[7m  [0m[49m  [0m[7m  [0m[49m  [0m[49m  [0m[49m  [0m[7m  [0m[49m  [0m[7m  [0m[49m  [0m[7m  [0m[7m  [0m[49m  [0m[7m  [0m[49m  [0m[7m  [0m[49m  [0m[49m  [0m[49m  [0m[49m  [0m[49m  [0m[49m  [0m[7m  [0m[49m  [0m[49m  [0m[7m  [0m[7m  [0m
[7m  [0m[49m  [0m[7m  [0m[49m  [0m[49m  [0m[49m  [0m[7m  [0m[49m  [0m[7m  [0m[49m  [0m[49m  [0m[49m  [0m[7m  [0m[49m  [0m[49m  [0m[49m  [0m[49m  [0m[7m  [0m[7m  [0m[49m  [0m[7m  [0m[49m  [0m[7m  [0m[49m  [0m[7m  [0m[49m  [0m[7m  [0m
[7m  [0m[49m  [0m[7m  [0m[49m  [0m[49m  [0m[49m  [0m[7m  [0m[49m  [0m[7m  [0m[7m  [0m[49m  [0m[7m  [0m[49m  [0m[7m  [0m[49m  [0m[7m  [0m[49m  [0m[7m  [0m[49m  [0m[49m  [0m[7m  [0m[49m  [0m[7m  [0m[7m  [0m[49m  [0m[49m  [0m[7m  [0m
[7m  [0m[49m  [0m[7m  [0m[7m  [0m[7m  [0m[7m  [0m[7m  [0m[49m  [0m[7m  [0m[49m  [0m[49m  [0m[7m  [0m[49m  [0m[49m  [0m[49m  [0m[7m  [0m[7m  [0m[7m  [0m[49m  [0m[7m  [0m[7m  [0m[49m  [0m[49m  [0m[7m  [0m[49m  [0m[7m  [0m[7m  [0m
[7m  [0m[49m  [0m[49m  [0m[49m  [0m[49m  [0m[49m  [0m[49m  [0m[49m  [0m[7m  [0m[49m  [0m[7m  [0m[7m  [0m[49m  [0m[49m  [0m[49m  [0m[7m  [0m[7m  [0m[49m  [0m[7m  [0m[7m  [0m[49m  [0m[49m  [0m[49m  [0m[49m  [0m[49m  [0m[49m  [0m[7m  [0m
[7m  [0m[7m  [0m[7m  [0m[7m  [0m[7m  [0m[7m  [0m[7m  [0m[7m  [0m[7m  [0m[7m  [0m[7m  [0m[7m  [0m[7m  [0m[7m  [0m[7m  [0m[7m  [0m[7m  [0m[7m  [0m[7m  [0m[7m  [0m[7m  [0m[7m  [0m[7m  [0m[7m  [0m[7m  [0m[7m  [0m[7m  [0m

17f911aeaf6f69.lhr.life tunneled with tls termination, https://17f911aeaf6f69.lhr.life
create an account and add your key for a longer lasting domain name. see https://localhost.run/docs/forever-free/ for more information.
Open your tunnel address on your mobile with this QR:

[7m  [0m[7m  [0m[7m  [0m[7m  [0m[7m  [0m[7m  [0m[7m  [0m[7m  [0m[7m  [0m[7m  [0m[7m  [0m[7m  [0m[7m  [0m[7m  [0m[7m  [0m[7m  [0m[7m  [0m[7m  [0m[7m  [0m[7m  [0m[7m  [0m[7m  [0m[7m  [0m[7m  [0m[7m  [0m[7m  [0m[7m  [0m
[7m  [0m[49m  [0m[49m  [0m[49m  [0m[49m  [0m[49m  [0m[49m  [0m[49m  [0m[7m  [0m[7m  [0m[7m  [0m[49m  [0m[7m  [0m[7m  [0m[49m  [0m[7m  [0m[7m  [0m[49m  [0m[7m  [0m[49m  [0m[49m  [0m[49m  [0m[49m  [0m[49m  [0m[49m  [0m[49m  [0m[7m  [0m
[7m  [0m[49m  [0m[7m  [0m[7m  [0m[7m  [0m[7m  [0m[7m  [0m[49m  [0m[7m  [0m[7m  [0m[49m  [0m[7m  [0m[7m  [0m[7m  [0m[49m  [0m[7m  [0m[49m  [0m[49m  [0m[7m  [0m[49m  [0m[7m  [0m[7m  [0m[7m  [0m[7m  [0m[7m  [0m[49m  [0m[7m  [0m
[7m  [0m[49m  [0m[7m  [0m[49m  [0m[49m  [0m[49m  [0m[7m  [0m[49m  [0m[7m  [0m[49m  [0m[7m  [0m[7m  [0m[49m  [0m[7m  [0m[49m  [0m[49m  [0m[49m  [0m[49m  [0m[7m  [0m[49m  [0m[7m  [0m[49m  [0m[49m  [0m[49m  [0m[7m  [0m[49m  [0m[7m  [0m
[7m  [0m[49m  [0m[7m  [0m[49m  [0m[49m  [0m[49m  [0m[7m  [0m[49m  [0m[7m  [0m[7m  [0m[49m  [0m[7m  [0m[7m  [0m[49m  [0m[7m  [0m[49m  [0m[7m  [0m[49m  [0m[7m  [0m[49m  [0m[7m  [0m[49m  [0m[49m  [0m[49m  [0m[7m  [0m[49m  [0m[7m  [0m
[7m  [0m[49m  [0m[7m  [0m[49m  [0m[49m  [0m[49m  [0m[7m  [0m[49m  [0m[7m  [0m[7m  [0m[49m  [0m[7m  [0m[7m  [0m[49m  [0m[49m  [0m[49m  [0m[49m  [0m[49m  [0m[7m  [0m[49m  [0m[7m  [0m[49m  [0m[49m  [0m[49m  [0m[7m  [0m[49m  [0m[7m  [0m
[7m  [0m[49m  [0m[7m  [0m[7m  [0m[7m  [0m[7m  [0m[7m  [0m[49m  [0m[7m  [0m[7m  [0m[7m  [0m[49m  [0m[49m  [0m[49m  [0m[7m  [0m[49m  [0m[7m  [0m[49m  [0m[7m  [0m[49m  [0m[7m  [0m[7m  [0m[7m  [0m[7m  [0m[7m  [0m[49m  [0m[7m  [0m
[7m  [0m[49m  [0m[49m  [0m[49m  [0m[49m  [0m[49m  [0m[49m  [0m[49m  [0m[7m  [0m[49m  [0m[7m  [0m[49m  [0m[7m  [0m[49m  [0m[7m  [0m[49m  [0m[7m  [0m[49m  [0m[7m  [0m[49m  [0m[49m  [0m[49m  [0m[49m  [0m[49m  [0m[49m  [0m[49m  [0m[7m  [0m
[7m  [0m[7m  [0m[7m  [0m[7m  [0m[7m  [0m[7m  [0m[7m  [0m[7m  [0m[7m  [0m[49m  [0m[7m  [0m[7m  [0m[49m  [0m[7m  [0m[7m  [0m[7m  [0m[7m  [0m[7m  [0m[7m  [0m[7m  [0m[7m  [0m[7m  [0m[7m  [0m[7m  [0m[7m  [0m[7m  [0m[7m  [0m
[7m  [0m[49m  [0m[49m  [0m[49m  [0m[7m  [0m[49m  [0m[49m  [0m[49m  [0m[49m  [0m[49m  [0m[7m  [0m[7m  [0m[7m  [0m[49m  [0m[49m  [0m[7m  [0m[49m  [0m[7m  [0m[49m  [0m[49m  [0m[7m  [0m[7m  [0m[7m  [0m[49m  [0m[7m  [0m[7m  [0m[7m  [0m
[7m  [0m[49m  [0m[7m  [0m[49m  [0m[7m  [0m[7m  [0m[7m  [0m[7m  [0m[7m  [0m[7m  [0m[49m  [0m[7m  [0m[49m  [0m[49m  [0m[7m  [0m[7m  [0m[7m  [0m[49m  [0m[7m  [0m[49m  [0m[49m  [0m[49m  [0m[7m  [0m[7m  [0m[49m  [0m[49m  [0m[7m  [0m
[7m  [0m[7m  [0m[49m  [0m[49m  [0m[49m  [0m[49m  [0m[49m  [0m[49m  [0m[49m  [0m[49m  [0m[7m  [0m[49m  [0m[49m  [0m[49m  [0m[7m  [0m[7m  [0m[49m  [0m[7m  [0m[7m  [0m[7m  [0m[7m  [0m[49m  [0m[49m  [0m[49m  [0m[49m  [0m[49m  [0m[7m  [0m
[7m  [0m[7m  [0m[49m  [0m[49m  [0m[49m  [0m[49m  [0m[49m  [0m[7m  [0m[7m  [0m[49m  [0m[49m  [0m[49m  [0m[7m  [0m[49m  [0m[7m  [0m[7m  [0m[49m  [0m[49m  [0m[49m  [0m[7m  [0m[49m  [0m[7m  [0m[7m  [0m[7m  [0m[49m  [0m[49m  [0m[7m  [0m
[7m  [0m[7m  [0m[49m  [0m[7m  [0m[7m  [0m[7m  [0m[7m  [0m[49m  [0m[7m  [0m[49m  [0m[7m  [0m[49m  [0m[49m  [0m[7m  [0m[49m  [0m[7m  [0m[7m  [0m[49m  [0m[49m  [0m[7m  [0m[7m  [0m[49m  [0m[7m  [0m[49m  [0m[7m  [0m[7m  [0m[7m  [0m
[7m  [0m[7m  [0m[7m  [0m[49m  [0m[7m  [0m[49m  [0m[7m  [0m[7m  [0m[7m  [0m[49m  [0m[7m  [0m[49m  [0m[49m  [0m[7m  [0m[49m  [0m[7m  [0m[49m  [0m[49m  [0m[49m  [0m[49m  [0m[49m  [0m[49m  [0m[7m  [0m[7m  [0m[49m  [0m[49m  [0m[7m  [0m
[7m  [0m[49m  [0m[7m  [0m[49m  [0m[49m  [0m[49m  [0m[7m  [0m[49m  [0m[49m  [0m[7m  [0m[49m  [0m[49m  [0m[7m  [0m[7m  [0m[7m  [0m[7m  [0m[7m  [0m[49m  [0m[7m  [0m[7m  [0m[49m  [0m[49m  [0m[7m  [0m[7m  [0m[7m  [0m[7m  [0m[7m  [0m
[7m  [0m[7m  [0m[49m  [0m[49m  [0m[7m  [0m[49m  [0m[7m  [0m[7m  [0m[49m  [0m[49m  [0m[49m  [0m[49m  [0m[49m  [0m[7m  [0m[7m  [0m[7m  [0m[7m  [0m[7m  [0m[49m  [0m[7m  [0m[7m  [0m[7m  [0m[49m  [0m[7m  [0m[7m  [0m[7m  [0m[7m  [0m
[7m  [0m[49m  [0m[7m  [0m[49m  [0m[49m  [0m[49m  [0m[49m  [0m[49m  [0m[49m  [0m[49m  [0m[49m  [0m[7m  [0m[7m  [0m[49m  [0m[49m  [0m[7m  [0m[49m  [0m[49m  [0m[49m  [0m[49m  [0m[49m  [0m[49m  [0m[49m  [0m[7m  [0m[7m  [0m[49m  [0m[7m  [0m
[7m  [0m[7m  [0m[7m  [0m[7m  [0m[7m  [0m[7m  [0m[7m  [0m[7m  [0m[7m  [0m[49m  [0m[7m  [0m[49m  [0m[49m  [0m[49m  [0m[49m  [0m[7m  [0m[7m  [0m[49m  [0m[7m  [0m[7m  [0m[7m  [0m[49m  [0m[7m  [0m[49m  [0m[7m  [0m[49m  [0m[7m  [0m
[7m  [0m[49m  [0m[49m  [0m[49m  [0m[49m  [0m[49m  [0m[49m  [0m[49m  [0m[7m  [0m[49m  [0m[49m  [0m[49m  [0m[49m  [0m[49m  [0m[7m  [0m[49m  [0m[49m  [0m[49m  [0m[7m  [0m[49m  [0m[7m  [0m[49m  [0m[49m  [0m[49m  [0m[7m  [0m[7m  [0m[7m  [0m
[7m  [0m[49m  [0m[7m  [0m[7m  [0m[7m  [0m[7m  [0m[7m  [0m[49m  [0m[7m  [0m[49m  [0m[7m  [0m[49m  [0m[7m  [0m[49m  [0m[49m  [0m[7m  [0m[49m  [0m[49m  [0m[7m  [0m[7m  [0m[7m  [0m[49m  [0m[7m  [0m[49m  [0m[7m  [0m[49m  [0m[7m  [0m
[7m  [0m[49m  [0m[7m  [0m[49m  [0m[49m  [0m[49m  [0m[7m  [0m[49m  [0m[7m  [0m[49m  [0m[7m  [0m[7m  [0m[49m  [0m[7m  [0m[7m  [0m[49m  [0m[7m  [0m[49m  [0m[49m  [0m[49m  [0m[49m  [0m[49m  [0m[49m  [0m[49m  [0m[49m  [0m[7m  [0m[7m  [0m
[7m  [0m[49m  [0m[7m  [0m[49m  [0m[49m  [0m[49m  [0m[7m  [0m[49m  [0m[7m  [0m[7m  [0m[7m  [0m[49m  [0m[49m  [0m[7m  [0m[7m  [0m[7m  [0m[49m  [0m[49m  [0m[49m  [0m[7m  [0m[7m  [0m[7m  [0m[49m  [0m[7m  [0m[49m  [0m[7m  [0m[7m  [0m
[7m  [0m[49m  [0m[7m  [0m[49m  [0m[49m  [0m[49m  [0m[7m  [0m[49m  [0m[7m  [0m[49m  [0m[7m  [0m[7m  [0m[7m  [0m[7m  [0m[49m  [0m[7m  [0m[7m  [0m[49m  [0m[49m  [0m[49m  [0m[49m  [0m[49m  [0m[7m  [0m[49m  [0m[7m  [0m[49m  [0m[7m  [0m
[7m  [0m[49m  [0m[7m  [0m[7m  [0m[7m  [0m[7m  [0m[7m  [0m[49m  [0m[7m  [0m[49m  [0m[49m  [0m[7m  [0m[49m  [0m[7m  [0m[7m  [0m[7m  [0m[7m  [0m[7m  [0m[7m  [0m[49m  [0m[49m  [0m[7m  [0m[49m  [0m[7m  [0m[49m  [0m[49m  [0m[7m  [0m
[7m  [0m[49m  [0m[49m  [0m[49m  [0m[49m  [0m[49m  [0m[49m  [0m[49m  [0m[7m  [0m[49m  [0m[49m  [0m[7m  [0m[7m  [0m[49m  [0m[7m  [0m[7m  [0m[7m  [0m[49m  [0m[49m  [0m[49m  [0m[49m  [0m[49m  [0m[49m  [0m[7m  [0m[7m  [0m[49m  [0m[7m  [0m
[7m  [0m[7m  [0m[7m  [0m[7m  [0m[7m  [0m[7m  [0m[7m  [0m[7m  [0m[7m  [0m[7m  [0m[7m  [0m[7m  [0m[7m  [0m[7m  [0m[7m  [0m[7m  [0m[7m  [0m[7m  [0m[7m  [0m[7m  [0m[7m  [0m[7m  [0m[7m  [0m[7m  [0m[7m  [0m[7m  [0m[7m  [0m

9ac224db5ec107.lhr.life tunneled with tls termination, https://9ac224db5ec107.lhr.life
create an account and add your key for a longer lasting domain name. see https://localhost.run/docs/forever-free/ for more information.
Open your tunnel address on your mobile with this QR:

[7m  [0m[7m  [0m[7m  [0m[7m  [0m[7m  [0m[7m  [0m[7m  [0m[7m  [0m[7m  [0m[7m  [0m[7m  [0m[7m  [0m[7m  [0m[7m  [0m[7m  [0m[7m  [0m[7m  [0m[7m  [0m[7m  [0m[7m  [0m[7m  [0m[7m  [0m[7m  [0m[7m  [0m[7m  [0m[7m  [0m[7m  [0m
[7m  [0m[49m  [0m[49m  [0m[49m  [0m[49m  [0m[49m  [0m[49m  [0m[49m  [0m[7m  [0m[7m  [0m[7m  [0m[49m  [0m[7m  [0m[7m  [0m[49m  [0m[7m  [0m[7m  [0m[49m  [0m[7m  [0m[49m  [0m[49m  [0m[49m  [0m[49m  [0m[49m  [0m[49m  [0m[49m  [0m[7m  [0m
[7m  [0m[49m  [0m[7m  [0m[7m  [0m[7m  [0m[7m  [0m[7m  [0m[49m  [0m[7m  [0m[49m  [0m[49m  [0m[49m  [0m[7m  [0m[7m  [0m[7m  [0m[7m  [0m[49m  [0m[7m  [0m[7m  [0m[49m  [0m[7m  [0m[7m  [0m[7m  [0m[7m  [0m[7m  [0m[49m  [0m[7m  [0m
[7m  [0m[49m  [0m[7m  [0m[49m  [0m[49m  [0m[49m  [0m[7m  [0m[49m  [0m[7m  [0m[49m  [0m[7m  [0m[7m  [0m[7m  [0m[7m  [0m[49m  [0m[7m  [0m[49m  [0m[49m  [0m[7m  [0m[49m  [0m[7m  [0m[49m  [0m[49m  [0m[49m  [0m[7m  [0m[49m  [0m[7m  [0m
[7m  [0m[49m  [0m[7m  [0m[49m  [0m[49m  [0m[49m  [0m[7m  [0m[49m  [0m[7m  [0m[7m  [0m[49m  [0m[7m  [0m[7m  [0m[49m  [0m[7m  [0m[49m  [0m[7m  [0m[49m  [0m[7m  [0m[49m  [0m[7m  [0m[49m  [0m[49m  [0m[49m  [0m[7m  [0m[49m  [0m[7m  [0m
[7m  [0m[49m  [0m[7m  [0m[49m  [0m[49m  [0m[49m  [0m[7m  [0m[49m  [0m[7m  [0m[49m  [0m[49m  [0m[49m  [0m[7m  [0m[49m  [0m[7m  [0m[49m  [0m[49m  [0m[7m  [0m[7m  [0m[49m  [0m[7m  [0m[49m  [0m[49m  [0m[49m  [0m[7m  [0m[49m  [0m[7m  [0m
[7m  [0m[49m  [0m[7m  [0m[7m  [0m[7m  [0m[7m  [0m[7m  [0m[49m  [0m[7m  [0m[49m  [0m[7m  [0m[49m  [0m[7m  [0m[49m  [0m[7m  [0m[7m  [0m[7m  [0m[49m  [0m[7m  [0m[49m  [0m[7m  [0m[7m  [0m[7m  [0m[7m  [0m[7m  [0m[49m  [0m[7m  [0m
[7m  [0m[49m  [0m[49m  [0m[49m  [0m[49m  [0m[49m  [0m[49m  [0m[49m  [0m[7m  [0m[49m  [0m[7m  [0m[49m  [0m[7m  [0m[49m  [0m[7m  [0m[49m  [0m[7m  [0m[49m  [0m[7m  [0m[49m  [0m[49m  [0m[49m  [0m[49m  [0m[49m  [0m[49m  [0m[49m  [0m[7m  [0m
[7m  [0m[7m  [0m[7m  [0m[7m  [0m[7m  [0m[7m  [0m[7m  [0m[7m  [0m[7m  [0m[49m  [0m[7m  [0m[49m  [0m[49m  [0m[7m  [0m[49m  [0m[7m  [0m[7m  [0m[49m  [0m[7m  [0m[7m  [0m[7m  [0m[7m  [0m[7m  [0m[7m  [0m[7m  [0m[7m  [0m[7m  [0m
[7m  [0m[49m  [0m[49m  [0m[7m  [0m[49m  [0m[7m  [0m[7m  [0m[49m  [0m[49m  [0m[7m  [0m[7m  [0m[7m  [0m[49m  [0m[49m  [0m[49m  [0m[49m  [0m[49m  [0m[7m  [0m[7m  [0m[49m  [0m[49m  [0m[49m  [0m[7m  [0m[49m  [0m[49m  [0m[7m  [0m[7m  [0m
[7m  [0m[49m  [0m[49m  [0m[49m  [0m[49m  [0m[49m  [0m[7m  [0m[7m  [0m[49m  [0m[49m  [0m[49m  [0m[7m  [0m[49m  [0m[49m  [0m[7m  [0m[7m  [0m[7m  [0m[49m  [0m[7m  [0m[49m  [0m[7m  [0m[7m  [0m[7m  [0m[7m  [0m[49m  [0m[49m  [0m[7m  [0m
[7m  [0m[7m  [0m[7m  [0m[49m  [0m[7m  [0m[49m  [0m[7m  [0m[49m  [0m[49m  [0m[7m  [0m[7m  [0m[7m  [0m[49m  [0m[49m  [0m[49m  [0m[7m  [0m[49m  [0m[49m  [0m[7m  [0m[7m  [0m[7m  [0m[49m  [0m[49m  [0m[7m  [0m[49m  [0m[49m  [0m[7m  [0m
[7m  [0m[49m  [0m[7m  [0m[7m  [0m[7m  [0m[49m  [0m[49m  [0m[7m  [0m[7m  [0m[49m  [0m[49m  [0m[49m  [0m[49m  [0m[49m  [0m[7m  [0m[49m  [0m[49m  [0m[7m  [0m[49m  [0m[7m  [0m[49m  [0m[49m  [0m[7m  [0m[7m  [0m[7m  [0m[49m  [0m[7m  [0m
[7m  [0m[49m  [0m[7m  [0m[7m  [0m[7m  [0m[49m  [0m[7m  [0m[49m  [0m[49m  [0m[7m  [0m[7m  [0m[49m  [0m[49m  [0m[7m  [0m[49m  [0m[7m  [0m[7m  [0m[49m  [0m[7m  [0m[49m  [0m[7m  [0m[49m  [0m[7m  [0m[49m  [0m[7m  [0m[7m  [0m[7m  [0m
[7m  [0m[7m  [0m[7m  [0m[49m  [0m[7m  [0m[7m  [0m[7m  [0m[7m  [0m[49m  [0m[49m  [0m[7m  [0m[7m  [0m[49m  [0m[7m  [0m[7m  [0m[7m  [0m[49m  [0m[49m  [0m[49m  [0m[49m  [0m[49m  [0m[49m  [0m[7m  [0m[49m  [0m[49m  [0m[49m  [0m[7m  [0m
[7m  [0m[49m  [0m[7m  [0m[49m  [0m[49m  [0m[7m  [0m[49m  [0m[49m  [0m[7m  [0m[7m  [0m[49m  [0m[7m  [0m[49m  [0m[7m  [0m[7m  [0m[49m  [0m[7m  [0m[49m  [0m[49m  [0m[7m  [0m[49m  [0m[49m  [0m[7m  [0m[7m  [0m[49m  [0m[7m  [0m[7m  [0m
[7m  [0m[7m  [0m[49m  [0m[49m  [0m[49m  [0m[7m  [0m[7m  [0m[7m  [0m[7m  [0m[49m  [0m[7m  [0m[49m  [0m[49m  [0m[7m  [0m[7m  [0m[7m  [0m[7m  [0m[7m  [0m[49m  [0m[49m  [0m[49m  [0m[7m  [0m[49m  [0m[7m  [0m[7m  [0m[7m  [0m[7m  [0m
[7m  [0m[49m  [0m[49m  [0m[7m  [0m[49m  [0m[7m  [0m[49m  [0m[49m  [0m[49m  [0m[7m  [0m[49m  [0m[7m  [0m[7m  [0m[49m  [0m[7m  [0m[7m  [0m[49m  [0m[49m  [0m[49m  [0m[49m  [0m[49m  [0m[49m  [0m[49m  [0m[49m  [0m[7m  [0m[49m  [0m[7m  [0m
[7m  [0m[7m  [0m[7m  [0m[7m  [0m[7m  [0m[7m  [0m[7m  [0m[7m  [0m[7m  [0m[49m  [0m[49m  [0m[49m  [0m[7m  [0m[49m  [0m[49m  [0m[49m  [0m[7m  [0m[49m  [0m[7m  [0m[7m  [0m[7m  [0m[49m  [0m[7m  [0m[49m  [0m[49m  [0m[49m  [0m[7m  [0m
[7m  [0m[49m  [0m[49m  [0m[49m  [0m[49m  [0m[49m  [0m[49m  [0m[49m  [0m[7m  [0m[49m  [0m[7m  [0m[7m  [0m[49m  [0m[49m  [0m[7m  [0m[49m  [0m[49m  [0m[49m  [0m[7m  [0m[49m  [0m[7m  [0m[49m  [0m[49m  [0m[49m  [0m[7m  [0m[7m  [0m[7m  [0m
[7m  [0m[49m  [0m[7m  [0m[7m  [0m[7m  [0m[7m  [0m[7m  [0m[49m  [0m[7m  [0m[7m  [0m[7m  [0m[7m  [0m[7m  [0m[49m  [0m[7m  [0m[7m  [0m[49m  [0m[49m  [0m[7m  [0m[7m  [0m[7m  [0m[49m  [0m[7m  [0m[7m  [0m[7m  [0m[49m  [0m[7m  [0m
[7m  [0m[49m  [0m[7m  [0m[49m  [0m[49m  [0m[49m  [0m[7m  [0m[49m  [0m[7m  [0m[7m  [0m[7m  [0m[49m  [0m[7m  [0m[7m  [0m[7m  [0m[7m  [0m[7m  [0m[49m  [0m[49m  [0m[49m  [0m[49m  [0m[49m  [0m[49m  [0m[49m  [0m[7m  [0m[7m  [0m[7m  [0m
[7m  [0m[49m  [0m[7m  [0m[49m  [0m[49m  [0m[49m  [0m[7m  [0m[49m  [0m[7m  [0m[49m  [0m[7m  [0m[49m  [0m[49m  [0m[7m  [0m[7m  [0m[7m  [0m[49m  [0m[7m  [0m[49m  [0m[7m  [0m[49m  [0m[7m  [0m[49m  [0m[7m  [0m[49m  [0m[7m  [0m[7m  [0m
[7m  [0m[49m  [0m[7m  [0m[49m  [0m[49m  [0m[49m  [0m[7m  [0m[49m  [0m[7m  [0m[7m  [0m[49m  [0m[7m  [0m[7m  [0m[7m  [0m[7m  [0m[7m  [0m[49m  [0m[7m  [0m[7m  [0m[49m  [0m[7m  [0m[49m  [0m[49m  [0m[7m  [0m[7m  [0m[49m  [0m[7m  [0m
[7m  [0m[49m  [0m[7m  [0m[7m  [0m[7m  [0m[7m  [0m[7m  [0m[49m  [0m[7m  [0m[49m  [0m[49m  [0m[7m  [0m[7m  [0m[7m  [0m[7m  [0m[49m  [0m[7m  [0m[49m  [0m[49m  [0m[49m  [0m[7m  [0m[7m  [0m[49m  [0m[49m  [0m[7m  [0m[49m  [0m[7m  [0m
[7m  [0m[49m  [0m[49m  [0m[49m  [0m[49m  [0m[49m  [0m[49m  [0m[49m  [0m[7m  [0m[49m  [0m[7m  [0m[7m  [0m[7m  [0m[49m  [0m[7m  [0m[7m  [0m[49m  [0m[7m  [0m[7m  [0m[7m  [0m[49m  [0m[7m  [0m[49m  [0m[49m  [0m[7m  [0m[49m  [0m[7m  [0m
[7m  [0m[7m  [0m[7m  [0m[7m  [0m[7m  [0m[7m  [0m[7m  [0m[7m  [0m[7m  [0m[7m  [0m[7m  [0m[7m  [0m[7m  [0m[7m  [0m[7m  [0m[7m  [0m[7m  [0m[7m  [0m[7m  [0m[7m  [0m[7m  [0m[7m  [0m[7m  [0m[7m  [0m[7m  [0m[7m  [0m[7m  [0m

e0b7c8fb2bde0d.lhr.life tunneled with tls termination, https://e0b7c8fb2bde0d.lhr.life
create an account and add your key for a longer lasting domain name. see https://localhost.run/docs/forever-free/ for more information.
Open your tunnel address on your mobile with this QR:

[7m  [0m[7m  [0m[7m  [0m[7m  [0m[7m  [0m[7m  [0m[7m  [0m[7m  [0m[7m  [0m[7m  [0m[7m  [0m[7m  [0m[7m  [0m[7m  [0m[7m  [0m[7m  [0m[7m  [0m[7m  [0m[7m  [0m[7m  [0m[7m  [0m[7m  [0m[7m  [0m[7m  [0m[7m  [0m[7m  [0m[7m  [0m
[7m  [0m[49m  [0m[49m  [0m[49m  [0m[49m  [0m[49m  [0m[49m  [0m[49m  [0m[7m  [0m[49m  [0m[49m  [0m[49m  [0m[49m  [0m[7m  [0m[7m  [0m[7m  [0m[49m  [0m[49m  [0m[7m  [0m[49m  [0m[49m  [0m[49m  [0m[49m  [0m[49m  [0m[49m  [0m[49m  [0m[7m  [0m
[7m  [0m[49m  [0m[7m  [0m[7m  [0m[7m  [0m[7m  [0m[7m  [0m[49m  [0m[7m  [0m[7m  [0m[7m  [0m[7m  [0m[49m  [0m[49m  [0m[49m  [0m[49m  [0m[7m  [0m[49m  [0m[7m  [0m[49m  [0m[7m  [0m[7m  [0m[7m  [0m[7m  [0m[7m  [0m[49m  [0m[7m  [0m
[7m  [0m[49m  [0m[7m  [0m[49m  [0m[49m  [0m[49m  [0m[7m  [0m[49m  [0m[7m  [0m[7m  [0m[49m  [0m[7m  [0m[49m  [0m[7m  [0m[7m  [0m[7m  [0m[7m  [0m[49m  [0m[7m  [0m[49m  [0m[7m  [0m[49m  [0m[49m  [0m[49m  [0m[7m  [0m[49m  [0m[7m  [0m
[7m  [0m[49m  [0m[7m  [0m[49m  [0m[49m  [0m[49m  [0m[7m  [0m[49m  [0m[7m  [0m[7m  [0m[7m  [0m[49m  [0m[49m  [0m[7m  [0m[49m  [0m[7m  [0m[49m  [0m[7m  [0m[7m  [0m[49m  [0m[7m  [0m[49m  [0m[49m  [0m[49m  [0m[7m  [0m[49m  [0m[7m  [0m
[7m  [0m[49m  [0m[7m  [0m[49m  [0m[49m  [0m[49m  [0m[7m  [0m[49m  [0m[7m  [0m[7m  [0m[7m  [0m[49m  [0m[49m  [0m[49m  [0m[49m  [0m[49m  [0m[7m  [0m[7m  [0m[7m  [0m[49m  [0m[7m  [0m[49m  [0m[49m  [0m[49m  [0m[7m  [0m[49m  [0m[7m  [0m
[7m  [0m[49m  [0m[7m  [0m[7m  [0m[7m  [0m[7m  [0m[7m  [0m[49m  [0m[7m  [0m[7m  [0m[49m  [0m[7m  [0m[49m  [0m[7m  [0m[49m  [0m[49m  [0m[49m  [0m[7m  [0m[7m  [0m[49m  [0m[7m  [0m[7m  [0m[7m  [0m[7m  [0m[7m  [0m[49m  [0m[7m  [0m
[7m  [0m[49m  [0m[49m  [0m[49m  [0m[49m  [0m[49m  [0m[49m  [0m[49m  [0m[7m  [0m[49m  [0m[7m  [0m[49m  [0m[7m  [0m[49m  [0m[7m  [0m[49m  [0m[7m  [0m[49m  [0m[7m  [0m[49m  [0m[49m  [0m[49m  [0m[49m  [0m[49m  [0m[49m  [0m[49m  [0m[7m  [0m
[7m  [0m[7m  [0m[7m  [0m[7m  [0m[7m  [0m[7m  [0m[7m  [0m[7m  [0m[7m  [0m[49m  [0m[49m  [0m[7m  [0m[7m  [0m[49m  [0m[7m  [0m[49m  [0m[49m  [0m[7m  [0m[7m  [0m[7m  [0m[7m  [0m[7m  [0m[7m  [0m[7m  [0m[7m  [0m[7m  [0m[7m  [0m
[7m  [0m[49m  [0m[49m  [0m[7m  [0m[49m  [0m[49m  [0m[7m  [0m[49m  [0m[7m  [0m[7m  [0m[49m  [0m[7m  [0m[7m  [0m[49m  [0m[7m  [0m[49m  [0m[7m  [0m[7m  [0m[7m  [0m[49m  [0m[7m  [0m[7m  [0m[7m  [0m[7m  [0m[7m  [0m[49m  [0m[7m  [0m
[7m  [0m[7m  [0m[49m  [0m[49m  [0m[7m  [0m[49m  [0m[7m  [0m[7m  [0m[7m  [0m[7m  [0m[7m  [0m[49m  [0m[7m  [0m[7m  [0m[49m  [0m[49m  [0m[49m  [0m[7m  [0m[49m  [0m[49m  [0m[7m  [0m[7m  [0m[49m  [0m[49m  [0m[7m  [0m[7m  [0m[7m  [0m
[7m  [0m[49m  [0m[49m  [0m[7m  [0m[49m  [0m[49m  [0m[49m  [0m[49m  [0m[49m  [0m[49m  [0m[49m  [0m[7m  [0m[7m  [0m[49m  [0m[7m  [0m[7m  [0m[49m  [0m[49m  [0m[49m  [0m[49m  [0m[7m  [0m[49m  [0m[7m  [0m[7m  [0m[7m  [0m[49m  [0m[7m  [0m
[7m  [0m[49m  [0m[49m  [0m[49m  [0m[49m  [0m[49m  [0m[7m  [0m[7m  [0m[49m  [0m[7m  [0m[7m  [0m[7m  [0m[7m  [0m[7m  [0m[49m  [0m[7m  [0m[49m  [0m[49m  [0m[7m  [0m[49m  [0m[7m  [0m[49m  [0m[49m  [0m[49m  [0m[49m  [0m[7m  [0m[7m  [0m
[7m  [0m[49m  [0m[49m  [0m[7m  [0m[7m  [0m[7m  [0m[49m  [0m[49m  [0m[49m  [0m[49m  [0m[49m  [0m[49m  [0m[7m  [0m[7m  [0m[7m  [0m[7m  [0m[49m  [0m[49m  [0m[7m  [0m[49m  [0m[49m  [0m[49m  [0m[49m  [0m[49m  [0m[49m  [0m[7m  [0m[7m  [0m
[7m  [0m[49m  [0m[7m  [0m[7m  [0m[7m  [0m[7m  [0m[49m  [0m[7m  [0m[49m  [0m[49m  [0m[7m  [0m[49m  [0m[7m  [0m[49m  [0m[49m  [0m[49m  [0m[7m  [0m[7m  [0m[49m  [0m[49m  [0m[7m  [0m[7m  [0m[49m  [0m[7m  [0m[7m  [0m[7m  [0m[7m  [0m
[7m  [0m[49m  [0m[49m  [0m[49m  [0m[49m  [0m[7m  [0m[7m  [0m[49m  [0m[49m  [0m[49m  [0m[49m  [0m[49m  [0m[7m  [0m[7m  [0m[49m  [0m[49m  [0m[49m  [0m[49m  [0m[49m  [0m[49m  [0m[49m  [0m[49m  [0m[49m  [0m[7m  [0m[7m  [0m[7m  [0m[7m  [0m
[7m  [0m[49m  [0m[7m  [0m[7m  [0m[49m  [0m[49m  [0m[7m  [0m[7m  [0m[7m  [0m[7m  [0m[7m  [0m[49m  [0m[7m  [0m[49m  [0m[49m  [0m[49m  [0m[49m  [0m[7m  [0m[49m  [0m[7m  [0m[49m  [0m[7m  [0m[7m  [0m[49m  [0m[49m  [0m[49m  [0m[7m  [0m
[7m  [0m[49m  [0m[7m  [0m[7m  [0m[49m  [0m[49m  [0m[7m  [0m[49m  [0m[7m  [0m[49m  [0m[7m  [0m[7m  [0m[49m  [0m[49m  [0m[49m  [0m[7m  [0m[7m  [0m[49m  [0m[49m  [0m[49m  [0m[49m  [0m[49m  [0m[7m  [0m[49m  [0m[49m  [0m[49m  [0m[7m  [0m
[7m  [0m[7m  [0m[7m  [0m[7m  [0m[7m  [0m[7m  [0m[7m  [0m[7m  [0m[7m  [0m[49m  [0m[49m  [0m[49m  [0m[49m  [0m[7m  [0m[7m  [0m[7m  [0m[7m  [0m[49m  [0m[7m  [0m[7m  [0m[7m  [0m[49m  [0m[49m  [0m[7m  [0m[7m  [0m[7m  [0m[7m  [0m
[7m  [0m[49m  [0m[49m  [0m[49m  [0m[49m  [0m[49m  [0m[49m  [0m[49m  [0m[7m  [0m[7m  [0m[49m  [0m[49m  [0m[7m  [0m[49m  [0m[49m  [0m[49m  [0m[7m  [0m[49m  [0m[7m  [0m[49m  [0m[7m  [0m[49m  [0m[7m  [0m[49m  [0m[49m  [0m[7m  [0m[7m  [0m
[7m  [0m[49m  [0m[7m  [0m[7m  [0m[7m  [0m[7m  [0m[7m  [0m[49m  [0m[7m  [0m[7m  [0m[7m  [0m[7m  [0m[49m  [0m[7m  [0m[49m  [0m[49m  [0m[7m  [0m[49m  [0m[7m  [0m[7m  [0m[7m  [0m[49m  [0m[49m  [0m[49m  [0m[49m  [0m[7m  [0m[7m  [0m
[7m  [0m[49m  [0m[7m  [0m[49m  [0m[49m  [0m[49m  [0m[7m  [0m[49m  [0m[7m  [0m[49m  [0m[7m  [0m[7m  [0m[49m  [0m[7m  [0m[49m  [0m[7m  [0m[7m  [0m[49m  [0m[49m  [0m[49m  [0m[49m  [0m[49m  [0m[7m  [0m[49m  [0m[49m  [0m[7m  [0m[7m  [0m
[7m  [0m[49m  [0m[7m  [0m[49m  [0m[49m  [0m[49m  [0m[7m  [0m[49m  [0m[7m  [0m[49m  [0m[7m  [0m[49m  [0m[7m  [0m[49m  [0m[49m  [0m[49m  [0m[7m  [0m[49m  [0m[7m  [0m[49m  [0m[49m  [0m[7m  [0m[7m  [0m[49m  [0m[7m  [0m[49m  [0m[7m  [0m
[7m  [0m[49m  [0m[7m  [0m[49m  [0m[49m  [0m[49m  [0m[7m  [0m[49m  [0m[7m  [0m[7m  [0m[49m  [0m[7m  [0m[49m  [0m[7m  [0m[49m  [0m[7m  [0m[7m  [0m[7m  [0m[49m  [0m[49m  [0m[7m  [0m[49m  [0m[49m  [0m[49m  [0m[49m  [0m[49m  [0m[7m  [0m
[7m  [0m[49m  [0m[7m  [0m[7m  [0m[7m  [0m[7m  [0m[7m  [0m[49m  [0m[7m  [0m[49m  [0m[49m  [0m[7m  [0m[49m  [0m[49m  [0m[49m  [0m[7m  [0m[49m  [0m[49m  [0m[7m  [0m[49m  [0m[7m  [0m[49m  [0m[49m  [0m[49m  [0m[49m  [0m[7m  [0m[7m  [0m
[7m  [0m[49m  [0m[49m  [0m[49m  [0m[49m  [0m[49m  [0m[49m  [0m[49m  [0m[7m  [0m[49m  [0m[49m  [0m[49m  [0m[49m  [0m[49m  [0m[49m  [0m[7m  [0m[7m  [0m[49m  [0m[49m  [0m[7m  [0m[7m  [0m[49m  [0m[7m  [0m[7m  [0m[49m  [0m[49m  [0m[7m  [0m
[7m  [0m[7m  [0m[7m  [0m[7m  [0m[7m  [0m[7m  [0m[7m  [0m[7m  [0m[7m  [0m[7m  [0m[7m  [0m[7m  [0m[7m  [0m[7m  [0m[7m  [0m[7m  [0m[7m  [0m[7m  [0m[7m  [0m[7m  [0m[7m  [0m[7m  [0m[7m  [0m[7m  [0m[7m  [0m[7m  [0m[7m  [0m

0dc610c32e81bc.lhr.life tunneled with tls termination, https://0dc610c32e81bc.lhr.life
create an account and add your key for a longer lasting domain name. see https://localhost.run/docs/forever-free/ for more information.
Open your tunnel address on your mobile with this QR:

[7m  [0m[7m  [0m[7m  [0m[7m  [0m[7m  [0m[7m  [0m[7m  [0m[7m  [0m[7m  [0m[7m  [0m[7m  [0m[7m  [0m[7m  [0m[7m  [0m[7m  [0m[7m  [0m[7m  [0m[7m  [0m[7m  [0m[7m  [0m[7m  [0m[7m  [0m[7m  [0m[7m  [0m[7m  [0m[7m  [0m[7m  [0m
[7m  [0m[49m  [0m[49m  [0m[49m  [0m[49m  [0m[49m  [0m[49m  [0m[49m  [0m[7m  [0m[7m  [0m[7m  [0m[49m  [0m[7m  [0m[7m  [0m[49m  [0m[7m  [0m[7m  [0m[49m  [0m[7m  [0m[49m  [0m[49m  [0m[49m  [0m[49m  [0m[49m  [0m[49m  [0m[49m  [0m[7m  [0m
[7m  [0m[49m  [0m[7m  [0m[7m  [0m[7m  [0m[7m  [0m[7m  [0m[49m  [0m[7m  [0m[49m  [0m[49m  [0m[49m  [0m[7m  [0m[7m  [0m[7m  [0m[7m  [0m[49m  [0m[7m  [0m[7m  [0m[49m  [0m[7m  [0m[7m  [0m[7m  [0m[7m  [0m[7m  [0m[49m  [0m[7m  [0m
[7m  [0m[49m  [0m[7m  [0m[49m  [0m[49m  [0m[49m  [0m[7m  [0m[49m  [0m[7m  [0m[49m  [0m[7m  [0m[7m  [0m[7m  [0m[7m  [0m[49m  [0m[7m  [0m[49m  [0m[49m  [0m[7m  [0m[49m  [0m[7m  [0m[49m  [0m[49m  [0m[49m  [0m[7m  [0m[49m  [0m[7m  [0m
[7m  [0m[49m  [0m[7m  [0m[49m  [0m[49m  [0m[49m  [0m[7m  [0m[49m  [0m[7m  [0m[7m  [0m[49m  [0m[7m  [0m[7m  [0m[49m  [0m[7m  [0m[49m  [0m[7m  [0m[49m  [0m[7m  [0m[49m  [0m[7m  [0m[49m  [0m[49m  [0m[49m  [0m[7m  [0m[49m  [0m[7m  [0m
[7m  [0m[49m  [0m[7m  [0m[49m  [0m[49m  [0m[49m  [0m[7m  [0m[49m  [0m[7m  [0m[49m  [0m[49m  [0m[49m  [0m[7m  [0m[49m  [0m[7m  [0m[49m  [0m[49m  [0m[7m  [0m[7m  [0m[49m  [0m[7m  [0m[49m  [0m[49m  [0m[49m  [0m[7m  [0m[49m  [0m[7m  [0m
[7m  [0m[49m  [0m[7m  [0m[7m  [0m[7m  [0m[7m  [0m[7m  [0m[49m  [0m[7m  [0m[49m  [0m[7m  [0m[49m  [0m[7m  [0m[49m  [0m[7m  [0m[7m  [0m[7m  [0m[49m  [0m[7m  [0m[49m  [0m[7m  [0m[7m  [0m[7m  [0m[7m  [0m[7m  [0m[49m  [0m[7m  [0m
[7m  [0m[49m  [0m[49m  [0m[49m  [0m[49m  [0m[49m  [0m[49m  [0m[49m  [0m[7m  [0m[49m  [0m[7m  [0m[49m  [0m[7m  [0m[49m  [0m[7m  [0m[49m  [0m[7m  [0m[49m  [0m[7m  [0m[49m  [0m[49m  [0m[49m  [0m[49m  [0m[49m  [0m[49m  [0m[49m  [0m[7m  [0m
[7m  [0m[7m  [0m[7m  [0m[7m  [0m[7m  [0m[7m  [0m[7m  [0m[7m  [0m[7m  [0m[49m  [0m[7m  [0m[49m  [0m[49m  [0m[7m  [0m[49m  [0m[7m  [0m[7m  [0m[49m  [0m[7m  [0m[7m  [0m[7m  [0m[7m  [0m[7m  [0m[7m  [0m[7m  [0m[7m  [0m[7m  [0m
[7m  [0m[49m  [0m[49m  [0m[7m  [0m[49m  [0m[7m  [0m[7m  [0m[49m  [0m[49m  [0m[7m  [0m[7m  [0m[7m  [0m[49m  [0m[49m  [0m[49m  [0m[49m  [0m[49m  [0m[7m  [0m[7m  [0m[49m  [0m[49m  [0m[49m  [0m[7m  [0m[49m  [0m[49m  [0m[7m  [0m[7m  [0m
[7m  [0m[7m  [0m[7m  [0m[49m  [0m[49m  [0m[7m  [0m[49m  [0m[7m  [0m[7m  [0m[49m  [0m[49m  [0m[7m  [0m[49m  [0m[49m  [0m[7m  [0m[7m  [0m[7m  [0m[49m  [0m[7m  [0m[49m  [0m[49m  [0m[49m  [0m[7m  [0m[7m  [0m[49m  [0m[49m  [0m[7m  [0m
[7m  [0m[49m  [0m[7m  [0m[7m  [0m[7m  [0m[49m  [0m[49m  [0m[49m  [0m[49m  [0m[7m  [0m[7m  [0m[7m  [0m[49m  [0m[49m  [0m[49m  [0m[7m  [0m[49m  [0m[7m  [0m[49m  [0m[49m  [0m[49m  [0m[49m  [0m[49m  [0m[7m  [0m[49m  [0m[49m  [0m[7m  [0m
[7m  [0m[49m  [0m[7m  [0m[7m  [0m[7m  [0m[7m  [0m[49m  [0m[7m  [0m[7m  [0m[49m  [0m[49m  [0m[49m  [0m[49m  [0m[49m  [0m[7m  [0m[49m  [0m[7m  [0m[49m  [0m[49m  [0m[7m  [0m[49m  [0m[49m  [0m[7m  [0m[7m  [0m[7m  [0m[49m  [0m[7m  [0m
[7m  [0m[49m  [0m[49m  [0m[7m  [0m[7m  [0m[7m  [0m[49m  [0m[49m  [0m[49m  [0m[49m  [0m[7m  [0m[49m  [0m[49m  [0m[7m  [0m[49m  [0m[7m  [0m[49m  [0m[7m  [0m[7m  [0m[49m  [0m[7m  [0m[49m  [0m[7m  [0m[49m  [0m[7m  [0m[7m  [0m[7m  [0m
[7m  [0m[7m  [0m[49m  [0m[49m  [0m[49m  [0m[49m  [0m[7m  [0m[7m  [0m[49m  [0m[7m  [0m[7m  [0m[7m  [0m[49m  [0m[7m  [0m[7m  [0m[7m  [0m[7m  [0m[7m  [0m[49m  [0m[7m  [0m[49m  [0m[7m  [0m[7m  [0m[49m  [0m[49m  [0m[49m  [0m[7m  [0m
[7m  [0m[49m  [0m[7m  [0m[49m  [0m[49m  [0m[49m  [0m[49m  [0m[49m  [0m[49m  [0m[49m  [0m[49m  [0m[49m  [0m[49m  [0m[7m  [0m[7m  [0m[49m  [0m[7m  [0m[49m  [0m[7m  [0m[7m  [0m[7m  [0m[7m  [0m[7m  [0m[7m  [0m[49m  [0m[7m  [0m[7m  [0m
[7m  [0m[7m  [0m[49m  [0m[7m  [0m[7m  [0m[7m  [0m[7m  [0m[7m  [0m[49m  [0m[7m  [0m[7m  [0m[7m  [0m[49m  [0m[7m  [0m[7m  [0m[7m  [0m[7m  [0m[7m  [0m[7m  [0m[49m  [0m[7m  [0m[7m  [0m[49m  [0m[7m  [0m[7m  [0m[7m  [0m[7m  [0m
[7m  [0m[49m  [0m[49m  [0m[49m  [0m[49m  [0m[7m  [0m[49m  [0m[49m  [0m[7m  [0m[7m  [0m[7m  [0m[49m  [0m[7m  [0m[49m  [0m[7m  [0m[7m  [0m[7m  [0m[49m  [0m[49m  [0m[49m  [0m[49m  [0m[49m  [0m[49m  [0m[49m  [0m[7m  [0m[49m  [0m[7m  [0m
[7m  [0m[7m  [0m[7m  [0m[7m  [0m[7m  [0m[7m  [0m[7m  [0m[7m  [0m[7m  [0m[49m  [0m[49m  [0m[49m  [0m[7m  [0m[49m  [0m[49m  [0m[49m  [0m[7m  [0m[49m  [0m[7m  [0m[7m  [0m[7m  [0m[49m  [0m[7m  [0m[49m  [0m[49m  [0m[49m  [0m[7m  [0m
[7m  [0m[49m  [0m[49m  [0m[49m  [0m[49m  [0m[49m  [0m[49m  [0m[49m  [0m[7m  [0m[49m  [0m[7m  [0m[7m  [0m[49m  [0m[49m  [0m[7m  [0m[49m  [0m[7m  [0m[49m  [0m[7m  [0m[49m  [0m[7m  [0m[49m  [0m[49m  [0m[49m  [0m[7m  [0m[7m  [0m[7m  [0m
[7m  [0m[49m  [0m[7m  [0m[7m  [0m[7m  [0m[7m  [0m[7m  [0m[49m  [0m[7m  [0m[7m  [0m[49m  [0m[7m  [0m[7m  [0m[49m  [0m[7m  [0m[7m  [0m[7m  [0m[49m  [0m[7m  [0m[7m  [0m[7m  [0m[49m  [0m[7m  [0m[7m  [0m[7m  [0m[49m  [0m[7m  [0m
[7m  [0m[49m  [0m[7m  [0m[49m  [0m[49m  [0m[49m  [0m[7m  [0m[49m  [0m[7m  [0m[7m  [0m[49m  [0m[49m  [0m[7m  [0m[7m  [0m[7m  [0m[7m  [0m[49m  [0m[49m  [0m[49m  [0m[49m  [0m[49m  [0m[49m  [0m[49m  [0m[49m  [0m[7m  [0m[7m  [0m[7m  [0m
[7m  [0m[49m  [0m[7m  [0m[49m  [0m[49m  [0m[49m  [0m[7m  [0m[49m  [0m[7m  [0m[49m  [0m[49m  [0m[7m  [0m[49m  [0m[7m  [0m[7m  [0m[7m  [0m[49m  [0m[49m  [0m[49m  [0m[49m  [0m[49m  [0m[7m  [0m[49m  [0m[7m  [0m[49m  [0m[7m  [0m[7m  [0m
[7m  [0m[49m  [0m[7m  [0m[49m  [0m[49m  [0m[49m  [0m[7m  [0m[49m  [0m[7m  [0m[7m  [0m[49m  [0m[49m  [0m[7m  [0m[7m  [0m[7m  [0m[7m  [0m[7m  [0m[7m  [0m[7m  [0m[49m  [0m[7m  [0m[49m  [0m[7m  [0m[7m  [0m[7m  [0m[49m  [0m[7m  [0m
[7m  [0m[49m  [0m[7m  [0m[7m  [0m[7m  [0m[7m  [0m[7m  [0m[49m  [0m[7m  [0m[49m  [0m[7m  [0m[49m  [0m[7m  [0m[7m  [0m[7m  [0m[49m  [0m[49m  [0m[7m  [0m[49m  [0m[7m  [0m[7m  [0m[49m  [0m[49m  [0m[7m  [0m[7m  [0m[49m  [0m[7m  [0m
[7m  [0m[49m  [0m[49m  [0m[49m  [0m[49m  [0m[49m  [0m[49m  [0m[49m  [0m[7m  [0m[49m  [0m[7m  [0m[49m  [0m[7m  [0m[49m  [0m[7m  [0m[7m  [0m[7m  [0m[7m  [0m[7m  [0m[7m  [0m[49m  [0m[7m  [0m[7m  [0m[49m  [0m[7m  [0m[49m  [0m[7m  [0m
[7m  [0m[7m  [0m[7m  [0m[7m  [0m[7m  [0m[7m  [0m[7m  [0m[7m  [0m[7m  [0m[7m  [0m[7m  [0m[7m  [0m[7m  [0m[7m  [0m[7m  [0m[7m  [0m[7m  [0m[7m  [0m[7m  [0m[7m  [0m[7m  [0m[7m  [0m[7m  [0m[7m  [0m[7m  [0m[7m  [0m[7m  [0m

f30df40caf6639.lhr.life tunneled with tls termination, https://f30df40caf6639.lhr.life
create an account and add your key for a longer lasting domain name. see https://localhost.run/docs/forever-free/ for more information.
Open your tunnel address on your mobile with this QR:

[7m  [0m[7m  [0m[7m  [0m[7m  [0m[7m  [0m[7m  [0m[7m  [0m[7m  [0m[7m  [0m[7m  [0m[7m  [0m[7m  [0m[7m  [0m[7m  [0m[7m  [0m[7m  [0m[7m  [0m[7m  [0m[7m  [0m[7m  [0m[7m  [0m[7m  [0m[7m  [0m[7m  [0m[7m  [0m[7m  [0m[7m  [0m
[7m  [0m[49m  [0m[49m  [0m[49m  [0m[49m  [0m[49m  [0m[49m  [0m[49m  [0m[7m  [0m[49m  [0m[49m  [0m[7m  [0m[7m  [0m[7m  [0m[49m  [0m[49m  [0m[49m  [0m[7m  [0m[7m  [0m[49m  [0m[49m  [0m[49m  [0m[49m  [0m[49m  [0m[49m  [0m[49m  [0m[7m  [0m
[7m  [0m[49m  [0m[7m  [0m[7m  [0m[7m  [0m[7m  [0m[7m  [0m[49m  [0m[7m  [0m[7m  [0m[7m  [0m[7m  [0m[7m  [0m[7m  [0m[7m  [0m[49m  [0m[7m  [0m[49m  [0m[7m  [0m[49m  [0m[7m  [0m[7m  [0m[7m  [0m[7m  [0m[7m  [0m[49m  [0m[7m  [0m
[7m  [0m[49m  [0m[7m  [0m[49m  [0m[49m  [0m[49m  [0m[7m  [0m[49m  [0m[7m  [0m[49m  [0m[7m  [0m[7m  [0m[49m  [0m[49m  [0m[7m  [0m[7m  [0m[49m  [0m[49m  [0m[7m  [0m[49m  [0m[7m  [0m[49m  [0m[49m  [0m[49m  [0m[7m  [0m[49m  [0m[7m  [0m
[7m  [0m[49m  [0m[7m  [0m[49m  [0m[49m  [0m[49m  [0m[7m  [0m[49m  [0m[7m  [0m[49m  [0m[49m  [0m[7m  [0m[49m  [0m[7m  [0m[49m  [0m[49m  [0m[7m  [0m[49m  [0m[7m  [0m[49m  [0m[7m  [0m[49m  [0m[49m  [0m[49m  [0m[7m  [0m[49m  [0m[7m  [0m
[7m  [0m[49m  [0m[7m  [0m[49m  [0m[49m  [0m[49m  [0m[7m  [0m[49m  [0m[7m  [0m[49m  [0m[49m  [0m[49m  [0m[49m  [0m[7m  [0m[49m  [0m[49m  [0m[49m  [0m[7m  [0m[7m  [0m[49m  [0m[7m  [0m[49m  [0m[49m  [0m[49m  [0m[7m  [0m[49m  [0m[7m  [0m
[7m  [0m[49m  [0m[7m  [0m[7m  [0m[7m  [0m[7m  [0m[7m  [0m[49m  [0m[7m  [0m[7m  [0m[49m  [0m[7m  [0m[7m  [0m[49m  [0m[7m  [0m[49m  [0m[49m  [0m[7m  [0m[7m  [0m[49m  [0m[7m  [0m[7m  [0m[7m  [0m[7m  [0m[7m  [0m[49m  [0m[7m  [0m
[7m  [0m[49m  [0m[49m  [0m[49m  [0m[49m  [0m[49m  [0m[49m  [0m[49m  [0m[7m  [0m[49m  [0m[7m  [0m[49m  [0m[7m  [0m[49m  [0m[7m  [0m[49m  [0m[7m  [0m[49m  [0m[7m  [0m[49m  [0m[49m  [0m[49m  [0m[49m  [0m[49m  [0m[49m  [0m[49m  [0m[7m  [0m
[7m  [0m[7m  [0m[7m  [0m[7m  [0m[7m  [0m[7m  [0m[7m  [0m[7m  [0m[7m  [0m[7m  [0m[49m  [0m[7m  [0m[49m  [0m[7m  [0m[49m  [0m[49m  [0m[49m  [0m[7m  [0m[7m  [0m[7m  [0m[7m  [0m[7m  [0m[7m  [0m[7m  [0m[7m  [0m[7m  [0m[7m  [0m
[7m  [0m[49m  [0m[49m  [0m[49m  [0m[49m  [0m[7m  [0m[7m  [0m[49m  [0m[7m  [0m[49m  [0m[7m  [0m[7m  [0m[7m  [0m[7m  [0m[7m  [0m[49m  [0m[49m  [0m[7m  [0m[49m  [0m[7m  [0m[7m  [0m[49m  [0m[49m  [0m[49m  [0m[7m  [0m[49m  [0m[7m  [0m
[7m  [0m[7m  [0m[7m  [0m[7m  [0m[7m  [0m[49m  [0m[49m  [0m[7m  [0m[7m  [0m[7m  [0m[49m  [0m[7m  [0m[7m  [0m[7m  [0m[49m  [0m[7m  [0m[7m  [0m[7m  [0m[49m  [0m[49m  [0m[7m  [0m[49m  [0m[7m  [0m[7m  [0m[7m  [0m[7m  [0m[7m  [0m
[7m  [0m[49m  [0m[49m  [0m[7m  [0m[49m  [0m[7m  [0m[7m  [0m[49m  [0m[7m  [0m[49m  [0m[7m  [0m[7m  [0m[7m  [0m[7m  [0m[7m  [0m[7m  [0m[7m  [0m[7m  [0m[7m  [0m[49m  [0m[7m  [0m[7m  [0m[49m  [0m[7m  [0m[7m  [0m[7m  [0m[7m  [0m
[7m  [0m[49m  [0m[49m  [0m[49m  [0m[7m  [0m[49m  [0m[7m  [0m[7m  [0m[49m  [0m[7m  [0m[7m  [0m[7m  [0m[49m  [0m[49m  [0m[7m  [0m[7m  [0m[7m  [0m[7m  [0m[7m  [0m[7m  [0m[49m  [0m[49m  [0m[49m  [0m[49m  [0m[7m  [0m[49m  [0m[7m  [0m
[7m  [0m[49m  [0m[7m  [0m[49m  [0m[49m  [0m[49m  [0m[49m  [0m[49m  [0m[7m  [0m[7m  [0m[49m  [0m[7m  [0m[49m  [0m[7m  [0m[49m  [0m[49m  [0m[49m  [0m[7m  [0m[7m  [0m[49m  [0m[7m  [0m[49m  [0m[49m  [0m[7m  [0m[7m  [0m[7m  [0m[7m  [0m
[7m  [0m[7m  [0m[49m  [0m[7m  [0m[49m  [0m[7m  [0m[49m  [0m[7m  [0m[7m  [0m[7m  [0m[7m  [0m[49m  [0m[49m  [0m[7m  [0m[7m  [0m[49m  [0m[49m  [0m[7m  [0m[49m  [0m[7m  [0m[7m  [0m[7m  [0m[49m  [0m[7m  [0m[49m  [0m[49m  [0m[7m  [0m
[7m  [0m[7m  [0m[49m  [0m[7m  [0m[49m  [0m[7m  [0m[49m  [0m[49m  [0m[49m  [0m[7m  [0m[49m  [0m[7m  [0m[7m  [0m[49m  [0m[49m  [0m[49m  [0m[7m  [0m[49m  [0m[49m  [0m[7m  [0m[7m  [0m[7m  [0m[7m  [0m[7m  [0m[7m  [0m[49m  [0m[7m  [0m
[7m  [0m[49m  [0m[7m  [0m[7m  [0m[7m  [0m[49m  [0m[49m  [0m[7m  [0m[49m  [0m[49m  [0m[7m  [0m[49m  [0m[7m  [0m[49m  [0m[49m  [0m[7m  [0m[49m  [0m[7m  [0m[7m  [0m[7m  [0m[7m  [0m[7m  [0m[49m  [0m[7m  [0m[49m  [0m[49m  [0m[7m  [0m
[7m  [0m[7m  [0m[7m  [0m[49m  [0m[49m  [0m[7m  [0m[7m  [0m[49m  [0m[49m  [0m[49m  [0m[7m  [0m[49m  [0m[49m  [0m[7m  [0m[49m  [0m[7m  [0m[49m  [0m[49m  [0m[49m  [0m[49m  [0m[49m  [0m[49m  [0m[49m  [0m[49m  [0m[49m  [0m[7m  [0m[7m  [0m
[7m  [0m[7m  [0m[7m  [0m[7m  [0m[7m  [0m[7m  [0m[7m  [0m[7m  [0m[7m  [0m[49m  [0m[7m  [0m[49m  [0m[7m  [0m[49m  [0m[49m  [0m[7m  [0m[7m  [0m[49m  [0m[7m  [0m[7m  [0m[7m  [0m[49m  [0m[49m  [0m[7m  [0m[49m  [0m[49m  [0m[7m  [0m
[7m  [0m[49m  [0m[49m  [0m[49m  [0m[49m  [0m[49m  [0m[49m  [0m[49m  [0m[7m  [0m[7m  [0m[49m  [0m[49m  [0m[49m  [0m[49m  [0m[7m  [0m[7m  [0m[7m  [0m[49m  [0m[7m  [0m[49m  [0m[7m  [0m[49m  [0m[7m  [0m[7m  [0m[7m  [0m[7m  [0m[7m  [0m
[7m  [0m[49m  [0m[7m  [0m[7m  [0m[7m  [0m[7m  [0m[7m  [0m[49m  [0m[7m  [0m[7m  [0m[7m  [0m[49m  [0m[7m  [0m[49m  [0m[7m  [0m[49m  [0m[7m  [0m[49m  [0m[7m  [0m[7m  [0m[7m  [0m[49m  [0m[49m  [0m[49m  [0m[7m  [0m[49m  [0m[7m  [0m
[7m  [0m[49m  [0m[7m  [0m[49m  [0m[49m  [0m[49m  [0m[7m  [0m[49m  [0m[7m  [0m[7m  [0m[7m  [0m[49m  [0m[49m  [0m[49m  [0m[49m  [0m[7m  [0m[7m  [0m[49m  [0m[49m  [0m[49m  [0m[49m  [0m[49m  [0m[49m  [0m[49m  [0m[49m  [0m[49m  [0m[7m  [0m
[7m  [0m[49m  [0m[7m  [0m[49m  [0m[49m  [0m[49m  [0m[7m  [0m[49m  [0m[7m  [0m[49m  [0m[7m  [0m[49m  [0m[7m  [0m[49m  [0m[49m  [0m[7m  [0m[49m  [0m[49m  [0m[7m  [0m[49m  [0m[7m  [0m[7m  [0m[49m  [0m[7m  [0m[7m  [0m[49m  [0m[7m  [0m
[7m  [0m[49m  [0m[7m  [0m[49m  [0m[49m  [0m[49m  [0m[7m  [0m[49m  [0m[7m  [0m[49m  [0m[7m  [0m[7m  [0m[49m  [0m[49m  [0m[49m  [0m[7m  [0m[7m  [0m[7m  [0m[7m  [0m[7m  [0m[7m  [0m[49m  [0m[7m  [0m[49m  [0m[49m  [0m[7m  [0m[7m  [0m
[7m  [0m[49m  [0m[7m  [0m[7m  [0m[7m  [0m[7m  [0m[7m  [0m[49m  [0m[7m  [0m[49m  [0m[7m  [0m[49m  [0m[7m  [0m[7m  [0m[7m  [0m[7m  [0m[49m  [0m[49m  [0m[49m  [0m[49m  [0m[49m  [0m[49m  [0m[7m  [0m[7m  [0m[7m  [0m[49m  [0m[7m  [0m
[7m  [0m[49m  [0m[49m  [0m[49m  [0m[49m  [0m[49m  [0m[49m  [0m[49m  [0m[7m  [0m[49m  [0m[49m  [0m[7m  [0m[7m  [0m[49m  [0m[7m  [0m[49m  [0m[49m  [0m[7m  [0m[49m  [0m[49m  [0m[49m  [0m[7m  [0m[49m  [0m[49m  [0m[7m  [0m[49m  [0m[7m  [0m
[7m  [0m[7m  [0m[7m  [0m[7m  [0m[7m  [0m[7m  [0m[7m  [0m[7m  [0m[7m  [0m[7m  [0m[7m  [0m[7m  [0m[7m  [0m[7m  [0m[7m  [0m[7m  [0m[7m  [0m[7m  [0m[7m  [0m[7m  [0m[7m  [0m[7m  [0m[7m  [0m[7m  [0m[7m  [0m[7m  [0m[7m  [0m

94b7d9a9542005.lhr.life tunneled with tls termination, https://94b7d9a9542005.lhr.life
create an account and add your key for a longer lasting domain name. see https://localhost.run/docs/forever-free/ for more information.
Open your tunnel address on your mobile with this QR:

[7m  [0m[7m  [0m[7m  [0m[7m  [0m[7m  [0m[7m  [0m[7m  [0m[7m  [0m[7m  [0m[7m  [0m[7m  [0m[7m  [0m[7m  [0m[7m  [0m[7m  [0m[7m  [0m[7m  [0m[7m  [0m[7m  [0m[7m  [0m[7m  [0m[7m  [0m[7m  [0m[7m  [0m[7m  [0m[7m  [0m[7m  [0m
[7m  [0m[49m  [0m[49m  [0m[49m  [0m[49m  [0m[49m  [0m[49m  [0m[49m  [0m[7m  [0m[49m  [0m[49m  [0m[49m  [0m[49m  [0m[7m  [0m[7m  [0m[7m  [0m[49m  [0m[49m  [0m[7m  [0m[49m  [0m[49m  [0m[49m  [0m[49m  [0m[49m  [0m[49m  [0m[49m  [0m[7m  [0m
[7m  [0m[49m  [0m[7m  [0m[7m  [0m[7m  [0m[7m  [0m[7m  [0m[49m  [0m[7m  [0m[7m  [0m[7m  [0m[7m  [0m[49m  [0m[49m  [0m[49m  [0m[49m  [0m[7m  [0m[49m  [0m[7m  [0m[49m  [0m[7m  [0m[7m  [0m[7m  [0m[7m  [0m[7m  [0m[49m  [0m[7m  [0m
[7m  [0m[49m  [0m[7m  [0m[49m  [0m[49m  [0m[49m  [0m[7m  [0m[49m  [0m[7m  [0m[7m  [0m[49m  [0m[7m  [0m[49m  [0m[7m  [0m[7m  [0m[7m  [0m[7m  [0m[49m  [0m[7m  [0m[49m  [0m[7m  [0m[49m  [0m[49m  [0m[49m  [0m[7m  [0m[49m  [0m[7m  [0m
[7m  [0m[49m  [0m[7m  [0m[49m  [0m[49m  [0m[49m  [0m[7m  [0m[49m  [0m[7m  [0m[7m  [0m[7m  [0m[49m  [0m[49m  [0m[7m  [0m[49m  [0m[7m  [0m[49m  [0m[7m  [0m[7m  [0m[49m  [0m[7m  [0m[49m  [0m[49m  [0m[49m  [0m[7m  [0m[49m  [0m[7m  [0m
[7m  [0m[49m  [0m[7m  [0m[49m  [0m[49m  [0m[49m  [0m[7m  [0m[49m  [0m[7m  [0m[7m  [0m[7m  [0m[49m  [0m[49m  [0m[49m  [0m[49m  [0m[49m  [0m[7m  [0m[7m  [0m[7m  [0m[49m  [0m[7m  [0m[49m  [0m[49m  [0m[49m  [0m[7m  [0m[49m  [0m[7m  [0m
[7m  [0m[49m  [0m[7m  [0m[7m  [0m[7m  [0m[7m  [0m[7m  [0m[49m  [0m[7m  [0m[7m  [0m[49m  [0m[7m  [0m[49m  [0m[7m  [0m[49m  [0m[49m  [0m[49m  [0m[7m  [0m[7m  [0m[49m  [0m[7m  [0m[7m  [0m[7m  [0m[7m  [0m[7m  [0m[49m  [0m[7m  [0m
[7m  [0m[49m  [0m[49m  [0m[49m  [0m[49m  [0m[49m  [0m[49m  [0m[49m  [0m[7m  [0m[49m  [0m[7m  [0m[49m  [0m[7m  [0m[49m  [0m[7m  [0m[49m  [0m[7m  [0m[49m  [0m[7m  [0m[49m  [0m[49m  [0m[49m  [0m[49m  [0m[49m  [0m[49m  [0m[49m  [0m[7m  [0m
[7m  [0m[7m  [0m[7m  [0m[7m  [0m[7m  [0m[7m  [0m[7m  [0m[7m  [0m[7m  [0m[49m  [0m[49m  [0m[7m  [0m[7m  [0m[49m  [0m[7m  [0m[49m  [0m[49m  [0m[7m  [0m[7m  [0m[7m  [0m[7m  [0m[7m  [0m[7m  [0m[7m  [0m[7m  [0m[7m  [0m[7m  [0m
[7m  [0m[49m  [0m[49m  [0m[7m  [0m[49m  [0m[49m  [0m[7m  [0m[49m  [0m[7m  [0m[7m  [0m[49m  [0m[7m  [0m[7m  [0m[49m  [0m[7m  [0m[49m  [0m[7m  [0m[7m  [0m[7m  [0m[49m  [0m[7m  [0m[7m  [0m[7m  [0m[7m  [0m[7m  [0m[49m  [0m[7m  [0m
[7m  [0m[49m  [0m[7m  [0m[49m  [0m[49m  [0m[49m  [0m[49m  [0m[7m  [0m[49m  [0m[49m  [0m[7m  [0m[49m  [0m[7m  [0m[7m  [0m[49m  [0m[49m  [0m[49m  [0m[7m  [0m[7m  [0m[49m  [0m[49m  [0m[49m  [0m[49m  [0m[49m  [0m[7m  [0m[7m  [0m[7m  [0m
[7m  [0m[49m  [0m[7m  [0m[49m  [0m[49m  [0m[7m  [0m[7m  [0m[49m  [0m[49m  [0m[49m  [0m[49m  [0m[7m  [0m[7m  [0m[49m  [0m[7m  [0m[7m  [0m[49m  [0m[49m  [0m[49m  [0m[7m  [0m[49m  [0m[49m  [0m[7m  [0m[7m  [0m[7m  [0m[49m  [0m[7m  [0m
[7m  [0m[49m  [0m[7m  [0m[49m  [0m[49m  [0m[49m  [0m[49m  [0m[7m  [0m[7m  [0m[7m  [0m[7m  [0m[7m  [0m[7m  [0m[7m  [0m[49m  [0m[7m  [0m[7m  [0m[49m  [0m[49m  [0m[49m  [0m[7m  [0m[49m  [0m[49m  [0m[49m  [0m[49m  [0m[7m  [0m[7m  [0m
[7m  [0m[7m  [0m[49m  [0m[7m  [0m[7m  [0m[7m  [0m[7m  [0m[49m  [0m[7m  [0m[7m  [0m[49m  [0m[49m  [0m[7m  [0m[7m  [0m[7m  [0m[7m  [0m[49m  [0m[49m  [0m[7m  [0m[7m  [0m[49m  [0m[49m  [0m[49m  [0m[49m  [0m[49m  [0m[7m  [0m[7m  [0m
[7m  [0m[49m  [0m[7m  [0m[7m  [0m[7m  [0m[49m  [0m[7m  [0m[7m  [0m[49m  [0m[7m  [0m[7m  [0m[49m  [0m[7m  [0m[49m  [0m[49m  [0m[49m  [0m[7m  [0m[7m  [0m[7m  [0m[7m  [0m[7m  [0m[7m  [0m[49m  [0m[7m  [0m[7m  [0m[7m  [0m[7m  [0m
[7m  [0m[49m  [0m[49m  [0m[7m  [0m[7m  [0m[7m  [0m[49m  [0m[49m  [0m[7m  [0m[49m  [0m[49m  [0m[49m  [0m[7m  [0m[7m  [0m[49m  [0m[49m  [0m[49m  [0m[49m  [0m[49m  [0m[49m  [0m[49m  [0m[49m  [0m[49m  [0m[7m  [0m[7m  [0m[7m  [0m[7m  [0m
[7m  [0m[49m  [0m[7m  [0m[7m  [0m[49m  [0m[7m  [0m[7m  [0m[7m  [0m[49m  [0m[7m  [0m[7m  [0m[49m  [0m[7m  [0m[49m  [0m[49m  [0m[49m  [0m[7m  [0m[7m  [0m[49m  [0m[49m  [0m[49m  [0m[7m  [0m[7m  [0m[49m  [0m[49m  [0m[49m  [0m[7m  [0m
[7m  [0m[49m  [0m[7m  [0m[49m  [0m[49m  [0m[49m  [0m[7m  [0m[49m  [0m[7m  [0m[7m  [0m[49m  [0m[7m  [0m[49m  [0m[49m  [0m[49m  [0m[7m  [0m[49m  [0m[49m  [0m[49m  [0m[49m  [0m[49m  [0m[49m  [0m[7m  [0m[49m  [0m[49m  [0m[49m  [0m[7m  [0m
[7m  [0m[7m  [0m[7m  [0m[7m  [0m[7m  [0m[7m  [0m[7m  [0m[7m  [0m[7m  [0m[49m  [0m[7m  [0m[7m  [0m[49m  [0m[7m  [0m[7m  [0m[7m  [0m[49m  [0m[49m  [0m[7m  [0m[7m  [0m[7m  [0m[49m  [0m[49m  [0m[7m  [0m[7m  [0m[7m  [0m[7m  [0m
[7m  [0m[49m  [0m[49m  [0m[49m  [0m[49m  [0m[49m  [0m[49m  [0m[49m  [0m[7m  [0m[7m  [0m[49m  [0m[7m  [0m[7m  [0m[49m  [0m[49m  [0m[49m  [0m[7m  [0m[49m  [0m[7m  [0m[49m  [0m[7m  [0m[49m  [0m[7m  [0m[49m  [0m[49m  [0m[7m  [0m[7m  [0m
[7m  [0m[49m  [0m[7m  [0m[7m  [0m[7m  [0m[7m  [0m[7m  [0m[49m  [0m[7m  [0m[7m  [0m[7m  [0m[49m  [0m[49m  [0m[7m  [0m[49m  [0m[49m  [0m[7m  [0m[49m  [0m[7m  [0m[7m  [0m[7m  [0m[49m  [0m[49m  [0m[49m  [0m[49m  [0m[7m  [0m[7m  [0m
[7m  [0m[49m  [0m[7m  [0m[49m  [0m[49m  [0m[49m  [0m[7m  [0m[49m  [0m[7m  [0m[49m  [0m[7m  [0m[49m  [0m[49m  [0m[7m  [0m[49m  [0m[7m  [0m[7m  [0m[49m  [0m[49m  [0m[49m  [0m[49m  [0m[49m  [0m[7m  [0m[49m  [0m[49m  [0m[7m  [0m[7m  [0m
[7m  [0m[49m  [0m[7m  [0m[49m  [0m[49m  [0m[49m  [0m[7m  [0m[49m  [0m[7m  [0m[49m  [0m[49m  [0m[7m  [0m[7m  [0m[49m  [0m[49m  [0m[49m  [0m[7m  [0m[49m  [0m[7m  [0m[7m  [0m[49m  [0m[7m  [0m[7m  [0m[49m  [0m[7m  [0m[49m  [0m[7m  [0m
[7m  [0m[49m  [0m[7m  [0m[49m  [0m[49m  [0m[49m  [0m[7m  [0m[49m  [0m[7m  [0m[7m  [0m[49m  [0m[7m  [0m[49m  [0m[7m  [0m[49m  [0m[7m  [0m[49m  [0m[7m  [0m[49m  [0m[49m  [0m[7m  [0m[49m  [0m[7m  [0m[7m  [0m[49m  [0m[49m  [0m[7m  [0m
[7m  [0m[49m  [0m[7m  [0m[7m  [0m[7m  [0m[7m  [0m[7m  [0m[49m  [0m[7m  [0m[49m  [0m[49m  [0m[7m  [0m[49m  [0m[49m  [0m[49m  [0m[7m  [0m[49m  [0m[49m  [0m[7m  [0m[7m  [0m[49m  [0m[7m  [0m[7m  [0m[7m  [0m[49m  [0m[7m  [0m[7m  [0m
[7m  [0m[49m  [0m[49m  [0m[49m  [0m[49m  [0m[49m  [0m[49m  [0m[49m  [0m[7m  [0m[49m  [0m[7m  [0m[7m  [0m[49m  [0m[49m  [0m[49m  [0m[7m  [0m[7m  [0m[49m  [0m[49m  [0m[7m  [0m[49m  [0m[7m  [0m[7m  [0m[49m  [0m[49m  [0m[49m  [0m[7m  [0m
[7m  [0m[7m  [0m[7m  [0m[7m  [0m[7m  [0m[7m  [0m[7m  [0m[7m  [0m[7m  [0m[7m  [0m[7m  [0m[7m  [0m[7m  [0m[7m  [0m[7m  [0m[7m  [0m[7m  [0m[7m  [0m[7m  [0m[7m  [0m[7m  [0m[7m  [0m[7m  [0m[7m  [0m[7m  [0m[7m  [0m[7m  [0m

bb0da88953b62c.lhr.life tunneled with tls termination, https://bb0da88953b62c.lhr.life
create an account and add your key for a longer lasting domain name. see https://localhost.run/docs/forever-free/ for more information.
Open your tunnel address on your mobile with this QR:

[7m  [0m[7m  [0m[7m  [0m[7m  [0m[7m  [0m[7m  [0m[7m  [0m[7m  [0m[7m  [0m[7m  [0m[7m  [0m[7m  [0m[7m  [0m[7m  [0m[7m  [0m[7m  [0m[7m  [0m[7m  [0m[7m  [0m[7m  [0m[7m  [0m[7m  [0m[7m  [0m[7m  [0m[7m  [0m[7m  [0m[7m  [0m
[7m  [0m[49m  [0m[49m  [0m[49m  [0m[49m  [0m[49m  [0m[49m  [0m[49m  [0m[7m  [0m[7m  [0m[7m  [0m[49m  [0m[7m  [0m[7m  [0m[49m  [0m[7m  [0m[7m  [0m[49m  [0m[7m  [0m[49m  [0m[49m  [0m[49m  [0m[49m  [0m[49m  [0m[49m  [0m[49m  [0m[7m  [0m
[7m  [0m[49m  [0m[7m  [0m[7m  [0m[7m  [0m[7m  [0m[7m  [0m[49m  [0m[7m  [0m[49m  [0m[49m  [0m[49m  [0m[7m  [0m[7m  [0m[7m  [0m[7m  [0m[49m  [0m[7m  [0m[7m  [0m[49m  [0m[7m  [0m[7m  [0m[7m  [0m[7m  [0m[7m  [0m[49m  [0m[7m  [0m
[7m  [0m[49m  [0m[7m  [0m[49m  [0m[49m  [0m[49m  [0m[7m  [0m[49m  [0m[7m  [0m[49m  [0m[7m  [0m[7m  [0m[7m  [0m[7m  [0m[49m  [0m[7m  [0m[49m  [0m[49m  [0m[7m  [0m[49m  [0m[7m  [0m[49m  [0m[49m  [0m[49m  [0m[7m  [0m[49m  [0m[7m  [0m
[7m  [0m[49m  [0m[7m  [0m[49m  [0m[49m  [0m[49m  [0m[7m  [0m[49m  [0m[7m  [0m[7m  [0m[49m  [0m[7m  [0m[7m  [0m[49m  [0m[7m  [0m[49m  [0m[7m  [0m[49m  [0m[7m  [0m[49m  [0m[7m  [0m[49m  [0m[49m  [0m[49m  [0m[7m  [0m[49m  [0m[7m  [0m
[7m  [0m[49m  [0m[7m  [0m[49m  [0m[49m  [0m[49m  [0m[7m  [0m[49m  [0m[7m  [0m[49m  [0m[49m  [0m[49m  [0m[7m  [0m[49m  [0m[7m  [0m[49m  [0m[49m  [0m[7m  [0m[7m  [0m[49m  [0m[7m  [0m[49m  [0m[49m  [0m[49m  [0m[7m  [0m[49m  [0m[7m  [0m
[7m  [0m[49m  [0m[7m  [0m[7m  [0m[7m  [0m[7m  [0m[7m  [0m[49m  [0m[7m  [0m[49m  [0m[7m  [0m[49m  [0m[7m  [0m[49m  [0m[7m  [0m[7m  [0m[7m  [0m[49m  [0m[7m  [0m[49m  [0m[7m  [0m[7m  [0m[7m  [0m[7m  [0m[7m  [0m[49m  [0m[7m  [0m
[7m  [0m[49m  [0m[49m  [0m[49m  [0m[49m  [0m[49m  [0m[49m  [0m[49m  [0m[7m  [0m[49m  [0m[7m  [0m[49m  [0m[7m  [0m[49m  [0m[7m  [0m[49m  [0m[7m  [0m[49m  [0m[7m  [0m[49m  [0m[49m  [0m[49m  [0m[49m  [0m[49m  [0m[49m  [0m[49m  [0m[7m  [0m
[7m  [0m[7m  [0m[7m  [0m[7m  [0m[7m  [0m[7m  [0m[7m  [0m[7m  [0m[7m  [0m[49m  [0m[7m  [0m[49m  [0m[49m  [0m[7m  [0m[49m  [0m[7m  [0m[7m  [0m[49m  [0m[7m  [0m[7m  [0m[7m  [0m[7m  [0m[7m  [0m[7m  [0m[7m  [0m[7m  [0m[7m  [0m
[7m  [0m[49m  [0m[49m  [0m[7m  [0m[49m  [0m[7m  [0m[7m  [0m[49m  [0m[49m  [0m[7m  [0m[7m  [0m[7m  [0m[49m  [0m[49m  [0m[49m  [0m[49m  [0m[49m  [0m[7m  [0m[7m  [0m[49m  [0m[49m  [0m[49m  [0m[7m  [0m[49m  [0m[49m  [0m[7m  [0m[7m  [0m
[7m  [0m[7m  [0m[49m  [0m[49m  [0m[49m  [0m[49m  [0m[49m  [0m[7m  [0m[49m  [0m[49m  [0m[49m  [0m[7m  [0m[49m  [0m[49m  [0m[7m  [0m[7m  [0m[7m  [0m[7m  [0m[49m  [0m[49m  [0m[49m  [0m[7m  [0m[7m  [0m[7m  [0m[49m  [0m[49m  [0m[7m  [0m
[7m  [0m[49m  [0m[7m  [0m[49m  [0m[7m  [0m[7m  [0m[7m  [0m[49m  [0m[7m  [0m[49m  [0m[7m  [0m[7m  [0m[49m  [0m[49m  [0m[49m  [0m[7m  [0m[49m  [0m[49m  [0m[7m  [0m[7m  [0m[7m  [0m[7m  [0m[49m  [0m[7m  [0m[49m  [0m[49m  [0m[7m  [0m
[7m  [0m[49m  [0m[7m  [0m[49m  [0m[7m  [0m[49m  [0m[7m  [0m[7m  [0m[49m  [0m[7m  [0m[49m  [0m[49m  [0m[49m  [0m[49m  [0m[7m  [0m[49m  [0m[49m  [0m[7m  [0m[7m  [0m[7m  [0m[7m  [0m[49m  [0m[7m  [0m[7m  [0m[7m  [0m[49m  [0m[7m  [0m
[7m  [0m[7m  [0m[7m  [0m[7m  [0m[49m  [0m[49m  [0m[49m  [0m[49m  [0m[7m  [0m[49m  [0m[7m  [0m[49m  [0m[49m  [0m[7m  [0m[49m  [0m[7m  [0m[49m  [0m[7m  [0m[7m  [0m[7m  [0m[7m  [0m[7m  [0m[7m  [0m[49m  [0m[7m  [0m[7m  [0m[7m  [0m
[7m  [0m[7m  [0m[49m  [0m[7m  [0m[49m  [0m[7m  [0m[49m  [0m[7m  [0m[49m  [0m[7m  [0m[49m  [0m[7m  [0m[49m  [0m[7m  [0m[7m  [0m[7m  [0m[49m  [0m[49m  [0m[7m  [0m[49m  [0m[7m  [0m[49m  [0m[7m  [0m[49m  [0m[49m  [0m[49m  [0m[7m  [0m
[7m  [0m[49m  [0m[7m  [0m[7m  [0m[49m  [0m[7m  [0m[7m  [0m[49m  [0m[7m  [0m[49m  [0m[49m  [0m[49m  [0m[49m  [0m[7m  [0m[7m  [0m[49m  [0m[7m  [0m[49m  [0m[49m  [0m[7m  [0m[49m  [0m[7m  [0m[7m  [0m[7m  [0m[49m  [0m[7m  [0m[7m  [0m
[7m  [0m[7m  [0m[49m  [0m[49m  [0m[49m  [0m[7m  [0m[49m  [0m[7m  [0m[49m  [0m[7m  [0m[7m  [0m[49m  [0m[49m  [0m[7m  [0m[7m  [0m[7m  [0m[7m  [0m[7m  [0m[49m  [0m[7m  [0m[49m  [0m[7m  [0m[49m  [0m[7m  [0m[7m  [0m[7m  [0m[7m  [0m
[7m  [0m[49m  [0m[49m  [0m[49m  [0m[7m  [0m[49m  [0m[7m  [0m[49m  [0m[49m  [0m[49m  [0m[49m  [0m[49m  [0m[7m  [0m[49m  [0m[7m  [0m[7m  [0m[49m  [0m[49m  [0m[49m  [0m[49m  [0m[49m  [0m[49m  [0m[49m  [0m[49m  [0m[7m  [0m[49m  [0m[7m  [0m
[7m  [0m[7m  [0m[7m  [0m[7m  [0m[7m  [0m[7m  [0m[7m  [0m[7m  [0m[7m  [0m[49m  [0m[7m  [0m[49m  [0m[7m  [0m[49m  [0m[49m  [0m[49m  [0m[49m  [0m[49m  [0m[7m  [0m[7m  [0m[7m  [0m[49m  [0m[7m  [0m[49m  [0m[49m  [0m[49m  [0m[7m  [0m
[7m  [0m[49m  [0m[49m  [0m[49m  [0m[49m  [0m[49m  [0m[49m  [0m[49m  [0m[7m  [0m[49m  [0m[49m  [0m[7m  [0m[49m  [0m[49m  [0m[7m  [0m[49m  [0m[49m  [0m[49m  [0m[7m  [0m[49m  [0m[7m  [0m[49m  [0m[49m  [0m[49m  [0m[7m  [0m[7m  [0m[7m  [0m
[7m  [0m[49m  [0m[7m  [0m[7m  [0m[7m  [0m[7m  [0m[7m  [0m[49m  [0m[7m  [0m[7m  [0m[7m  [0m[7m  [0m[7m  [0m[49m  [0m[7m  [0m[7m  [0m[7m  [0m[49m  [0m[7m  [0m[7m  [0m[7m  [0m[49m  [0m[7m  [0m[7m  [0m[7m  [0m[49m  [0m[7m  [0m
[7m  [0m[49m  [0m[7m  [0m[49m  [0m[49m  [0m[49m  [0m[7m  [0m[49m  [0m[7m  [0m[7m  [0m[49m  [0m[7m  [0m[7m  [0m[7m  [0m[7m  [0m[7m  [0m[49m  [0m[49m  [0m[49m  [0m[49m  [0m[49m  [0m[49m  [0m[49m  [0m[49m  [0m[7m  [0m[7m  [0m[7m  [0m
[7m  [0m[49m  [0m[7m  [0m[49m  [0m[49m  [0m[49m  [0m[7m  [0m[49m  [0m[7m  [0m[49m  [0m[7m  [0m[49m  [0m[49m  [0m[7m  [0m[7m  [0m[7m  [0m[7m  [0m[49m  [0m[49m  [0m[49m  [0m[49m  [0m[7m  [0m[49m  [0m[7m  [0m[49m  [0m[7m  [0m[7m  [0m
[7m  [0m[49m  [0m[7m  [0m[49m  [0m[49m  [0m[49m  [0m[7m  [0m[49m  [0m[7m  [0m[7m  [0m[49m  [0m[49m  [0m[7m  [0m[7m  [0m[7m  [0m[7m  [0m[7m  [0m[7m  [0m[7m  [0m[49m  [0m[49m  [0m[49m  [0m[49m  [0m[7m  [0m[7m  [0m[49m  [0m[7m  [0m
[7m  [0m[49m  [0m[7m  [0m[7m  [0m[7m  [0m[7m  [0m[7m  [0m[49m  [0m[7m  [0m[49m  [0m[49m  [0m[49m  [0m[7m  [0m[7m  [0m[7m  [0m[49m  [0m[49m  [0m[7m  [0m[49m  [0m[49m  [0m[49m  [0m[7m  [0m[7m  [0m[49m  [0m[7m  [0m[49m  [0m[7m  [0m
[7m  [0m[49m  [0m[49m  [0m[49m  [0m[49m  [0m[49m  [0m[49m  [0m[49m  [0m[7m  [0m[49m  [0m[49m  [0m[7m  [0m[7m  [0m[49m  [0m[7m  [0m[7m  [0m[49m  [0m[49m  [0m[7m  [0m[7m  [0m[7m  [0m[7m  [0m[49m  [0m[7m  [0m[7m  [0m[49m  [0m[7m  [0m
[7m  [0m[7m  [0m[7m  [0m[7m  [0m[7m  [0m[7m  [0m[7m  [0m[7m  [0m[7m  [0m[7m  [0m[7m  [0m[7m  [0m[7m  [0m[7m  [0m[7m  [0m[7m  [0m[7m  [0m[7m  [0m[7m  [0m[7m  [0m[7m  [0m[7m  [0m[7m  [0m[7m  [0m[7m  [0m[7m  [0m[7m  [0m

c6b417af8a7ce3.lhr.life tunneled with tls termination, https://c6b417af8a7ce3.lhr.life
create an account and add your key for a longer lasting domain name. see https://localhost.run/docs/forever-free/ for more information.
Open your tunnel address on your mobile with this QR:

[7m  [0m[7m  [0m[7m  [0m[7m  [0m[7m  [0m[7m  [0m[7m  [0m[7m  [0m[7m  [0m[7m  [0m[7m  [0m[7m  [0m[7m  [0m[7m  [0m[7m  [0m[7m  [0m[7m  [0m[7m  [0m[7m  [0m[7m  [0m[7m  [0m[7m  [0m[7m  [0m[7m  [0m[7m  [0m[7m  [0m[7m  [0m
[7m  [0m[49m  [0m[49m  [0m[49m  [0m[49m  [0m[49m  [0m[49m  [0m[49m  [0m[7m  [0m[49m  [0m[49m  [0m[49m  [0m[49m  [0m[7m  [0m[7m  [0m[7m  [0m[49m  [0m[49m  [0m[7m  [0m[49m  [0m[49m  [0m[49m  [0m[49m  [0m[49m  [0m[49m  [0m[49m  [0m[7m  [0m
[7m  [0m[49m  [0m[7m  [0m[7m  [0m[7m  [0m[7m  [0m[7m  [0m[49m  [0m[7m  [0m[7m  [0m[7m  [0m[7m  [0m[49m  [0m[49m  [0m[49m  [0m[49m  [0m[7m  [0m[49m  [0m[7m  [0m[49m  [0m[7m  [0m[7m  [0m[7m  [0m[7m  [0m[7m  [0m[49m  [0m[7m  [0m
[7m  [0m[49m  [0m[7m  [0m[49m  [0m[49m  [0m[49m  [0m[7m  [0m[49m  [0m[7m  [0m[7m  [0m[49m  [0m[7m  [0m[49m  [0m[7m  [0m[7m  [0m[7m  [0m[7m  [0m[49m  [0m[7m  [0m[49m  [0m[7m  [0m[49m  [0m[49m  [0m[49m  [0m[7m  [0m[49m  [0m[7m  [0m
[7m  [0m[49m  [0m[7m  [0m[49m  [0m[49m  [0m[49m  [0m[7m  [0m[49m  [0m[7m  [0m[7m  [0m[7m  [0m[49m  [0m[49m  [0m[7m  [0m[49m  [0m[7m  [0m[49m  [0m[7m  [0m[7m  [0m[49m  [0m[7m  [0m[49m  [0m[49m  [0m[49m  [0m[7m  [0m[49m  [0m[7m  [0m
[7m  [0m[49m  [0m[7m  [0m[49m  [0m[49m  [0m[49m  [0m[7m  [0m[49m  [0m[7m  [0m[7m  [0m[7m  [0m[49m  [0m[49m  [0m[49m  [0m[49m  [0m[49m  [0m[7m  [0m[7m  [0m[7m  [0m[49m  [0m[7m  [0m[49m  [0m[49m  [0m[49m  [0m[7m  [0m[49m  [0m[7m  [0m
[7m  [0m[49m  [0m[7m  [0m[7m  [0m[7m  [0m[7m  [0m[7m  [0m[49m  [0m[7m  [0m[7m  [0m[49m  [0m[7m  [0m[49m  [0m[7m  [0m[49m  [0m[49m  [0m[49m  [0m[7m  [0m[7m  [0m[49m  [0m[7m  [0m[7m  [0m[7m  [0m[7m  [0m[7m  [0m[49m  [0m[7m  [0m
[7m  [0m[49m  [0m[49m  [0m[49m  [0m[49m  [0m[49m  [0m[49m  [0m[49m  [0m[7m  [0m[49m  [0m[7m  [0m[49m  [0m[7m  [0m[49m  [0m[7m  [0m[49m  [0m[7m  [0m[49m  [0m[7m  [0m[49m  [0m[49m  [0m[49m  [0m[49m  [0m[49m  [0m[49m  [0m[49m  [0m[7m  [0m
[7m  [0m[7m  [0m[7m  [0m[7m  [0m[7m  [0m[7m  [0m[7m  [0m[7m  [0m[7m  [0m[49m  [0m[49m  [0m[7m  [0m[7m  [0m[49m  [0m[7m  [0m[49m  [0m[49m  [0m[7m  [0m[7m  [0m[7m  [0m[7m  [0m[7m  [0m[7m  [0m[7m  [0m[7m  [0m[7m  [0m[7m  [0m
[7m  [0m[49m  [0m[49m  [0m[7m  [0m[49m  [0m[49m  [0m[7m  [0m[49m  [0m[7m  [0m[7m  [0m[49m  [0m[7m  [0m[7m  [0m[49m  [0m[7m  [0m[49m  [0m[7m  [0m[7m  [0m[7m  [0m[49m  [0m[7m  [0m[7m  [0m[7m  [0m[7m  [0m[7m  [0m[49m  [0m[7m  [0m
[7m  [0m[49m  [0m[49m  [0m[7m  [0m[49m  [0m[49m  [0m[7m  [0m[7m  [0m[49m  [0m[49m  [0m[7m  [0m[49m  [0m[7m  [0m[7m  [0m[49m  [0m[49m  [0m[49m  [0m[7m  [0m[49m  [0m[49m  [0m[49m  [0m[7m  [0m[49m  [0m[49m  [0m[7m  [0m[7m  [0m[7m  [0m
[7m  [0m[7m  [0m[49m  [0m[49m  [0m[49m  [0m[7m  [0m[7m  [0m[49m  [0m[7m  [0m[49m  [0m[49m  [0m[7m  [0m[7m  [0m[49m  [0m[7m  [0m[7m  [0m[49m  [0m[7m  [0m[49m  [0m[49m  [0m[7m  [0m[49m  [0m[7m  [0m[7m  [0m[7m  [0m[49m  [0m[7m  [0m
[7m  [0m[7m  [0m[49m  [0m[49m  [0m[49m  [0m[49m  [0m[49m  [0m[7m  [0m[49m  [0m[7m  [0m[7m  [0m[7m  [0m[7m  [0m[7m  [0m[49m  [0m[7m  [0m[49m  [0m[7m  [0m[49m  [0m[49m  [0m[7m  [0m[7m  [0m[49m  [0m[49m  [0m[49m  [0m[7m  [0m[7m  [0m
[7m  [0m[7m  [0m[49m  [0m[49m  [0m[7m  [0m[49m  [0m[49m  [0m[49m  [0m[49m  [0m[7m  [0m[49m  [0m[49m  [0m[7m  [0m[7m  [0m[7m  [0m[7m  [0m[7m  [0m[7m  [0m[7m  [0m[7m  [0m[49m  [0m[7m  [0m[49m  [0m[49m  [0m[49m  [0m[7m  [0m[7m  [0m
[7m  [0m[49m  [0m[49m  [0m[49m  [0m[7m  [0m[7m  [0m[7m  [0m[7m  [0m[7m  [0m[7m  [0m[49m  [0m[49m  [0m[7m  [0m[49m  [0m[49m  [0m[49m  [0m[7m  [0m[7m  [0m[7m  [0m[7m  [0m[7m  [0m[49m  [0m[49m  [0m[7m  [0m[7m  [0m[7m  [0m[7m  [0m
[7m  [0m[49m  [0m[49m  [0m[7m  [0m[49m  [0m[7m  [0m[49m  [0m[49m  [0m[7m  [0m[7m  [0m[49m  [0m[7m  [0m[7m  [0m[7m  [0m[49m  [0m[49m  [0m[7m  [0m[49m  [0m[7m  [0m[7m  [0m[49m  [0m[49m  [0m[49m  [0m[7m  [0m[7m  [0m[7m  [0m[7m  [0m
[7m  [0m[49m  [0m[7m  [0m[7m  [0m[7m  [0m[49m  [0m[7m  [0m[7m  [0m[7m  [0m[7m  [0m[7m  [0m[7m  [0m[7m  [0m[49m  [0m[49m  [0m[49m  [0m[49m  [0m[7m  [0m[7m  [0m[49m  [0m[49m  [0m[7m  [0m[7m  [0m[49m  [0m[49m  [0m[49m  [0m[7m  [0m
[7m  [0m[49m  [0m[7m  [0m[49m  [0m[7m  [0m[49m  [0m[49m  [0m[49m  [0m[7m  [0m[49m  [0m[7m  [0m[49m  [0m[49m  [0m[49m  [0m[49m  [0m[7m  [0m[7m  [0m[49m  [0m[49m  [0m[49m  [0m[49m  [0m[49m  [0m[7m  [0m[49m  [0m[49m  [0m[49m  [0m[7m  [0m
[7m  [0m[7m  [0m[7m  [0m[7m  [0m[7m  [0m[7m  [0m[7m  [0m[7m  [0m[7m  [0m[49m  [0m[7m  [0m[49m  [0m[49m  [0m[7m  [0m[7m  [0m[7m  [0m[7m  [0m[49m  [0m[7m  [0m[7m  [0m[7m  [0m[49m  [0m[49m  [0m[7m  [0m[7m  [0m[7m  [0m[7m  [0m
[7m  [0m[49m  [0m[49m  [0m[49m  [0m[49m  [0m[49m  [0m[49m  [0m[49m  [0m[7m  [0m[7m  [0m[49m  [0m[49m  [0m[7m  [0m[49m  [0m[49m  [0m[49m  [0m[49m  [0m[49m  [0m[7m  [0m[49m  [0m[7m  [0m[49m  [0m[7m  [0m[49m  [0m[49m  [0m[7m  [0m[7m  [0m
[7m  [0m[49m  [0m[7m  [0m[7m  [0m[7m  [0m[7m  [0m[7m  [0m[49m  [0m[7m  [0m[7m  [0m[7m  [0m[7m  [0m[49m  [0m[7m  [0m[49m  [0m[49m  [0m[7m  [0m[49m  [0m[7m  [0m[7m  [0m[7m  [0m[49m  [0m[49m  [0m[49m  [0m[49m  [0m[7m  [0m[7m  [0m
[7m  [0m[49m  [0m[7m  [0m[49m  [0m[49m  [0m[49m  [0m[7m  [0m[49m  [0m[7m  [0m[49m  [0m[49m  [0m[7m  [0m[49m  [0m[7m  [0m[49m  [0m[7m  [0m[7m  [0m[49m  [0m[49m  [0m[49m  [0m[49m  [0m[49m  [0m[7m  [0m[49m  [0m[49m  [0m[7m  [0m[7m  [0m
[7m  [0m[49m  [0m[7m  [0m[49m  [0m[49m  [0m[49m  [0m[7m  [0m[49m  [0m[7m  [0m[49m  [0m[7m  [0m[7m  [0m[7m  [0m[49m  [0m[49m  [0m[49m  [0m[7m  [0m[7m  [0m[7m  [0m[7m  [0m[49m  [0m[7m  [0m[7m  [0m[49m  [0m[7m  [0m[49m  [0m[7m  [0m
[7m  [0m[49m  [0m[7m  [0m[49m  [0m[49m  [0m[49m  [0m[7m  [0m[49m  [0m[7m  [0m[7m  [0m[49m  [0m[7m  [0m[49m  [0m[7m  [0m[49m  [0m[7m  [0m[49m  [0m[7m  [0m[7m  [0m[49m  [0m[7m  [0m[49m  [0m[49m  [0m[49m  [0m[49m  [0m[49m  [0m[7m  [0m
[7m  [0m[49m  [0m[7m  [0m[7m  [0m[7m  [0m[7m  [0m[7m  [0m[49m  [0m[7m  [0m[49m  [0m[7m  [0m[49m  [0m[49m  [0m[49m  [0m[49m  [0m[7m  [0m[7m  [0m[7m  [0m[7m  [0m[49m  [0m[7m  [0m[49m  [0m[7m  [0m[49m  [0m[49m  [0m[7m  [0m[7m  [0m
[7m  [0m[49m  [0m[49m  [0m[49m  [0m[49m  [0m[49m  [0m[49m  [0m[49m  [0m[7m  [0m[49m  [0m[7m  [0m[49m  [0m[49m  [0m[49m  [0m[49m  [0m[7m  [0m[49m  [0m[49m  [0m[7m  [0m[7m  [0m[49m  [0m[49m  [0m[49m  [0m[7m  [0m[49m  [0m[49m  [0m[7m  [0m
[7m  [0m[7m  [0m[7m  [0m[7m  [0m[7m  [0m[7m  [0m[7m  [0m[7m  [0m[7m  [0m[7m  [0m[7m  [0m[7m  [0m[7m  [0m[7m  [0m[7m  [0m[7m  [0m[7m  [0m[7m  [0m[7m  [0m[7m  [0m[7m  [0m[7m  [0m[7m  [0m[7m  [0m[7m  [0m[7m  [0m[7m  [0m

9f09580b87df1f.lhr.life tunneled with tls termination, https://9f09580b87df1f.lhr.life
create an account and add your key for a longer lasting domain name. see https://localhost.run/docs/forever-free/ for more information.
Open your tunnel address on your mobile with this QR:

[7m  [0m[7m  [0m[7m  [0m[7m  [0m[7m  [0m[7m  [0m[7m  [0m[7m  [0m[7m  [0m[7m  [0m[7m  [0m[7m  [0m[7m  [0m[7m  [0m[7m  [0m[7m  [0m[7m  [0m[7m  [0m[7m  [0m[7m  [0m[7m  [0m[7m  [0m[7m  [0m[7m  [0m[7m  [0m[7m  [0m[7m  [0m
[7m  [0m[49m  [0m[49m  [0m[49m  [0m[49m  [0m[49m  [0m[49m  [0m[49m  [0m[7m  [0m[7m  [0m[7m  [0m[49m  [0m[7m  [0m[7m  [0m[49m  [0m[7m  [0m[7m  [0m[49m  [0m[7m  [0m[49m  [0m[49m  [0m[49m  [0m[49m  [0m[49m  [0m[49m  [0m[49m  [0m[7m  [0m
[7m  [0m[49m  [0m[7m  [0m[7m  [0m[7m  [0m[7m  [0m[7m  [0m[49m  [0m[7m  [0m[49m  [0m[49m  [0m[49m  [0m[7m  [0m[7m  [0m[7m  [0m[7m  [0m[49m  [0m[7m  [0m[7m  [0m[49m  [0m[7m  [0m[7m  [0m[7m  [0m[7m  [0m[7m  [0m[49m  [0m[7m  [0m
[7m  [0m[49m  [0m[7m  [0m[49m  [0m[49m  [0m[49m  [0m[7m  [0m[49m  [0m[7m  [0m[49m  [0m[7m  [0m[7m  [0m[7m  [0m[7m  [0m[49m  [0m[7m  [0m[49m  [0m[49m  [0m[7m  [0m[49m  [0m[7m  [0m[49m  [0m[49m  [0m[49m  [0m[7m  [0m[49m  [0m[7m  [0m
[7m  [0m[49m  [0m[7m  [0m[49m  [0m[49m  [0m[49m  [0m[7m  [0m[49m  [0m[7m  [0m[7m  [0m[49m  [0m[7m  [0m[7m  [0m[49m  [0m[7m  [0m[49m  [0m[7m  [0m[49m  [0m[7m  [0m[49m  [0m[7m  [0m[49m  [0m[49m  [0m[49m  [0m[7m  [0m[49m  [0m[7m  [0m
[7m  [0m[49m  [0m[7m  [0m[49m  [0m[49m  [0m[49m  [0m[7m  [0m[49m  [0m[7m  [0m[49m  [0m[49m  [0m[49m  [0m[7m  [0m[49m  [0m[7m  [0m[49m  [0m[49m  [0m[7m  [0m[7m  [0m[49m  [0m[7m  [0m[49m  [0m[49m  [0m[49m  [0m[7m  [0m[49m  [0m[7m  [0m
[7m  [0m[49m  [0m[7m  [0m[7m  [0m[7m  [0m[7m  [0m[7m  [0m[49m  [0m[7m  [0m[49m  [0m[7m  [0m[49m  [0m[7m  [0m[49m  [0m[7m  [0m[7m  [0m[7m  [0m[49m  [0m[7m  [0m[49m  [0m[7m  [0m[7m  [0m[7m  [0m[7m  [0m[7m  [0m[49m  [0m[7m  [0m
[7m  [0m[49m  [0m[49m  [0m[49m  [0m[49m  [0m[49m  [0m[49m  [0m[49m  [0m[7m  [0m[49m  [0m[7m  [0m[49m  [0m[7m  [0m[49m  [0m[7m  [0m[49m  [0m[7m  [0m[49m  [0m[7m  [0m[49m  [0m[49m  [0m[49m  [0m[49m  [0m[49m  [0m[49m  [0m[49m  [0m[7m  [0m
[7m  [0m[7m  [0m[7m  [0m[7m  [0m[7m  [0m[7m  [0m[7m  [0m[7m  [0m[7m  [0m[49m  [0m[7m  [0m[49m  [0m[49m  [0m[7m  [0m[49m  [0m[7m  [0m[7m  [0m[49m  [0m[7m  [0m[7m  [0m[7m  [0m[7m  [0m[7m  [0m[7m  [0m[7m  [0m[7m  [0m[7m  [0m
[7m  [0m[49m  [0m[49m  [0m[7m  [0m[49m  [0m[7m  [0m[7m  [0m[49m  [0m[49m  [0m[7m  [0m[7m  [0m[7m  [0m[49m  [0m[49m  [0m[49m  [0m[49m  [0m[49m  [0m[7m  [0m[7m  [0m[49m  [0m[49m  [0m[49m  [0m[7m  [0m[49m  [0m[49m  [0m[7m  [0m[7m  [0m
[7m  [0m[49m  [0m[7m  [0m[49m  [0m[7m  [0m[7m  [0m[7m  [0m[7m  [0m[49m  [0m[7m  [0m[49m  [0m[7m  [0m[49m  [0m[49m  [0m[7m  [0m[7m  [0m[7m  [0m[7m  [0m[49m  [0m[49m  [0m[49m  [0m[49m  [0m[7m  [0m[7m  [0m[49m  [0m[49m  [0m[7m  [0m
[7m  [0m[7m  [0m[49m  [0m[7m  [0m[7m  [0m[49m  [0m[49m  [0m[49m  [0m[49m  [0m[7m  [0m[7m  [0m[7m  [0m[49m  [0m[49m  [0m[49m  [0m[7m  [0m[7m  [0m[49m  [0m[49m  [0m[49m  [0m[7m  [0m[7m  [0m[49m  [0m[7m  [0m[49m  [0m[49m  [0m[7m  [0m
[7m  [0m[7m  [0m[49m  [0m[49m  [0m[7m  [0m[7m  [0m[7m  [0m[7m  [0m[49m  [0m[7m  [0m[49m  [0m[49m  [0m[49m  [0m[49m  [0m[7m  [0m[49m  [0m[7m  [0m[49m  [0m[7m  [0m[7m  [0m[49m  [0m[49m  [0m[7m  [0m[7m  [0m[7m  [0m[49m  [0m[7m  [0m
[7m  [0m[7m  [0m[49m  [0m[7m  [0m[7m  [0m[7m  [0m[49m  [0m[49m  [0m[49m  [0m[49m  [0m[7m  [0m[49m  [0m[49m  [0m[7m  [0m[49m  [0m[7m  [0m[49m  [0m[49m  [0m[7m  [0m[49m  [0m[7m  [0m[7m  [0m[7m  [0m[49m  [0m[7m  [0m[7m  [0m[7m  [0m
[7m  [0m[7m  [0m[49m  [0m[7m  [0m[49m  [0m[7m  [0m[7m  [0m[7m  [0m[49m  [0m[49m  [0m[49m  [0m[7m  [0m[49m  [0m[7m  [0m[7m  [0m[7m  [0m[49m  [0m[49m  [0m[49m  [0m[7m  [0m[7m  [0m[7m  [0m[7m  [0m[49m  [0m[49m  [0m[49m  [0m[7m  [0m
[7m  [0m[49m  [0m[7m  [0m[7m  [0m[7m  [0m[7m  [0m[49m  [0m[49m  [0m[49m  [0m[7m  [0m[7m  [0m[7m  [0m[49m  [0m[7m  [0m[7m  [0m[49m  [0m[7m  [0m[49m  [0m[7m  [0m[49m  [0m[49m  [0m[7m  [0m[7m  [0m[7m  [0m[49m  [0m[7m  [0m[7m  [0m
[7m  [0m[7m  [0m[49m  [0m[49m  [0m[49m  [0m[49m  [0m[7m  [0m[7m  [0m[49m  [0m[7m  [0m[49m  [0m[49m  [0m[49m  [0m[7m  [0m[7m  [0m[7m  [0m[49m  [0m[7m  [0m[7m  [0m[7m  [0m[49m  [0m[7m  [0m[49m  [0m[7m  [0m[7m  [0m[7m  [0m[7m  [0m
[7m  [0m[49m  [0m[49m  [0m[7m  [0m[49m  [0m[7m  [0m[49m  [0m[49m  [0m[49m  [0m[7m  [0m[7m  [0m[49m  [0m[7m  [0m[49m  [0m[7m  [0m[7m  [0m[7m  [0m[49m  [0m[49m  [0m[49m  [0m[49m  [0m[49m  [0m[49m  [0m[49m  [0m[7m  [0m[49m  [0m[7m  [0m
[7m  [0m[7m  [0m[7m  [0m[7m  [0m[7m  [0m[7m  [0m[7m  [0m[7m  [0m[7m  [0m[49m  [0m[49m  [0m[7m  [0m[7m  [0m[49m  [0m[49m  [0m[49m  [0m[7m  [0m[49m  [0m[7m  [0m[7m  [0m[7m  [0m[49m  [0m[7m  [0m[49m  [0m[49m  [0m[49m  [0m[7m  [0m
[7m  [0m[49m  [0m[49m  [0m[49m  [0m[49m  [0m[49m  [0m[49m  [0m[49m  [0m[7m  [0m[49m  [0m[7m  [0m[49m  [0m[49m  [0m[49m  [0m[7m  [0m[49m  [0m[49m  [0m[49m  [0m[7m  [0m[49m  [0m[7m  [0m[49m  [0m[49m  [0m[49m  [0m[7m  [0m[7m  [0m[7m  [0m
[7m  [0m[49m  [0m[7m  [0m[7m  [0m[7m  [0m[7m  [0m[7m  [0m[49m  [0m[7m  [0m[7m  [0m[49m  [0m[49m  [0m[7m  [0m[49m  [0m[7m  [0m[7m  [0m[49m  [0m[49m  [0m[7m  [0m[7m  [0m[7m  [0m[49m  [0m[7m  [0m[7m  [0m[7m  [0m[49m  [0m[7m  [0m
[7m  [0m[49m  [0m[7m  [0m[49m  [0m[49m  [0m[49m  [0m[7m  [0m[49m  [0m[7m  [0m[7m  [0m[7m  [0m[49m  [0m[7m  [0m[7m  [0m[7m  [0m[7m  [0m[49m  [0m[49m  [0m[49m  [0m[49m  [0m[49m  [0m[49m  [0m[49m  [0m[49m  [0m[7m  [0m[7m  [0m[7m  [0m
[7m  [0m[49m  [0m[7m  [0m[49m  [0m[49m  [0m[49m  [0m[7m  [0m[49m  [0m[7m  [0m[49m  [0m[7m  [0m[7m  [0m[49m  [0m[7m  [0m[7m  [0m[7m  [0m[49m  [0m[7m  [0m[49m  [0m[49m  [0m[49m  [0m[7m  [0m[49m  [0m[7m  [0m[49m  [0m[7m  [0m[7m  [0m
[7m  [0m[49m  [0m[7m  [0m[49m  [0m[49m  [0m[49m  [0m[7m  [0m[49m  [0m[7m  [0m[7m  [0m[49m  [0m[7m  [0m[7m  [0m[7m  [0m[7m  [0m[7m  [0m[49m  [0m[7m  [0m[49m  [0m[49m  [0m[49m  [0m[49m  [0m[49m  [0m[7m  [0m[7m  [0m[49m  [0m[7m  [0m
[7m  [0m[49m  [0m[7m  [0m[7m  [0m[7m  [0m[7m  [0m[7m  [0m[49m  [0m[7m  [0m[49m  [0m[7m  [0m[49m  [0m[7m  [0m[7m  [0m[7m  [0m[49m  [0m[7m  [0m[49m  [0m[49m  [0m[7m  [0m[49m  [0m[49m  [0m[49m  [0m[49m  [0m[7m  [0m[49m  [0m[7m  [0m
[7m  [0m[49m  [0m[49m  [0m[49m  [0m[49m  [0m[49m  [0m[49m  [0m[49m  [0m[7m  [0m[49m  [0m[49m  [0m[7m  [0m[7m  [0m[49m  [0m[7m  [0m[7m  [0m[49m  [0m[7m  [0m[7m  [0m[7m  [0m[49m  [0m[49m  [0m[7m  [0m[7m  [0m[7m  [0m[49m  [0m[7m  [0m
[7m  [0m[7m  [0m[7m  [0m[7m  [0m[7m  [0m[7m  [0m[7m  [0m[7m  [0m[7m  [0m[7m  [0m[7m  [0m[7m  [0m[7m  [0m[7m  [0m[7m  [0m[7m  [0m[7m  [0m[7m  [0m[7m  [0m[7m  [0m[7m  [0m[7m  [0m[7m  [0m[7m  [0m[7m  [0m[7m  [0m[7m  [0m

9dafe9e2414e4b.lhr.life tunneled with tls termination, https://9dafe9e2414e4b.lhr.life
create an account and add your key for a longer lasting domain name. see https://localhost.run/docs/forever-free/ for more information.
Open your tunnel address on your mobile with this QR:

[7m  [0m[7m  [0m[7m  [0m[7m  [0m[7m  [0m[7m  [0m[7m  [0m[7m  [0m[7m  [0m[7m  [0m[7m  [0m[7m  [0m[7m  [0m[7m  [0m[7m  [0m[7m  [0m[7m  [0m[7m  [0m[7m  [0m[7m  [0m[7m  [0m[7m  [0m[7m  [0m[7m  [0m[7m  [0m[7m  [0m[7m  [0m
[7m  [0m[49m  [0m[49m  [0m[49m  [0m[49m  [0m[49m  [0m[49m  [0m[49m  [0m[7m  [0m[49m  [0m[49m  [0m[7m  [0m[7m  [0m[7m  [0m[49m  [0m[49m  [0m[49m  [0m[7m  [0m[7m  [0m[49m  [0m[49m  [0m[49m  [0m[49m  [0m[49m  [0m[49m  [0m[49m  [0m[7m  [0m
[7m  [0m[49m  [0m[7m  [0m[7m  [0m[7m  [0m[7m  [0m[7m  [0m[49m  [0m[7m  [0m[7m  [0m[7m  [0m[7m  [0m[7m  [0m[7m  [0m[7m  [0m[49m  [0m[7m  [0m[49m  [0m[7m  [0m[49m  [0m[7m  [0m[7m  [0m[7m  [0m[7m  [0m[7m  [0m[49m  [0m[7m  [0m
[7m  [0m[49m  [0m[7m  [0m[49m  [0m[49m  [0m[49m  [0m[7m  [0m[49m  [0m[7m  [0m[49m  [0m[7m  [0m[7m  [0m[49m  [0m[49m  [0m[7m  [0m[7m  [0m[49m  [0m[49m  [0m[7m  [0m[49m  [0m[7m  [0m[49m  [0m[49m  [0m[49m  [0m[7m  [0m[49m  [0m[7m  [0m
[7m  [0m[49m  [0m[7m  [0m[49m  [0m[49m  [0m[49m  [0m[7m  [0m[49m  [0m[7m  [0m[49m  [0m[49m  [0m[7m  [0m[49m  [0m[7m  [0m[49m  [0m[49m  [0m[7m  [0m[49m  [0m[7m  [0m[49m  [0m[7m  [0m[49m  [0m[49m  [0m[49m  [0m[7m  [0m[49m  [0m[7m  [0m
[7m  [0m[49m  [0m[7m  [0m[49m  [0m[49m  [0m[49m  [0m[7m  [0m[49m  [0m[7m  [0m[49m  [0m[49m  [0m[49m  [0m[49m  [0m[7m  [0m[49m  [0m[49m  [0m[49m  [0m[7m  [0m[7m  [0m[49m  [0m[7m  [0m[49m  [0m[49m  [0m[49m  [0m[7m  [0m[49m  [0m[7m  [0m
[7m  [0m[49m  [0m[7m  [0m[7m  [0m[7m  [0m[7m  [0m[7m  [0m[49m  [0m[7m  [0m[7m  [0m[49m  [0m[7m  [0m[7m  [0m[49m  [0m[7m  [0m[49m  [0m[49m  [0m[7m  [0m[7m  [0m[49m  [0m[7m  [0m[7m  [0m[7m  [0m[7m  [0m[7m  [0m[49m  [0m[7m  [0m
[7m  [0m[49m  [0m[49m  [0m[49m  [0m[49m  [0m[49m  [0m[49m  [0m[49m  [0m[7m  [0m[49m  [0m[7m  [0m[49m  [0m[7m  [0m[49m  [0m[7m  [0m[49m  [0m[7m  [0m[49m  [0m[7m  [0m[49m  [0m[49m  [0m[49m  [0m[49m  [0m[49m  [0m[49m  [0m[49m  [0m[7m  [0m
[7m  [0m[7m  [0m[7m  [0m[7m  [0m[7m  [0m[7m  [0m[7m  [0m[7m  [0m[7m  [0m[7m  [0m[49m  [0m[7m  [0m[49m  [0m[7m  [0m[49m  [0m[49m  [0m[49m  [0m[7m  [0m[7m  [0m[7m  [0m[7m  [0m[7m  [0m[7m  [0m[7m  [0m[7m  [0m[7m  [0m[7m  [0m
[7m  [0m[49m  [0m[49m  [0m[49m  [0m[49m  [0m[7m  [0m[7m  [0m[49m  [0m[7m  [0m[49m  [0m[7m  [0m[7m  [0m[7m  [0m[7m  [0m[7m  [0m[49m  [0m[49m  [0m[7m  [0m[49m  [0m[7m  [0m[7m  [0m[49m  [0m[49m  [0m[49m  [0m[7m  [0m[49m  [0m[7m  [0m
[7m  [0m[49m  [0m[49m  [0m[7m  [0m[7m  [0m[7m  [0m[49m  [0m[7m  [0m[49m  [0m[7m  [0m[49m  [0m[7m  [0m[7m  [0m[7m  [0m[49m  [0m[7m  [0m[7m  [0m[49m  [0m[49m  [0m[7m  [0m[49m  [0m[49m  [0m[7m  [0m[7m  [0m[7m  [0m[7m  [0m[7m  [0m
[7m  [0m[49m  [0m[7m  [0m[7m  [0m[49m  [0m[49m  [0m[7m  [0m[49m  [0m[7m  [0m[49m  [0m[7m  [0m[7m  [0m[7m  [0m[7m  [0m[7m  [0m[7m  [0m[49m  [0m[49m  [0m[7m  [0m[49m  [0m[49m  [0m[49m  [0m[49m  [0m[7m  [0m[7m  [0m[7m  [0m[7m  [0m
[7m  [0m[7m  [0m[7m  [0m[7m  [0m[49m  [0m[49m  [0m[7m  [0m[7m  [0m[7m  [0m[7m  [0m[7m  [0m[7m  [0m[49m  [0m[49m  [0m[7m  [0m[7m  [0m[49m  [0m[7m  [0m[49m  [0m[7m  [0m[49m  [0m[49m  [0m[49m  [0m[49m  [0m[7m  [0m[49m  [0m[7m  [0m
[7m  [0m[7m  [0m[49m  [0m[49m  [0m[49m  [0m[7m  [0m[7m  [0m[49m  [0m[7m  [0m[49m  [0m[49m  [0m[7m  [0m[49m  [0m[7m  [0m[49m  [0m[49m  [0m[7m  [0m[7m  [0m[7m  [0m[49m  [0m[7m  [0m[49m  [0m[49m  [0m[7m  [0m[7m  [0m[7m  [0m[7m  [0m
[7m  [0m[7m  [0m[49m  [0m[49m  [0m[7m  [0m[49m  [0m[49m  [0m[7m  [0m[49m  [0m[49m  [0m[49m  [0m[49m  [0m[49m  [0m[7m  [0m[7m  [0m[49m  [0m[49m  [0m[7m  [0m[7m  [0m[49m  [0m[7m  [0m[49m  [0m[49m  [0m[7m  [0m[49m  [0m[49m  [0m[7m  [0m
[7m  [0m[7m  [0m[49m  [0m[7m  [0m[49m  [0m[49m  [0m[49m  [0m[49m  [0m[7m  [0m[7m  [0m[7m  [0m[49m  [0m[7m  [0m[49m  [0m[49m  [0m[49m  [0m[7m  [0m[49m  [0m[49m  [0m[49m  [0m[49m  [0m[49m  [0m[7m  [0m[7m  [0m[7m  [0m[49m  [0m[7m  [0m
[7m  [0m[49m  [0m[7m  [0m[7m  [0m[49m  [0m[7m  [0m[7m  [0m[7m  [0m[7m  [0m[49m  [0m[49m  [0m[7m  [0m[7m  [0m[49m  [0m[49m  [0m[7m  [0m[49m  [0m[49m  [0m[7m  [0m[49m  [0m[7m  [0m[49m  [0m[49m  [0m[7m  [0m[49m  [0m[49m  [0m[7m  [0m
[7m  [0m[7m  [0m[7m  [0m[49m  [0m[49m  [0m[49m  [0m[49m  [0m[49m  [0m[7m  [0m[49m  [0m[7m  [0m[7m  [0m[49m  [0m[7m  [0m[49m  [0m[7m  [0m[7m  [0m[49m  [0m[49m  [0m[49m  [0m[49m  [0m[49m  [0m[49m  [0m[49m  [0m[49m  [0m[7m  [0m[7m  [0m
[7m  [0m[7m  [0m[7m  [0m[7m  [0m[7m  [0m[7m  [0m[7m  [0m[7m  [0m[7m  [0m[49m  [0m[7m  [0m[49m  [0m[7m  [0m[49m  [0m[49m  [0m[7m  [0m[7m  [0m[49m  [0m[7m  [0m[7m  [0m[7m  [0m[49m  [0m[49m  [0m[7m  [0m[49m  [0m[49m  [0m[7m  [0m
[7m  [0m[49m  [0m[49m  [0m[49m  [0m[49m  [0m[49m  [0m[49m  [0m[49m  [0m[7m  [0m[7m  [0m[7m  [0m[49m  [0m[49m  [0m[49m  [0m[7m  [0m[7m  [0m[49m  [0m[49m  [0m[7m  [0m[49m  [0m[7m  [0m[49m  [0m[7m  [0m[7m  [0m[7m  [0m[7m  [0m[7m  [0m
[7m  [0m[49m  [0m[7m  [0m[7m  [0m[7m  [0m[7m  [0m[7m  [0m[49m  [0m[7m  [0m[7m  [0m[49m  [0m[49m  [0m[7m  [0m[49m  [0m[7m  [0m[49m  [0m[7m  [0m[49m  [0m[7m  [0m[7m  [0m[7m  [0m[49m  [0m[49m  [0m[49m  [0m[7m  [0m[49m  [0m[7m  [0m
[7m  [0m[49m  [0m[7m  [0m[49m  [0m[49m  [0m[49m  [0m[7m  [0m[49m  [0m[7m  [0m[7m  [0m[7m  [0m[7m  [0m[49m  [0m[49m  [0m[49m  [0m[7m  [0m[49m  [0m[49m  [0m[49m  [0m[49m  [0m[49m  [0m[49m  [0m[49m  [0m[49m  [0m[49m  [0m[49m  [0m[7m  [0m
[7m  [0m[49m  [0m[7m  [0m[49m  [0m[49m  [0m[49m  [0m[7m  [0m[49m  [0m[7m  [0m[49m  [0m[49m  [0m[7m  [0m[7m  [0m[49m  [0m[49m  [0m[7m  [0m[7m  [0m[7m  [0m[7m  [0m[49m  [0m[49m  [0m[49m  [0m[49m  [0m[7m  [0m[7m  [0m[49m  [0m[7m  [0m
[7m  [0m[49m  [0m[7m  [0m[49m  [0m[49m  [0m[49m  [0m[7m  [0m[49m  [0m[7m  [0m[49m  [0m[7m  [0m[49m  [0m[49m  [0m[49m  [0m[49m  [0m[7m  [0m[7m  [0m[7m  [0m[49m  [0m[7m  [0m[7m  [0m[49m  [0m[49m  [0m[7m  [0m[49m  [0m[7m  [0m[7m  [0m
[7m  [0m[49m  [0m[7m  [0m[7m  [0m[7m  [0m[7m  [0m[7m  [0m[49m  [0m[7m  [0m[49m  [0m[7m  [0m[7m  [0m[7m  [0m[7m  [0m[7m  [0m[7m  [0m[49m  [0m[49m  [0m[7m  [0m[49m  [0m[49m  [0m[49m  [0m[7m  [0m[7m  [0m[7m  [0m[49m  [0m[7m  [0m
[7m  [0m[49m  [0m[49m  [0m[49m  [0m[49m  [0m[49m  [0m[49m  [0m[49m  [0m[7m  [0m[49m  [0m[49m  [0m[7m  [0m[7m  [0m[49m  [0m[7m  [0m[49m  [0m[7m  [0m[7m  [0m[49m  [0m[7m  [0m[7m  [0m[7m  [0m[49m  [0m[49m  [0m[7m  [0m[49m  [0m[7m  [0m
[7m  [0m[7m  [0m[7m  [0m[7m  [0m[7m  [0m[7m  [0m[7m  [0m[7m  [0m[7m  [0m[7m  [0m[7m  [0m[7m  [0m[7m  [0m[7m  [0m[7m  [0m[7m  [0m[7m  [0m[7m  [0m[7m  [0m[7m  [0m[7m  [0m[7m  [0m[7m  [0m[7m  [0m[7m  [0m[7m  [0m[7m  [0m

ad2eeacda36de9.lhr.life tunneled with tls termination, https://ad2eeacda36de9.lhr.life
create an account and add your key for a longer lasting domain name. see https://localhost.run/docs/forever-free/ for more information.
Open your tunnel address on your mobile with this QR:

[7m  [0m[7m  [0m[7m  [0m[7m  [0m[7m  [0m[7m  [0m[7m  [0m[7m  [0m[7m  [0m[7m  [0m[7m  [0m[7m  [0m[7m  [0m[7m  [0m[7m  [0m[7m  [0m[7m  [0m[7m  [0m[7m  [0m[7m  [0m[7m  [0m[7m  [0m[7m  [0m[7m  [0m[7m  [0m[7m  [0m[7m  [0m
[7m  [0m[49m  [0m[49m  [0m[49m  [0m[49m  [0m[49m  [0m[49m  [0m[49m  [0m[7m  [0m[49m  [0m[7m  [0m[7m  [0m[7m  [0m[7m  [0m[7m  [0m[7m  [0m[7m  [0m[7m  [0m[7m  [0m[49m  [0m[49m  [0m[49m  [0m[49m  [0m[49m  [0m[49m  [0m[49m  [0m[7m  [0m
[7m  [0m[49m  [0m[7m  [0m[7m  [0m[7m  [0m[7m  [0m[7m  [0m[49m  [0m[7m  [0m[49m  [0m[7m  [0m[7m  [0m[49m  [0m[49m  [0m[49m  [0m[49m  [0m[7m  [0m[49m  [0m[7m  [0m[49m  [0m[7m  [0m[7m  [0m[7m  [0m[7m  [0m[7m  [0m[49m  [0m[7m  [0m
[7m  [0m[49m  [0m[7m  [0m[49m  [0m[49m  [0m[49m  [0m[7m  [0m[49m  [0m[7m  [0m[49m  [0m[49m  [0m[7m  [0m[7m  [0m[49m  [0m[49m  [0m[7m  [0m[7m  [0m[49m  [0m[7m  [0m[49m  [0m[7m  [0m[49m  [0m[49m  [0m[49m  [0m[7m  [0m[49m  [0m[7m  [0m
[7m  [0m[49m  [0m[7m  [0m[49m  [0m[49m  [0m[49m  [0m[7m  [0m[49m  [0m[7m  [0m[49m  [0m[49m  [0m[49m  [0m[7m  [0m[49m  [0m[49m  [0m[49m  [0m[7m  [0m[7m  [0m[7m  [0m[49m  [0m[7m  [0m[49m  [0m[49m  [0m[49m  [0m[7m  [0m[49m  [0m[7m  [0m
[7m  [0m[49m  [0m[7m  [0m[49m  [0m[49m  [0m[49m  [0m[7m  [0m[49m  [0m[7m  [0m[7m  [0m[49m  [0m[49m  [0m[7m  [0m[49m  [0m[7m  [0m[49m  [0m[49m  [0m[7m  [0m[7m  [0m[49m  [0m[7m  [0m[49m  [0m[49m  [0m[49m  [0m[7m  [0m[49m  [0m[7m  [0m
[7m  [0m[49m  [0m[7m  [0m[7m  [0m[7m  [0m[7m  [0m[7m  [0m[49m  [0m[7m  [0m[49m  [0m[49m  [0m[49m  [0m[7m  [0m[7m  [0m[7m  [0m[7m  [0m[49m  [0m[49m  [0m[7m  [0m[49m  [0m[7m  [0m[7m  [0m[7m  [0m[7m  [0m[7m  [0m[49m  [0m[7m  [0m
[7m  [0m[49m  [0m[49m  [0m[49m  [0m[49m  [0m[49m  [0m[49m  [0m[49m  [0m[7m  [0m[49m  [0m[7m  [0m[49m  [0m[7m  [0m[49m  [0m[7m  [0m[49m  [0m[7m  [0m[49m  [0m[7m  [0m[49m  [0m[49m  [0m[49m  [0m[49m  [0m[49m  [0m[49m  [0m[49m  [0m[7m  [0m
[7m  [0m[7m  [0m[7m  [0m[7m  [0m[7m  [0m[7m  [0m[7m  [0m[7m  [0m[7m  [0m[7m  [0m[7m  [0m[49m  [0m[49m  [0m[7m  [0m[49m  [0m[7m  [0m[7m  [0m[49m  [0m[7m  [0m[7m  [0m[7m  [0m[7m  [0m[7m  [0m[7m  [0m[7m  [0m[7m  [0m[7m  [0m
[7m  [0m[49m  [0m[49m  [0m[7m  [0m[7m  [0m[49m  [0m[49m  [0m[49m  [0m[7m  [0m[7m  [0m[7m  [0m[49m  [0m[7m  [0m[49m  [0m[7m  [0m[7m  [0m[49m  [0m[49m  [0m[7m  [0m[7m  [0m[49m  [0m[7m  [0m[49m  [0m[49m  [0m[49m  [0m[49m  [0m[7m  [0m
[7m  [0m[49m  [0m[49m  [0m[49m  [0m[7m  [0m[7m  [0m[49m  [0m[7m  [0m[7m  [0m[49m  [0m[7m  [0m[7m  [0m[7m  [0m[7m  [0m[7m  [0m[49m  [0m[49m  [0m[49m  [0m[7m  [0m[49m  [0m[49m  [0m[49m  [0m[49m  [0m[7m  [0m[7m  [0m[7m  [0m[7m  [0m
[7m  [0m[7m  [0m[7m  [0m[7m  [0m[49m  [0m[7m  [0m[7m  [0m[49m  [0m[7m  [0m[7m  [0m[49m  [0m[49m  [0m[7m  [0m[7m  [0m[7m  [0m[49m  [0m[7m  [0m[7m  [0m[49m  [0m[7m  [0m[7m  [0m[49m  [0m[7m  [0m[49m  [0m[7m  [0m[7m  [0m[7m  [0m
[7m  [0m[49m  [0m[49m  [0m[7m  [0m[7m  [0m[7m  [0m[49m  [0m[7m  [0m[49m  [0m[49m  [0m[49m  [0m[7m  [0m[7m  [0m[49m  [0m[49m  [0m[7m  [0m[7m  [0m[7m  [0m[7m  [0m[7m  [0m[7m  [0m[49m  [0m[7m  [0m[49m  [0m[49m  [0m[49m  [0m[7m  [0m
[7m  [0m[7m  [0m[7m  [0m[49m  [0m[49m  [0m[49m  [0m[49m  [0m[49m  [0m[7m  [0m[7m  [0m[7m  [0m[7m  [0m[49m  [0m[7m  [0m[7m  [0m[7m  [0m[49m  [0m[49m  [0m[7m  [0m[49m  [0m[49m  [0m[49m  [0m[7m  [0m[7m  [0m[7m  [0m[7m  [0m[7m  [0m
[7m  [0m[49m  [0m[49m  [0m[7m  [0m[49m  [0m[49m  [0m[49m  [0m[7m  [0m[7m  [0m[49m  [0m[49m  [0m[49m  [0m[7m  [0m[49m  [0m[49m  [0m[49m  [0m[7m  [0m[7m  [0m[49m  [0m[49m  [0m[49m  [0m[49m  [0m[49m  [0m[7m  [0m[7m  [0m[7m  [0m[7m  [0m
[7m  [0m[7m  [0m[7m  [0m[49m  [0m[7m  [0m[7m  [0m[49m  [0m[49m  [0m[7m  [0m[7m  [0m[7m  [0m[7m  [0m[49m  [0m[49m  [0m[7m  [0m[49m  [0m[7m  [0m[49m  [0m[7m  [0m[7m  [0m[49m  [0m[7m  [0m[49m  [0m[7m  [0m[49m  [0m[49m  [0m[7m  [0m
[7m  [0m[7m  [0m[7m  [0m[49m  [0m[49m  [0m[49m  [0m[7m  [0m[7m  [0m[7m  [0m[49m  [0m[49m  [0m[49m  [0m[49m  [0m[7m  [0m[49m  [0m[7m  [0m[7m  [0m[7m  [0m[49m  [0m[7m  [0m[49m  [0m[49m  [0m[49m  [0m[49m  [0m[7m  [0m[7m  [0m[7m  [0m
[7m  [0m[49m  [0m[49m  [0m[7m  [0m[7m  [0m[49m  [0m[49m  [0m[49m  [0m[49m  [0m[7m  [0m[7m  [0m[49m  [0m[7m  [0m[49m  [0m[7m  [0m[7m  [0m[7m  [0m[49m  [0m[49m  [0m[49m  [0m[49m  [0m[49m  [0m[49m  [0m[49m  [0m[7m  [0m[49m  [0m[7m  [0m
[7m  [0m[7m  [0m[7m  [0m[7m  [0m[7m  [0m[7m  [0m[7m  [0m[7m  [0m[7m  [0m[49m  [0m[49m  [0m[49m  [0m[7m  [0m[7m  [0m[49m  [0m[49m  [0m[49m  [0m[49m  [0m[7m  [0m[7m  [0m[7m  [0m[49m  [0m[49m  [0m[49m  [0m[49m  [0m[7m  [0m[7m  [0m
[7m  [0m[49m  [0m[49m  [0m[49m  [0m[49m  [0m[49m  [0m[49m  [0m[49m  [0m[7m  [0m[7m  [0m[49m  [0m[7m  [0m[7m  [0m[7m  [0m[7m  [0m[7m  [0m[7m  [0m[49m  [0m[7m  [0m[49m  [0m[7m  [0m[49m  [0m[7m  [0m[49m  [0m[49m  [0m[49m  [0m[7m  [0m
[7m  [0m[49m  [0m[7m  [0m[7m  [0m[7m  [0m[7m  [0m[7m  [0m[49m  [0m[7m  [0m[49m  [0m[7m  [0m[49m  [0m[7m  [0m[49m  [0m[7m  [0m[7m  [0m[49m  [0m[49m  [0m[7m  [0m[7m  [0m[7m  [0m[49m  [0m[7m  [0m[7m  [0m[7m  [0m[49m  [0m[7m  [0m
[7m  [0m[49m  [0m[7m  [0m[49m  [0m[49m  [0m[49m  [0m[7m  [0m[49m  [0m[7m  [0m[49m  [0m[7m  [0m[7m  [0m[49m  [0m[7m  [0m[49m  [0m[49m  [0m[7m  [0m[49m  [0m[49m  [0m[49m  [0m[49m  [0m[49m  [0m[49m  [0m[7m  [0m[49m  [0m[7m  [0m[7m  [0m
[7m  [0m[49m  [0m[7m  [0m[49m  [0m[49m  [0m[49m  [0m[7m  [0m[49m  [0m[7m  [0m[7m  [0m[49m  [0m[7m  [0m[7m  [0m[49m  [0m[7m  [0m[49m  [0m[7m  [0m[49m  [0m[7m  [0m[7m  [0m[49m  [0m[49m  [0m[7m  [0m[7m  [0m[7m  [0m[49m  [0m[7m  [0m
[7m  [0m[49m  [0m[7m  [0m[49m  [0m[49m  [0m[49m  [0m[7m  [0m[49m  [0m[7m  [0m[7m  [0m[49m  [0m[49m  [0m[49m  [0m[49m  [0m[49m  [0m[49m  [0m[49m  [0m[49m  [0m[7m  [0m[7m  [0m[7m  [0m[7m  [0m[7m  [0m[49m  [0m[49m  [0m[7m  [0m[7m  [0m
[7m  [0m[49m  [0m[7m  [0m[7m  [0m[7m  [0m[7m  [0m[7m  [0m[49m  [0m[7m  [0m[49m  [0m[7m  [0m[7m  [0m[49m  [0m[7m  [0m[49m  [0m[7m  [0m[7m  [0m[49m  [0m[7m  [0m[49m  [0m[49m  [0m[49m  [0m[7m  [0m[7m  [0m[49m  [0m[49m  [0m[7m  [0m
[7m  [0m[49m  [0m[49m  [0m[49m  [0m[49m  [0m[49m  [0m[49m  [0m[49m  [0m[7m  [0m[49m  [0m[49m  [0m[7m  [0m[7m  [0m[49m  [0m[49m  [0m[7m  [0m[49m  [0m[7m  [0m[7m  [0m[49m  [0m[7m  [0m[7m  [0m[7m  [0m[7m  [0m[7m  [0m[49m  [0m[7m  [0m
[7m  [0m[7m  [0m[7m  [0m[7m  [0m[7m  [0m[7m  [0m[7m  [0m[7m  [0m[7m  [0m[7m  [0m[7m  [0m[7m  [0m[7m  [0m[7m  [0m[7m  [0m[7m  [0m[7m  [0m[7m  [0m[7m  [0m[7m  [0m[7m  [0m[7m  [0m[7m  [0m[7m  [0m[7m  [0m[7m  [0m[7m  [0m

c3cb111db079e5.lhr.life tunneled with tls termination, https://c3cb111db079e5.lhr.life
create an account and add your key for a longer lasting domain name. see https://localhost.run/docs/forever-free/ for more information.
Open your tunnel address on your mobile with this QR:

[7m  [0m[7m  [0m[7m  [0m[7m  [0m[7m  [0m[7m  [0m[7m  [0m[7m  [0m[7m  [0m[7m  [0m[7m  [0m[7m  [0m[7m  [0m[7m  [0m[7m  [0m[7m  [0m[7m  [0m[7m  [0m[7m  [0m[7m  [0m[7m  [0m[7m  [0m[7m  [0m[7m  [0m[7m  [0m[7m  [0m[7m  [0m
[7m  [0m[49m  [0m[49m  [0m[49m  [0m[49m  [0m[49m  [0m[49m  [0m[49m  [0m[7m  [0m[49m  [0m[49m  [0m[7m  [0m[7m  [0m[7m  [0m[49m  [0m[49m  [0m[49m  [0m[7m  [0m[7m  [0m[49m  [0m[49m  [0m[49m  [0m[49m  [0m[49m  [0m[49m  [0m[49m  [0m[7m  [0m
[7m  [0m[49m  [0m[7m  [0m[7m  [0m[7m  [0m[7m  [0m[7m  [0m[49m  [0m[7m  [0m[7m  [0m[7m  [0m[7m  [0m[7m  [0m[7m  [0m[7m  [0m[49m  [0m[7m  [0m[49m  [0m[7m  [0m[49m  [0m[7m  [0m[7m  [0m[7m  [0m[7m  [0m[7m  [0m[49m  [0m[7m  [0m
[7m  [0m[49m  [0m[7m  [0m[49m  [0m[49m  [0m[49m  [0m[7m  [0m[49m  [0m[7m  [0m[49m  [0m[7m  [0m[7m  [0m[49m  [0m[49m  [0m[7m  [0m[7m  [0m[49m  [0m[49m  [0m[7m  [0m[49m  [0m[7m  [0m[49m  [0m[49m  [0m[49m  [0m[7m  [0m[49m  [0m[7m  [0m
[7m  [0m[49m  [0m[7m  [0m[49m  [0m[49m  [0m[49m  [0m[7m  [0m[49m  [0m[7m  [0m[49m  [0m[49m  [0m[7m  [0m[49m  [0m[7m  [0m[49m  [0m[49m  [0m[7m  [0m[49m  [0m[7m  [0m[49m  [0m[7m  [0m[49m  [0m[49m  [0m[49m  [0m[7m  [0m[49m  [0m[7m  [0m
[7m  [0m[49m  [0m[7m  [0m[49m  [0m[49m  [0m[49m  [0m[7m  [0m[49m  [0m[7m  [0m[49m  [0m[49m  [0m[49m  [0m[49m  [0m[7m  [0m[49m  [0m[49m  [0m[49m  [0m[7m  [0m[7m  [0m[49m  [0m[7m  [0m[49m  [0m[49m  [0m[49m  [0m[7m  [0m[49m  [0m[7m  [0m
[7m  [0m[49m  [0m[7m  [0m[7m  [0m[7m  [0m[7m  [0m[7m  [0m[49m  [0m[7m  [0m[7m  [0m[49m  [0m[7m  [0m[7m  [0m[49m  [0m[7m  [0m[49m  [0m[49m  [0m[7m  [0m[7m  [0m[49m  [0m[7m  [0m[7m  [0m[7m  [0m[7m  [0m[7m  [0m[49m  [0m[7m  [0m
[7m  [0m[49m  [0m[49m  [0m[49m  [0m[49m  [0m[49m  [0m[49m  [0m[49m  [0m[7m  [0m[49m  [0m[7m  [0m[49m  [0m[7m  [0m[49m  [0m[7m  [0m[49m  [0m[7m  [0m[49m  [0m[7m  [0m[49m  [0m[49m  [0m[49m  [0m[49m  [0m[49m  [0m[49m  [0m[49m  [0m[7m  [0m
[7m  [0m[7m  [0m[7m  [0m[7m  [0m[7m  [0m[7m  [0m[7m  [0m[7m  [0m[7m  [0m[7m  [0m[49m  [0m[7m  [0m[49m  [0m[7m  [0m[49m  [0m[49m  [0m[49m  [0m[7m  [0m[7m  [0m[7m  [0m[7m  [0m[7m  [0m[7m  [0m[7m  [0m[7m  [0m[7m  [0m[7m  [0m
[7m  [0m[49m  [0m[49m  [0m[49m  [0m[49m  [0m[7m  [0m[7m  [0m[49m  [0m[7m  [0m[49m  [0m[7m  [0m[7m  [0m[7m  [0m[7m  [0m[7m  [0m[49m  [0m[49m  [0m[7m  [0m[49m  [0m[7m  [0m[7m  [0m[49m  [0m[49m  [0m[49m  [0m[7m  [0m[49m  [0m[7m  [0m
[7m  [0m[7m  [0m[49m  [0m[7m  [0m[7m  [0m[7m  [0m[7m  [0m[7m  [0m[49m  [0m[7m  [0m[49m  [0m[7m  [0m[7m  [0m[7m  [0m[49m  [0m[7m  [0m[7m  [0m[49m  [0m[49m  [0m[7m  [0m[7m  [0m[49m  [0m[7m  [0m[7m  [0m[7m  [0m[7m  [0m[7m  [0m
[7m  [0m[7m  [0m[49m  [0m[49m  [0m[49m  [0m[49m  [0m[49m  [0m[49m  [0m[49m  [0m[7m  [0m[7m  [0m[7m  [0m[7m  [0m[7m  [0m[7m  [0m[7m  [0m[49m  [0m[7m  [0m[49m  [0m[49m  [0m[7m  [0m[49m  [0m[49m  [0m[7m  [0m[7m  [0m[7m  [0m[7m  [0m
[7m  [0m[7m  [0m[7m  [0m[7m  [0m[7m  [0m[7m  [0m[49m  [0m[7m  [0m[49m  [0m[7m  [0m[7m  [0m[7m  [0m[49m  [0m[49m  [0m[7m  [0m[7m  [0m[49m  [0m[7m  [0m[7m  [0m[7m  [0m[49m  [0m[7m  [0m[49m  [0m[49m  [0m[7m  [0m[49m  [0m[7m  [0m
[7m  [0m[49m  [0m[49m  [0m[7m  [0m[7m  [0m[7m  [0m[49m  [0m[49m  [0m[7m  [0m[7m  [0m[49m  [0m[7m  [0m[49m  [0m[7m  [0m[49m  [0m[49m  [0m[7m  [0m[49m  [0m[7m  [0m[49m  [0m[7m  [0m[49m  [0m[49m  [0m[7m  [0m[7m  [0m[7m  [0m[7m  [0m
[7m  [0m[7m  [0m[7m  [0m[7m  [0m[49m  [0m[49m  [0m[7m  [0m[7m  [0m[49m  [0m[49m  [0m[49m  [0m[49m  [0m[49m  [0m[7m  [0m[7m  [0m[49m  [0m[7m  [0m[7m  [0m[7m  [0m[7m  [0m[49m  [0m[7m  [0m[49m  [0m[7m  [0m[49m  [0m[49m  [0m[7m  [0m
[7m  [0m[7m  [0m[49m  [0m[7m  [0m[7m  [0m[7m  [0m[7m  [0m[49m  [0m[49m  [0m[49m  [0m[7m  [0m[7m  [0m[7m  [0m[49m  [0m[49m  [0m[49m  [0m[49m  [0m[49m  [0m[49m  [0m[49m  [0m[49m  [0m[7m  [0m[7m  [0m[7m  [0m[7m  [0m[49m  [0m[7m  [0m
[7m  [0m[49m  [0m[7m  [0m[7m  [0m[49m  [0m[7m  [0m[49m  [0m[7m  [0m[49m  [0m[49m  [0m[7m  [0m[49m  [0m[7m  [0m[49m  [0m[49m  [0m[7m  [0m[49m  [0m[7m  [0m[49m  [0m[49m  [0m[49m  [0m[7m  [0m[49m  [0m[7m  [0m[49m  [0m[49m  [0m[7m  [0m
[7m  [0m[7m  [0m[7m  [0m[49m  [0m[49m  [0m[49m  [0m[7m  [0m[49m  [0m[49m  [0m[49m  [0m[7m  [0m[7m  [0m[49m  [0m[7m  [0m[49m  [0m[7m  [0m[49m  [0m[49m  [0m[49m  [0m[49m  [0m[49m  [0m[49m  [0m[49m  [0m[49m  [0m[49m  [0m[7m  [0m[7m  [0m
[7m  [0m[7m  [0m[7m  [0m[7m  [0m[7m  [0m[7m  [0m[7m  [0m[7m  [0m[7m  [0m[49m  [0m[49m  [0m[7m  [0m[7m  [0m[49m  [0m[49m  [0m[7m  [0m[7m  [0m[49m  [0m[7m  [0m[7m  [0m[7m  [0m[49m  [0m[49m  [0m[7m  [0m[49m  [0m[49m  [0m[7m  [0m
[7m  [0m[49m  [0m[49m  [0m[49m  [0m[49m  [0m[49m  [0m[49m  [0m[49m  [0m[7m  [0m[7m  [0m[49m  [0m[49m  [0m[49m  [0m[49m  [0m[7m  [0m[7m  [0m[49m  [0m[49m  [0m[7m  [0m[49m  [0m[7m  [0m[49m  [0m[7m  [0m[7m  [0m[7m  [0m[7m  [0m[7m  [0m
[7m  [0m[49m  [0m[7m  [0m[7m  [0m[7m  [0m[7m  [0m[7m  [0m[49m  [0m[7m  [0m[7m  [0m[49m  [0m[49m  [0m[7m  [0m[49m  [0m[7m  [0m[49m  [0m[7m  [0m[49m  [0m[7m  [0m[7m  [0m[7m  [0m[49m  [0m[49m  [0m[49m  [0m[7m  [0m[49m  [0m[7m  [0m
[7m  [0m[49m  [0m[7m  [0m[49m  [0m[49m  [0m[49m  [0m[7m  [0m[49m  [0m[7m  [0m[7m  [0m[7m  [0m[49m  [0m[49m  [0m[49m  [0m[49m  [0m[7m  [0m[49m  [0m[49m  [0m[49m  [0m[49m  [0m[49m  [0m[49m  [0m[49m  [0m[49m  [0m[49m  [0m[49m  [0m[7m  [0m
[7m  [0m[49m  [0m[7m  [0m[49m  [0m[49m  [0m[49m  [0m[7m  [0m[49m  [0m[7m  [0m[49m  [0m[49m  [0m[7m  [0m[7m  [0m[49m  [0m[49m  [0m[7m  [0m[49m  [0m[49m  [0m[7m  [0m[49m  [0m[7m  [0m[7m  [0m[49m  [0m[7m  [0m[7m  [0m[49m  [0m[7m  [0m
[7m  [0m[49m  [0m[7m  [0m[49m  [0m[49m  [0m[49m  [0m[7m  [0m[49m  [0m[7m  [0m[49m  [0m[7m  [0m[49m  [0m[49m  [0m[49m  [0m[49m  [0m[7m  [0m[7m  [0m[7m  [0m[7m  [0m[7m  [0m[49m  [0m[49m  [0m[7m  [0m[49m  [0m[49m  [0m[7m  [0m[7m  [0m
[7m  [0m[49m  [0m[7m  [0m[7m  [0m[7m  [0m[7m  [0m[7m  [0m[49m  [0m[7m  [0m[49m  [0m[49m  [0m[7m  [0m[7m  [0m[7m  [0m[7m  [0m[7m  [0m[49m  [0m[7m  [0m[49m  [0m[49m  [0m[7m  [0m[49m  [0m[7m  [0m[49m  [0m[7m  [0m[49m  [0m[7m  [0m
[7m  [0m[49m  [0m[49m  [0m[49m  [0m[49m  [0m[49m  [0m[49m  [0m[49m  [0m[7m  [0m[49m  [0m[7m  [0m[49m  [0m[7m  [0m[49m  [0m[7m  [0m[49m  [0m[7m  [0m[49m  [0m[7m  [0m[7m  [0m[49m  [0m[49m  [0m[7m  [0m[7m  [0m[7m  [0m[49m  [0m[7m  [0m
[7m  [0m[7m  [0m[7m  [0m[7m  [0m[7m  [0m[7m  [0m[7m  [0m[7m  [0m[7m  [0m[7m  [0m[7m  [0m[7m  [0m[7m  [0m[7m  [0m[7m  [0m[7m  [0m[7m  [0m[7m  [0m[7m  [0m[7m  [0m[7m  [0m[7m  [0m[7m  [0m[7m  [0m[7m  [0m[7m  [0m[7m  [0m

ea0ef009e6d7c4.lhr.life tunneled with tls termination, https://ea0ef009e6d7c4.lhr.life
create an account and add your key for a longer lasting domain name. see https://localhost.run/docs/forever-free/ for more information.
Open your tunnel address on your mobile with this QR:

[7m  [0m[7m  [0m[7m  [0m[7m  [0m[7m  [0m[7m  [0m[7m  [0m[7m  [0m[7m  [0m[7m  [0m[7m  [0m[7m  [0m[7m  [0m[7m  [0m[7m  [0m[7m  [0m[7m  [0m[7m  [0m[7m  [0m[7m  [0m[7m  [0m[7m  [0m[7m  [0m[7m  [0m[7m  [0m[7m  [0m[7m  [0m
[7m  [0m[49m  [0m[49m  [0m[49m  [0m[49m  [0m[49m  [0m[49m  [0m[49m  [0m[7m  [0m[49m  [0m[7m  [0m[7m  [0m[7m  [0m[7m  [0m[7m  [0m[7m  [0m[7m  [0m[7m  [0m[7m  [0m[49m  [0m[49m  [0m[49m  [0m[49m  [0m[49m  [0m[49m  [0m[49m  [0m[7m  [0m
[7m  [0m[49m  [0m[7m  [0m[7m  [0m[7m  [0m[7m  [0m[7m  [0m[49m  [0m[7m  [0m[49m  [0m[7m  [0m[7m  [0m[49m  [0m[49m  [0m[49m  [0m[49m  [0m[7m  [0m[49m  [0m[7m  [0m[49m  [0m[7m  [0m[7m  [0m[7m  [0m[7m  [0m[7m  [0m[49m  [0m[7m  [0m
[7m  [0m[49m  [0m[7m  [0m[49m  [0m[49m  [0m[49m  [0m[7m  [0m[49m  [0m[7m  [0m[49m  [0m[49m  [0m[7m  [0m[7m  [0m[49m  [0m[49m  [0m[7m  [0m[7m  [0m[49m  [0m[7m  [0m[49m  [0m[7m  [0m[49m  [0m[49m  [0m[49m  [0m[7m  [0m[49m  [0m[7m  [0m
[7m  [0m[49m  [0m[7m  [0m[49m  [0m[49m  [0m[49m  [0m[7m  [0m[49m  [0m[7m  [0m[49m  [0m[49m  [0m[49m  [0m[7m  [0m[49m  [0m[49m  [0m[49m  [0m[7m  [0m[7m  [0m[7m  [0m[49m  [0m[7m  [0m[49m  [0m[49m  [0m[49m  [0m[7m  [0m[49m  [0m[7m  [0m
[7m  [0m[49m  [0m[7m  [0m[49m  [0m[49m  [0m[49m  [0m[7m  [0m[49m  [0m[7m  [0m[7m  [0m[49m  [0m[49m  [0m[7m  [0m[49m  [0m[7m  [0m[49m  [0m[49m  [0m[7m  [0m[7m  [0m[49m  [0m[7m  [0m[49m  [0m[49m  [0m[49m  [0m[7m  [0m[49m  [0m[7m  [0m
[7m  [0m[49m  [0m[7m  [0m[7m  [0m[7m  [0m[7m  [0m[7m  [0m[49m  [0m[7m  [0m[49m  [0m[49m  [0m[49m  [0m[7m  [0m[7m  [0m[7m  [0m[7m  [0m[49m  [0m[49m  [0m[7m  [0m[49m  [0m[7m  [0m[7m  [0m[7m  [0m[7m  [0m[7m  [0m[49m  [0m[7m  [0m
[7m  [0m[49m  [0m[49m  [0m[49m  [0m[49m  [0m[49m  [0m[49m  [0m[49m  [0m[7m  [0m[49m  [0m[7m  [0m[49m  [0m[7m  [0m[49m  [0m[7m  [0m[49m  [0m[7m  [0m[49m  [0m[7m  [0m[49m  [0m[49m  [0m[49m  [0m[49m  [0m[49m  [0m[49m  [0m[49m  [0m[7m  [0m
[7m  [0m[7m  [0m[7m  [0m[7m  [0m[7m  [0m[7m  [0m[7m  [0m[7m  [0m[7m  [0m[7m  [0m[7m  [0m[49m  [0m[49m  [0m[7m  [0m[49m  [0m[7m  [0m[7m  [0m[49m  [0m[7m  [0m[7m  [0m[7m  [0m[7m  [0m[7m  [0m[7m  [0m[7m  [0m[7m  [0m[7m  [0m
[7m  [0m[49m  [0m[49m  [0m[7m  [0m[7m  [0m[49m  [0m[49m  [0m[49m  [0m[7m  [0m[7m  [0m[7m  [0m[49m  [0m[7m  [0m[49m  [0m[7m  [0m[7m  [0m[49m  [0m[49m  [0m[7m  [0m[7m  [0m[49m  [0m[7m  [0m[49m  [0m[49m  [0m[49m  [0m[49m  [0m[7m  [0m
[7m  [0m[49m  [0m[7m  [0m[49m  [0m[49m  [0m[7m  [0m[7m  [0m[7m  [0m[7m  [0m[49m  [0m[7m  [0m[7m  [0m[7m  [0m[7m  [0m[7m  [0m[49m  [0m[49m  [0m[7m  [0m[7m  [0m[49m  [0m[49m  [0m[7m  [0m[49m  [0m[7m  [0m[7m  [0m[7m  [0m[7m  [0m
[7m  [0m[49m  [0m[7m  [0m[7m  [0m[49m  [0m[7m  [0m[49m  [0m[49m  [0m[7m  [0m[49m  [0m[49m  [0m[49m  [0m[7m  [0m[7m  [0m[7m  [0m[49m  [0m[49m  [0m[49m  [0m[7m  [0m[49m  [0m[7m  [0m[49m  [0m[7m  [0m[49m  [0m[7m  [0m[7m  [0m[7m  [0m
[7m  [0m[49m  [0m[7m  [0m[49m  [0m[7m  [0m[7m  [0m[49m  [0m[7m  [0m[7m  [0m[7m  [0m[49m  [0m[7m  [0m[7m  [0m[49m  [0m[49m  [0m[7m  [0m[49m  [0m[49m  [0m[49m  [0m[7m  [0m[7m  [0m[49m  [0m[7m  [0m[49m  [0m[49m  [0m[49m  [0m[7m  [0m
[7m  [0m[7m  [0m[7m  [0m[49m  [0m[49m  [0m[49m  [0m[49m  [0m[49m  [0m[7m  [0m[7m  [0m[7m  [0m[7m  [0m[49m  [0m[7m  [0m[7m  [0m[7m  [0m[49m  [0m[7m  [0m[7m  [0m[49m  [0m[49m  [0m[49m  [0m[7m  [0m[7m  [0m[7m  [0m[7m  [0m[7m  [0m
[7m  [0m[49m  [0m[7m  [0m[49m  [0m[49m  [0m[49m  [0m[7m  [0m[7m  [0m[49m  [0m[7m  [0m[7m  [0m[49m  [0m[7m  [0m[49m  [0m[49m  [0m[49m  [0m[7m  [0m[7m  [0m[7m  [0m[49m  [0m[7m  [0m[7m  [0m[49m  [0m[7m  [0m[7m  [0m[7m  [0m[7m  [0m
[7m  [0m[7m  [0m[7m  [0m[49m  [0m[7m  [0m[7m  [0m[7m  [0m[49m  [0m[49m  [0m[49m  [0m[49m  [0m[7m  [0m[49m  [0m[49m  [0m[7m  [0m[49m  [0m[7m  [0m[49m  [0m[7m  [0m[7m  [0m[49m  [0m[7m  [0m[49m  [0m[7m  [0m[49m  [0m[49m  [0m[7m  [0m
[7m  [0m[7m  [0m[7m  [0m[49m  [0m[49m  [0m[49m  [0m[7m  [0m[7m  [0m[7m  [0m[49m  [0m[7m  [0m[49m  [0m[49m  [0m[7m  [0m[49m  [0m[7m  [0m[49m  [0m[49m  [0m[49m  [0m[7m  [0m[7m  [0m[7m  [0m[49m  [0m[49m  [0m[7m  [0m[7m  [0m[7m  [0m
[7m  [0m[49m  [0m[49m  [0m[49m  [0m[49m  [0m[49m  [0m[7m  [0m[49m  [0m[7m  [0m[49m  [0m[7m  [0m[7m  [0m[7m  [0m[49m  [0m[7m  [0m[7m  [0m[7m  [0m[49m  [0m[49m  [0m[49m  [0m[49m  [0m[49m  [0m[49m  [0m[49m  [0m[7m  [0m[49m  [0m[7m  [0m
[7m  [0m[7m  [0m[7m  [0m[7m  [0m[7m  [0m[7m  [0m[7m  [0m[7m  [0m[7m  [0m[49m  [0m[49m  [0m[7m  [0m[7m  [0m[7m  [0m[49m  [0m[49m  [0m[7m  [0m[49m  [0m[7m  [0m[7m  [0m[7m  [0m[49m  [0m[49m  [0m[49m  [0m[49m  [0m[7m  [0m[7m  [0m
[7m  [0m[49m  [0m[49m  [0m[49m  [0m[49m  [0m[49m  [0m[49m  [0m[49m  [0m[7m  [0m[7m  [0m[7m  [0m[49m  [0m[7m  [0m[7m  [0m[7m  [0m[7m  [0m[7m  [0m[49m  [0m[7m  [0m[49m  [0m[7m  [0m[49m  [0m[7m  [0m[49m  [0m[49m  [0m[49m  [0m[7m  [0m
[7m  [0m[49m  [0m[7m  [0m[7m  [0m[7m  [0m[7m  [0m[7m  [0m[49m  [0m[7m  [0m[49m  [0m[7m  [0m[7m  [0m[7m  [0m[49m  [0m[7m  [0m[7m  [0m[49m  [0m[49m  [0m[7m  [0m[7m  [0m[7m  [0m[49m  [0m[7m  [0m[7m  [0m[7m  [0m[49m  [0m[7m  [0m
[7m  [0m[49m  [0m[7m  [0m[49m  [0m[49m  [0m[49m  [0m[7m  [0m[49m  [0m[7m  [0m[49m  [0m[7m  [0m[49m  [0m[49m  [0m[7m  [0m[49m  [0m[49m  [0m[49m  [0m[49m  [0m[49m  [0m[49m  [0m[49m  [0m[49m  [0m[49m  [0m[7m  [0m[49m  [0m[7m  [0m[7m  [0m
[7m  [0m[49m  [0m[7m  [0m[49m  [0m[49m  [0m[49m  [0m[7m  [0m[49m  [0m[7m  [0m[7m  [0m[7m  [0m[7m  [0m[7m  [0m[49m  [0m[7m  [0m[49m  [0m[7m  [0m[7m  [0m[7m  [0m[7m  [0m[49m  [0m[49m  [0m[7m  [0m[7m  [0m[7m  [0m[49m  [0m[7m  [0m
[7m  [0m[49m  [0m[7m  [0m[49m  [0m[49m  [0m[49m  [0m[7m  [0m[49m  [0m[7m  [0m[7m  [0m[7m  [0m[49m  [0m[49m  [0m[49m  [0m[49m  [0m[49m  [0m[7m  [0m[49m  [0m[49m  [0m[49m  [0m[7m  [0m[7m  [0m[49m  [0m[7m  [0m[49m  [0m[7m  [0m[7m  [0m
[7m  [0m[49m  [0m[7m  [0m[7m  [0m[7m  [0m[7m  [0m[7m  [0m[49m  [0m[7m  [0m[49m  [0m[49m  [0m[49m  [0m[49m  [0m[7m  [0m[49m  [0m[7m  [0m[49m  [0m[49m  [0m[7m  [0m[7m  [0m[7m  [0m[7m  [0m[49m  [0m[7m  [0m[49m  [0m[49m  [0m[7m  [0m
[7m  [0m[49m  [0m[49m  [0m[49m  [0m[49m  [0m[49m  [0m[49m  [0m[49m  [0m[7m  [0m[49m  [0m[7m  [0m[7m  [0m[7m  [0m[49m  [0m[49m  [0m[7m  [0m[49m  [0m[49m  [0m[49m  [0m[7m  [0m[49m  [0m[49m  [0m[7m  [0m[7m  [0m[7m  [0m[49m  [0m[7m  [0m
[7m  [0m[7m  [0m[7m  [0m[7m  [0m[7m  [0m[7m  [0m[7m  [0m[7m  [0m[7m  [0m[7m  [0m[7m  [0m[7m  [0m[7m  [0m[7m  [0m[7m  [0m[7m  [0m[7m  [0m[7m  [0m[7m  [0m[7m  [0m[7m  [0m[7m  [0m[7m  [0m[7m  [0m[7m  [0m[7m  [0m[7m  [0m

Received disconnect from 54.82.85.249 port 22:12: ListenAddressT(host='ea0ef009e6d7c4.lhr.life', port=80)
Disconnected from 54.82.85.249 port 22
Pseudo-terminal will not be allocated because stdin is not a terminal.

===============================================================================
Welcome to localhost.run!

Follow your favourite reverse tunnel at [https://twitter.com/localhost_run].

To set up and manage custom domains go to https://admin.localhost.run/

More details on custom domains (and how to enable subdomains of your custom
domain) at https://localhost.run/docs/custom-domains

If you get a permission denied error check the faq for how to connect with a key or
create a free tunnel without a key at [http://localhost:3000/docs/faq#generating-an-ssh-key].

To explore using localhost.run visit the documentation site:
https://localhost.run/docs/

===============================================================================

** your connection id is d7854cad-7abf-4137-9125-d0390da6d124, please mention it if you send me a message about an issue. **

authenticated as anonymous user
8d2f2090344ea2.lhr.life tunneled with tls termination, https://8d2f2090344ea2.lhr.life
create an account and add your key for a longer lasting domain name. see https://localhost.run/docs/forever-free/ for more information.
Open your tunnel address on your mobile with this QR:

[7m  [0m[7m  [0m[7m  [0m[7m  [0m[7m  [0m[7m  [0m[7m  [0m[7m  [0m[7m  [0m[7m  [0m[7m  [0m[7m  [0m[7m  [0m[7m  [0m[7m  [0m[7m  [0m[7m  [0m[7m  [0m[7m  [0m[7m  [0m[7m  [0m[7m  [0m[7m  [0m[7m  [0m[7m  [0m[7m  [0m[7m  [0m
[7m  [0m[49m  [0m[49m  [0m[49m  [0m[49m  [0m[49m  [0m[49m  [0m[49m  [0m[7m  [0m[49m  [0m[49m  [0m[49m  [0m[49m  [0m[7m  [0m[7m  [0m[7m  [0m[49m  [0m[49m  [0m[7m  [0m[49m  [0m[49m  [0m[49m  [0m[49m  [0m[49m  [0m[49m  [0m[49m  [0m[7m  [0m
[7m  [0m[49m  [0m[7m  [0m[7m  [0m[7m  [0m[7m  [0m[7m  [0m[49m  [0m[7m  [0m[7m  [0m[7m  [0m[7m  [0m[49m  [0m[49m  [0m[49m  [0m[49m  [0m[7m  [0m[49m  [0m[7m  [0m[49m  [0m[7m  [0m[7m  [0m[7m  [0m[7m  [0m[7m  [0m[49m  [0m[7m  [0m
[7m  [0m[49m  [0m[7m  [0m[49m  [0m[49m  [0m[49m  [0m[7m  [0m[49m  [0m[7m  [0m[7m  [0m[49m  [0m[7m  [0m[49m  [0m[7m  [0m[7m  [0m[7m  [0m[7m  [0m[49m  [0m[7m  [0m[49m  [0m[7m  [0m[49m  [0m[49m  [0m[49m  [0m[7m  [0m[49m  [0m[7m  [0m
[7m  [0m[49m  [0m[7m  [0m[49m  [0m[49m  [0m[49m  [0m[7m  [0m[49m  [0m[7m  [0m[7m  [0m[7m  [0m[49m  [0m[49m  [0m[7m  [0m[49m  [0m[7m  [0m[49m  [0m[7m  [0m[7m  [0m[49m  [0m[7m  [0m[49m  [0m[49m  [0m[49m  [0m[7m  [0m[49m  [0m[7m  [0m
[7m  [0m[49m  [0m[7m  [0m[49m  [0m[49m  [0m[49m  [0m[7m  [0m[49m  [0m[7m  [0m[7m  [0m[7m  [0m[49m  [0m[49m  [0m[49m  [0m[49m  [0m[49m  [0m[7m  [0m[7m  [0m[7m  [0m[49m  [0m[7m  [0m[49m  [0m[49m  [0m[49m  [0m[7m  [0m[49m  [0m[7m  [0m
[7m  [0m[49m  [0m[7m  [0m[7m  [0m[7m  [0m[7m  [0m[7m  [0m[49m  [0m[7m  [0m[7m  [0m[49m  [0m[7m  [0m[49m  [0m[7m  [0m[49m  [0m[49m  [0m[49m  [0m[7m  [0m[7m  [0m[49m  [0m[7m  [0m[7m  [0m[7m  [0m[7m  [0m[7m  [0m[49m  [0m[7m  [0m
[7m  [0m[49m  [0m[49m  [0m[49m  [0m[49m  [0m[49m  [0m[49m  [0m[49m  [0m[7m  [0m[49m  [0m[7m  [0m[49m  [0m[7m  [0m[49m  [0m[7m  [0m[49m  [0m[7m  [0m[49m  [0m[7m  [0m[49m  [0m[49m  [0m[49m  [0m[49m  [0m[49m  [0m[49m  [0m[49m  [0m[7m  [0m
[7m  [0m[7m  [0m[7m  [0m[7m  [0m[7m  [0m[7m  [0m[7m  [0m[7m  [0m[7m  [0m[49m  [0m[49m  [0m[7m  [0m[7m  [0m[49m  [0m[7m  [0m[49m  [0m[49m  [0m[7m  [0m[7m  [0m[7m  [0m[7m  [0m[7m  [0m[7m  [0m[7m  [0m[7m  [0m[7m  [0m[7m  [0m
[7m  [0m[49m  [0m[49m  [0m[7m  [0m[49m  [0m[49m  [0m[7m  [0m[49m  [0m[7m  [0m[7m  [0m[49m  [0m[7m  [0m[7m  [0m[49m  [0m[7m  [0m[49m  [0m[7m  [0m[7m  [0m[7m  [0m[49m  [0m[7m  [0m[7m  [0m[7m  [0m[7m  [0m[7m  [0m[49m  [0m[7m  [0m
[7m  [0m[7m  [0m[7m  [0m[49m  [0m[49m  [0m[49m  [0m[49m  [0m[7m  [0m[7m  [0m[7m  [0m[7m  [0m[49m  [0m[7m  [0m[7m  [0m[49m  [0m[49m  [0m[49m  [0m[49m  [0m[7m  [0m[7m  [0m[49m  [0m[49m  [0m[49m  [0m[49m  [0m[7m  [0m[7m  [0m[7m  [0m
[7m  [0m[7m  [0m[49m  [0m[7m  [0m[49m  [0m[7m  [0m[7m  [0m[49m  [0m[49m  [0m[7m  [0m[49m  [0m[7m  [0m[7m  [0m[49m  [0m[7m  [0m[7m  [0m[49m  [0m[49m  [0m[49m  [0m[7m  [0m[49m  [0m[49m  [0m[7m  [0m[7m  [0m[7m  [0m[49m  [0m[7m  [0m
[7m  [0m[7m  [0m[7m  [0m[49m  [0m[49m  [0m[7m  [0m[49m  [0m[7m  [0m[49m  [0m[7m  [0m[7m  [0m[7m  [0m[7m  [0m[7m  [0m[49m  [0m[7m  [0m[7m  [0m[49m  [0m[49m  [0m[49m  [0m[7m  [0m[7m  [0m[49m  [0m[49m  [0m[49m  [0m[7m  [0m[7m  [0m
[7m  [0m[7m  [0m[7m  [0m[7m  [0m[49m  [0m[49m  [0m[49m  [0m[49m  [0m[49m  [0m[49m  [0m[49m  [0m[49m  [0m[7m  [0m[7m  [0m[7m  [0m[7m  [0m[49m  [0m[7m  [0m[7m  [0m[7m  [0m[49m  [0m[7m  [0m[49m  [0m[49m  [0m[49m  [0m[7m  [0m[7m  [0m
[7m  [0m[49m  [0m[49m  [0m[7m  [0m[49m  [0m[7m  [0m[7m  [0m[7m  [0m[49m  [0m[49m  [0m[49m  [0m[49m  [0m[7m  [0m[49m  [0m[49m  [0m[49m  [0m[49m  [0m[49m  [0m[7m  [0m[49m  [0m[49m  [0m[49m  [0m[49m  [0m[7m  [0m[7m  [0m[7m  [0m[7m  [0m
[7m  [0m[49m  [0m[49m  [0m[49m  [0m[7m  [0m[7m  [0m[7m  [0m[49m  [0m[7m  [0m[7m  [0m[49m  [0m[49m  [0m[7m  [0m[7m  [0m[49m  [0m[49m  [0m[49m  [0m[49m  [0m[7m  [0m[7m  [0m[7m  [0m[7m  [0m[49m  [0m[7m  [0m[7m  [0m[7m  [0m[7m  [0m
[7m  [0m[49m  [0m[7m  [0m[49m  [0m[49m  [0m[49m  [0m[7m  [0m[7m  [0m[49m  [0m[49m  [0m[49m  [0m[7m  [0m[7m  [0m[49m  [0m[49m  [0m[49m  [0m[7m  [0m[7m  [0m[7m  [0m[7m  [0m[49m  [0m[7m  [0m[7m  [0m[49m  [0m[49m  [0m[49m  [0m[7m  [0m
[7m  [0m[49m  [0m[7m  [0m[49m  [0m[49m  [0m[7m  [0m[7m  [0m[49m  [0m[49m  [0m[7m  [0m[7m  [0m[49m  [0m[49m  [0m[49m  [0m[49m  [0m[7m  [0m[49m  [0m[49m  [0m[49m  [0m[49m  [0m[49m  [0m[49m  [0m[7m  [0m[49m  [0m[49m  [0m[49m  [0m[7m  [0m
[7m  [0m[7m  [0m[7m  [0m[7m  [0m[7m  [0m[7m  [0m[7m  [0m[7m  [0m[7m  [0m[49m  [0m[49m  [0m[7m  [0m[49m  [0m[7m  [0m[7m  [0m[7m  [0m[7m  [0m[49m  [0m[7m  [0m[7m  [0m[7m  [0m[49m  [0m[49m  [0m[7m  [0m[7m  [0m[7m  [0m[7m  [0m
[7m  [0m[49m  [0m[49m  [0m[49m  [0m[49m  [0m[49m  [0m[49m  [0m[49m  [0m[7m  [0m[7m  [0m[7m  [0m[7m  [0m[7m  [0m[49m  [0m[49m  [0m[49m  [0m[49m  [0m[49m  [0m[7m  [0m[49m  [0m[7m  [0m[49m  [0m[7m  [0m[49m  [0m[49m  [0m[7m  [0m[7m  [0m
[7m  [0m[49m  [0m[7m  [0m[7m  [0m[7m  [0m[7m  [0m[7m  [0m[49m  [0m[7m  [0m[7m  [0m[49m  [0m[49m  [0m[49m  [0m[7m  [0m[49m  [0m[49m  [0m[7m  [0m[49m  [0m[7m  [0m[7m  [0m[7m  [0m[49m  [0m[49m  [0m[49m  [0m[49m  [0m[7m  [0m[7m  [0m
[7m  [0m[49m  [0m[7m  [0m[49m  [0m[49m  [0m[49m  [0m[7m  [0m[49m  [0m[7m  [0m[49m  [0m[49m  [0m[7m  [0m[49m  [0m[7m  [0m[49m  [0m[7m  [0m[7m  [0m[49m  [0m[49m  [0m[49m  [0m[49m  [0m[49m  [0m[7m  [0m[49m  [0m[49m  [0m[7m  [0m[7m  [0m
[7m  [0m[49m  [0m[7m  [0m[49m  [0m[49m  [0m[49m  [0m[7m  [0m[49m  [0m[7m  [0m[49m  [0m[7m  [0m[7m  [0m[7m  [0m[49m  [0m[49m  [0m[49m  [0m[49m  [0m[49m  [0m[7m  [0m[7m  [0m[7m  [0m[49m  [0m[7m  [0m[49m  [0m[7m  [0m[49m  [0m[7m  [0m
[7m  [0m[49m  [0m[7m  [0m[49m  [0m[49m  [0m[49m  [0m[7m  [0m[49m  [0m[7m  [0m[7m  [0m[7m  [0m[7m  [0m[49m  [0m[7m  [0m[49m  [0m[7m  [0m[49m  [0m[7m  [0m[49m  [0m[49m  [0m[7m  [0m[49m  [0m[7m  [0m[7m  [0m[49m  [0m[49m  [0m[7m  [0m
[7m  [0m[49m  [0m[7m  [0m[7m  [0m[7m  [0m[7m  [0m[7m  [0m[49m  [0m[7m  [0m[49m  [0m[49m  [0m[7m  [0m[49m  [0m[49m  [0m[49m  [0m[7m  [0m[49m  [0m[7m  [0m[49m  [0m[7m  [0m[49m  [0m[7m  [0m[49m  [0m[49m  [0m[49m  [0m[7m  [0m[7m  [0m
[7m  [0m[49m  [0m[49m  [0m[49m  [0m[49m  [0m[49m  [0m[49m  [0m[49m  [0m[7m  [0m[49m  [0m[49m  [0m[7m  [0m[49m  [0m[49m  [0m[49m  [0m[7m  [0m[49m  [0m[7m  [0m[49m  [0m[49m  [0m[7m  [0m[49m  [0m[7m  [0m[7m  [0m[49m  [0m[49m  [0m[7m  [0m
[7m  [0m[7m  [0m[7m  [0m[7m  [0m[7m  [0m[7m  [0m[7m  [0m[7m  [0m[7m  [0m[7m  [0m[7m  [0m[7m  [0m[7m  [0m[7m  [0m[7m  [0m[7m  [0m[7m  [0m[7m  [0m[7m  [0m[7m  [0m[7m  [0m[7m  [0m[7m  [0m[7m  [0m[7m  [0m[7m  [0m[7m  [0m

6b324dc6dedba8.lhr.life tunneled with tls termination, https://6b324dc6dedba8.lhr.life
create an account and add your key for a longer lasting domain name. see https://localhost.run/docs/forever-free/ for more information.
Open your tunnel address on your mobile with this QR:

[7m  [0m[7m  [0m[7m  [0m[7m  [0m[7m  [0m[7m  [0m[7m  [0m[7m  [0m[7m  [0m[7m  [0m[7m  [0m[7m  [0m[7m  [0m[7m  [0m[7m  [0m[7m  [0m[7m  [0m[7m  [0m[7m  [0m[7m  [0m[7m  [0m[7m  [0m[7m  [0m[7m  [0m[7m  [0m[7m  [0m[7m  [0m
[7m  [0m[49m  [0m[49m  [0m[49m  [0m[49m  [0m[49m  [0m[49m  [0m[49m  [0m[7m  [0m[49m  [0m[49m  [0m[7m  [0m[7m  [0m[7m  [0m[49m  [0m[49m  [0m[49m  [0m[7m  [0m[7m  [0m[49m  [0m[49m  [0m[49m  [0m[49m  [0m[49m  [0m[49m  [0m[49m  [0m[7m  [0m
[7m  [0m[49m  [0m[7m  [0m[7m  [0m[7m  [0m[7m  [0m[7m  [0m[49m  [0m[7m  [0m[7m  [0m[7m  [0m[7m  [0m[7m  [0m[7m  [0m[7m  [0m[49m  [0m[7m  [0m[49m  [0m[7m  [0m[49m  [0m[7m  [0m[7m  [0m[7m  [0m[7m  [0m[7m  [0m[49m  [0m[7m  [0m
[7m  [0m[49m  [0m[7m  [0m[49m  [0m[49m  [0m[49m  [0m[7m  [0m[49m  [0m[7m  [0m[49m  [0m[7m  [0m[7m  [0m[49m  [0m[49m  [0m[7m  [0m[7m  [0m[49m  [0m[49m  [0m[7m  [0m[49m  [0m[7m  [0m[49m  [0m[49m  [0m[49m  [0m[7m  [0m[49m  [0m[7m  [0m
[7m  [0m[49m  [0m[7m  [0m[49m  [0m[49m  [0m[49m  [0m[7m  [0m[49m  [0m[7m  [0m[49m  [0m[49m  [0m[7m  [0m[49m  [0m[7m  [0m[49m  [0m[49m  [0m[7m  [0m[49m  [0m[7m  [0m[49m  [0m[7m  [0m[49m  [0m[49m  [0m[49m  [0m[7m  [0m[49m  [0m[7m  [0m
[7m  [0m[49m  [0m[7m  [0m[49m  [0m[49m  [0m[49m  [0m[7m  [0m[49m  [0m[7m  [0m[49m  [0m[49m  [0m[49m  [0m[49m  [0m[7m  [0m[49m  [0m[49m  [0m[49m  [0m[7m  [0m[7m  [0m[49m  [0m[7m  [0m[49m  [0m[49m  [0m[49m  [0m[7m  [0m[49m  [0m[7m  [0m
[7m  [0m[49m  [0m[7m  [0m[7m  [0m[7m  [0m[7m  [0m[7m  [0m[49m  [0m[7m  [0m[7m  [0m[49m  [0m[7m  [0m[7m  [0m[49m  [0m[7m  [0m[49m  [0m[49m  [0m[7m  [0m[7m  [0m[49m  [0m[7m  [0m[7m  [0m[7m  [0m[7m  [0m[7m  [0m[49m  [0m[7m  [0m
[7m  [0m[49m  [0m[49m  [0m[49m  [0m[49m  [0m[49m  [0m[49m  [0m[49m  [0m[7m  [0m[49m  [0m[7m  [0m[49m  [0m[7m  [0m[49m  [0m[7m  [0m[49m  [0m[7m  [0m[49m  [0m[7m  [0m[49m  [0m[49m  [0m[49m  [0m[49m  [0m[49m  [0m[49m  [0m[49m  [0m[7m  [0m
[7m  [0m[7m  [0m[7m  [0m[7m  [0m[7m  [0m[7m  [0m[7m  [0m[7m  [0m[7m  [0m[7m  [0m[49m  [0m[7m  [0m[49m  [0m[7m  [0m[49m  [0m[49m  [0m[49m  [0m[7m  [0m[7m  [0m[7m  [0m[7m  [0m[7m  [0m[7m  [0m[7m  [0m[7m  [0m[7m  [0m[7m  [0m
[7m  [0m[49m  [0m[49m  [0m[49m  [0m[49m  [0m[7m  [0m[7m  [0m[49m  [0m[7m  [0m[49m  [0m[7m  [0m[7m  [0m[7m  [0m[7m  [0m[7m  [0m[49m  [0m[49m  [0m[7m  [0m[49m  [0m[7m  [0m[7m  [0m[49m  [0m[49m  [0m[49m  [0m[7m  [0m[49m  [0m[7m  [0m
[7m  [0m[7m  [0m[49m  [0m[49m  [0m[7m  [0m[49m  [0m[49m  [0m[7m  [0m[49m  [0m[49m  [0m[49m  [0m[7m  [0m[7m  [0m[7m  [0m[49m  [0m[7m  [0m[7m  [0m[7m  [0m[7m  [0m[49m  [0m[7m  [0m[7m  [0m[7m  [0m[7m  [0m[7m  [0m[7m  [0m[7m  [0m
[7m  [0m[49m  [0m[7m  [0m[49m  [0m[49m  [0m[7m  [0m[7m  [0m[49m  [0m[49m  [0m[7m  [0m[7m  [0m[7m  [0m[7m  [0m[7m  [0m[7m  [0m[7m  [0m[49m  [0m[7m  [0m[7m  [0m[7m  [0m[49m  [0m[7m  [0m[49m  [0m[7m  [0m[7m  [0m[7m  [0m[7m  [0m
[7m  [0m[49m  [0m[49m  [0m[49m  [0m[49m  [0m[49m  [0m[49m  [0m[7m  [0m[49m  [0m[49m  [0m[7m  [0m[7m  [0m[49m  [0m[49m  [0m[7m  [0m[7m  [0m[49m  [0m[49m  [0m[49m  [0m[7m  [0m[49m  [0m[7m  [0m[49m  [0m[49m  [0m[7m  [0m[49m  [0m[7m  [0m
[7m  [0m[49m  [0m[49m  [0m[7m  [0m[49m  [0m[7m  [0m[7m  [0m[49m  [0m[7m  [0m[7m  [0m[49m  [0m[7m  [0m[49m  [0m[7m  [0m[49m  [0m[49m  [0m[49m  [0m[49m  [0m[7m  [0m[49m  [0m[7m  [0m[49m  [0m[49m  [0m[7m  [0m[7m  [0m[7m  [0m[7m  [0m
[7m  [0m[7m  [0m[7m  [0m[49m  [0m[7m  [0m[49m  [0m[7m  [0m[7m  [0m[7m  [0m[49m  [0m[49m  [0m[49m  [0m[49m  [0m[7m  [0m[7m  [0m[49m  [0m[49m  [0m[49m  [0m[7m  [0m[7m  [0m[7m  [0m[49m  [0m[49m  [0m[7m  [0m[49m  [0m[49m  [0m[7m  [0m
[7m  [0m[7m  [0m[49m  [0m[7m  [0m[7m  [0m[49m  [0m[49m  [0m[49m  [0m[49m  [0m[7m  [0m[49m  [0m[7m  [0m[7m  [0m[49m  [0m[49m  [0m[49m  [0m[7m  [0m[49m  [0m[7m  [0m[7m  [0m[7m  [0m[7m  [0m[7m  [0m[7m  [0m[7m  [0m[49m  [0m[7m  [0m
[7m  [0m[49m  [0m[7m  [0m[49m  [0m[49m  [0m[49m  [0m[7m  [0m[7m  [0m[7m  [0m[7m  [0m[49m  [0m[49m  [0m[7m  [0m[49m  [0m[49m  [0m[7m  [0m[49m  [0m[7m  [0m[49m  [0m[49m  [0m[7m  [0m[7m  [0m[49m  [0m[7m  [0m[49m  [0m[49m  [0m[7m  [0m
[7m  [0m[7m  [0m[7m  [0m[7m  [0m[49m  [0m[7m  [0m[49m  [0m[49m  [0m[7m  [0m[49m  [0m[49m  [0m[7m  [0m[49m  [0m[7m  [0m[49m  [0m[7m  [0m[49m  [0m[49m  [0m[49m  [0m[49m  [0m[49m  [0m[49m  [0m[49m  [0m[49m  [0m[49m  [0m[7m  [0m[7m  [0m
[7m  [0m[7m  [0m[7m  [0m[7m  [0m[7m  [0m[7m  [0m[7m  [0m[7m  [0m[7m  [0m[49m  [0m[7m  [0m[49m  [0m[7m  [0m[49m  [0m[49m  [0m[7m  [0m[7m  [0m[49m  [0m[7m  [0m[7m  [0m[7m  [0m[49m  [0m[49m  [0m[7m  [0m[49m  [0m[49m  [0m[7m  [0m
[7m  [0m[49m  [0m[49m  [0m[49m  [0m[49m  [0m[49m  [0m[49m  [0m[49m  [0m[7m  [0m[7m  [0m[49m  [0m[7m  [0m[49m  [0m[49m  [0m[7m  [0m[7m  [0m[7m  [0m[49m  [0m[7m  [0m[49m  [0m[7m  [0m[49m  [0m[7m  [0m[7m  [0m[7m  [0m[7m  [0m[7m  [0m
[7m  [0m[49m  [0m[7m  [0m[7m  [0m[7m  [0m[7m  [0m[7m  [0m[49m  [0m[7m  [0m[7m  [0m[7m  [0m[49m  [0m[7m  [0m[49m  [0m[7m  [0m[49m  [0m[7m  [0m[49m  [0m[7m  [0m[7m  [0m[7m  [0m[49m  [0m[49m  [0m[49m  [0m[7m  [0m[49m  [0m[7m  [0m
[7m  [0m[49m  [0m[7m  [0m[49m  [0m[49m  [0m[49m  [0m[7m  [0m[49m  [0m[7m  [0m[7m  [0m[7m  [0m[49m  [0m[49m  [0m[49m  [0m[49m  [0m[7m  [0m[49m  [0m[49m  [0m[49m  [0m[49m  [0m[49m  [0m[49m  [0m[49m  [0m[49m  [0m[49m  [0m[49m  [0m[7m  [0m
[7m  [0m[49m  [0m[7m  [0m[49m  [0m[49m  [0m[49m  [0m[7m  [0m[49m  [0m[7m  [0m[49m  [0m[49m  [0m[7m  [0m[7m  [0m[49m  [0m[49m  [0m[7m  [0m[49m  [0m[7m  [0m[7m  [0m[49m  [0m[49m  [0m[7m  [0m[49m  [0m[7m  [0m[7m  [0m[49m  [0m[7m  [0m
[7m  [0m[49m  [0m[7m  [0m[49m  [0m[49m  [0m[49m  [0m[7m  [0m[49m  [0m[7m  [0m[49m  [0m[7m  [0m[7m  [0m[49m  [0m[49m  [0m[49m  [0m[7m  [0m[49m  [0m[7m  [0m[49m  [0m[49m  [0m[7m  [0m[49m  [0m[49m  [0m[7m  [0m[49m  [0m[7m  [0m[7m  [0m
[7m  [0m[49m  [0m[7m  [0m[7m  [0m[7m  [0m[7m  [0m[7m  [0m[49m  [0m[7m  [0m[49m  [0m[7m  [0m[7m  [0m[7m  [0m[7m  [0m[7m  [0m[7m  [0m[49m  [0m[7m  [0m[49m  [0m[7m  [0m[7m  [0m[7m  [0m[7m  [0m[49m  [0m[7m  [0m[49m  [0m[7m  [0m
[7m  [0m[49m  [0m[49m  [0m[49m  [0m[49m  [0m[49m  [0m[49m  [0m[49m  [0m[7m  [0m[49m  [0m[49m  [0m[49m  [0m[7m  [0m[49m  [0m[7m  [0m[49m  [0m[7m  [0m[7m  [0m[49m  [0m[49m  [0m[7m  [0m[49m  [0m[7m  [0m[7m  [0m[7m  [0m[49m  [0m[7m  [0m
[7m  [0m[7m  [0m[7m  [0m[7m  [0m[7m  [0m[7m  [0m[7m  [0m[7m  [0m[7m  [0m[7m  [0m[7m  [0m[7m  [0m[7m  [0m[7m  [0m[7m  [0m[7m  [0m[7m  [0m[7m  [0m[7m  [0m[7m  [0m[7m  [0m[7m  [0m[7m  [0m[7m  [0m[7m  [0m[7m  [0m[7m  [0m

6b2a4730e2a197.lhr.life tunneled with tls termination, https://6b2a4730e2a197.lhr.life
create an account and add your key for a longer lasting domain name. see https://localhost.run/docs/forever-free/ for more information.
Open your tunnel address on your mobile with this QR:

[7m  [0m[7m  [0m[7m  [0m[7m  [0m[7m  [0m[7m  [0m[7m  [0m[7m  [0m[7m  [0m[7m  [0m[7m  [0m[7m  [0m[7m  [0m[7m  [0m[7m  [0m[7m  [0m[7m  [0m[7m  [0m[7m  [0m[7m  [0m[7m  [0m[7m  [0m[7m  [0m[7m  [0m[7m  [0m[7m  [0m[7m  [0m
[7m  [0m[49m  [0m[49m  [0m[49m  [0m[49m  [0m[49m  [0m[49m  [0m[49m  [0m[7m  [0m[49m  [0m[7m  [0m[7m  [0m[7m  [0m[7m  [0m[7m  [0m[7m  [0m[7m  [0m[7m  [0m[7m  [0m[49m  [0m[49m  [0m[49m  [0m[49m  [0m[49m  [0m[49m  [0m[49m  [0m[7m  [0m
[7m  [0m[49m  [0m[7m  [0m[7m  [0m[7m  [0m[7m  [0m[7m  [0m[49m  [0m[7m  [0m[49m  [0m[7m  [0m[7m  [0m[49m  [0m[49m  [0m[49m  [0m[49m  [0m[7m  [0m[49m  [0m[7m  [0m[49m  [0m[7m  [0m[7m  [0m[7m  [0m[7m  [0m[7m  [0m[49m  [0m[7m  [0m
[7m  [0m[49m  [0m[7m  [0m[49m  [0m[49m  [0m[49m  [0m[7m  [0m[49m  [0m[7m  [0m[49m  [0m[49m  [0m[7m  [0m[7m  [0m[49m  [0m[49m  [0m[7m  [0m[7m  [0m[49m  [0m[7m  [0m[49m  [0m[7m  [0m[49m  [0m[49m  [0m[49m  [0m[7m  [0m[49m  [0m[7m  [0m
[7m  [0m[49m  [0m[7m  [0m[49m  [0m[49m  [0m[49m  [0m[7m  [0m[49m  [0m[7m  [0m[49m  [0m[49m  [0m[49m  [0m[7m  [0m[49m  [0m[49m  [0m[49m  [0m[7m  [0m[7m  [0m[7m  [0m[49m  [0m[7m  [0m[49m  [0m[49m  [0m[49m  [0m[7m  [0m[49m  [0m[7m  [0m
[7m  [0m[49m  [0m[7m  [0m[49m  [0m[49m  [0m[49m  [0m[7m  [0m[49m  [0m[7m  [0m[7m  [0m[49m  [0m[49m  [0m[7m  [0m[49m  [0m[7m  [0m[49m  [0m[49m  [0m[7m  [0m[7m  [0m[49m  [0m[7m  [0m[49m  [0m[49m  [0m[49m  [0m[7m  [0m[49m  [0m[7m  [0m
[7m  [0m[49m  [0m[7m  [0m[7m  [0m[7m  [0m[7m  [0m[7m  [0m[49m  [0m[7m  [0m[49m  [0m[49m  [0m[49m  [0m[7m  [0m[7m  [0m[7m  [0m[7m  [0m[49m  [0m[49m  [0m[7m  [0m[49m  [0m[7m  [0m[7m  [0m[7m  [0m[7m  [0m[7m  [0m[49m  [0m[7m  [0m
[7m  [0m[49m  [0m[49m  [0m[49m  [0m[49m  [0m[49m  [0m[49m  [0m[49m  [0m[7m  [0m[49m  [0m[7m  [0m[49m  [0m[7m  [0m[49m  [0m[7m  [0m[49m  [0m[7m  [0m[49m  [0m[7m  [0m[49m  [0m[49m  [0m[49m  [0m[49m  [0m[49m  [0m[49m  [0m[49m  [0m[7m  [0m
[7m  [0m[7m  [0m[7m  [0m[7m  [0m[7m  [0m[7m  [0m[7m  [0m[7m  [0m[7m  [0m[7m  [0m[7m  [0m[49m  [0m[49m  [0m[7m  [0m[49m  [0m[7m  [0m[7m  [0m[49m  [0m[7m  [0m[7m  [0m[7m  [0m[7m  [0m[7m  [0m[7m  [0m[7m  [0m[7m  [0m[7m  [0m
[7m  [0m[49m  [0m[49m  [0m[7m  [0m[7m  [0m[49m  [0m[49m  [0m[49m  [0m[7m  [0m[7m  [0m[7m  [0m[49m  [0m[7m  [0m[49m  [0m[7m  [0m[7m  [0m[49m  [0m[49m  [0m[7m  [0m[7m  [0m[49m  [0m[7m  [0m[49m  [0m[49m  [0m[49m  [0m[49m  [0m[7m  [0m
[7m  [0m[7m  [0m[7m  [0m[7m  [0m[7m  [0m[7m  [0m[49m  [0m[7m  [0m[7m  [0m[7m  [0m[7m  [0m[7m  [0m[7m  [0m[7m  [0m[7m  [0m[49m  [0m[49m  [0m[7m  [0m[7m  [0m[7m  [0m[7m  [0m[7m  [0m[49m  [0m[7m  [0m[7m  [0m[7m  [0m[7m  [0m
[7m  [0m[7m  [0m[49m  [0m[7m  [0m[7m  [0m[49m  [0m[7m  [0m[49m  [0m[49m  [0m[49m  [0m[49m  [0m[49m  [0m[7m  [0m[7m  [0m[7m  [0m[49m  [0m[49m  [0m[7m  [0m[7m  [0m[49m  [0m[7m  [0m[49m  [0m[7m  [0m[49m  [0m[7m  [0m[7m  [0m[7m  [0m
[7m  [0m[7m  [0m[7m  [0m[49m  [0m[49m  [0m[49m  [0m[7m  [0m[7m  [0m[49m  [0m[7m  [0m[49m  [0m[7m  [0m[7m  [0m[49m  [0m[49m  [0m[7m  [0m[7m  [0m[7m  [0m[49m  [0m[7m  [0m[7m  [0m[7m  [0m[7m  [0m[49m  [0m[49m  [0m[49m  [0m[7m  [0m
[7m  [0m[7m  [0m[49m  [0m[7m  [0m[7m  [0m[49m  [0m[7m  [0m[49m  [0m[49m  [0m[49m  [0m[7m  [0m[7m  [0m[49m  [0m[7m  [0m[7m  [0m[7m  [0m[7m  [0m[7m  [0m[49m  [0m[49m  [0m[49m  [0m[49m  [0m[7m  [0m[7m  [0m[7m  [0m[7m  [0m[7m  [0m
[7m  [0m[49m  [0m[49m  [0m[7m  [0m[49m  [0m[7m  [0m[49m  [0m[7m  [0m[49m  [0m[7m  [0m[7m  [0m[49m  [0m[7m  [0m[49m  [0m[49m  [0m[49m  [0m[49m  [0m[49m  [0m[7m  [0m[49m  [0m[49m  [0m[7m  [0m[49m  [0m[7m  [0m[7m  [0m[7m  [0m[7m  [0m
[7m  [0m[7m  [0m[7m  [0m[49m  [0m[7m  [0m[49m  [0m[49m  [0m[49m  [0m[7m  [0m[49m  [0m[49m  [0m[49m  [0m[49m  [0m[49m  [0m[7m  [0m[49m  [0m[49m  [0m[49m  [0m[49m  [0m[7m  [0m[7m  [0m[7m  [0m[49m  [0m[7m  [0m[49m  [0m[49m  [0m[7m  [0m
[7m  [0m[7m  [0m[7m  [0m[7m  [0m[7m  [0m[7m  [0m[49m  [0m[7m  [0m[49m  [0m[7m  [0m[49m  [0m[7m  [0m[49m  [0m[7m  [0m[49m  [0m[7m  [0m[7m  [0m[7m  [0m[7m  [0m[49m  [0m[49m  [0m[49m  [0m[49m  [0m[49m  [0m[7m  [0m[7m  [0m[7m  [0m
[7m  [0m[49m  [0m[49m  [0m[49m  [0m[49m  [0m[7m  [0m[49m  [0m[49m  [0m[49m  [0m[7m  [0m[49m  [0m[7m  [0m[7m  [0m[49m  [0m[7m  [0m[7m  [0m[7m  [0m[49m  [0m[49m  [0m[49m  [0m[49m  [0m[49m  [0m[49m  [0m[49m  [0m[7m  [0m[49m  [0m[7m  [0m
[7m  [0m[7m  [0m[7m  [0m[7m  [0m[7m  [0m[7m  [0m[7m  [0m[7m  [0m[7m  [0m[49m  [0m[49m  [0m[49m  [0m[7m  [0m[7m  [0m[49m  [0m[49m  [0m[7m  [0m[49m  [0m[7m  [0m[7m  [0m[7m  [0m[49m  [0m[49m  [0m[49m  [0m[49m  [0m[7m  [0m[7m  [0m
[7m  [0m[49m  [0m[49m  [0m[49m  [0m[49m  [0m[49m  [0m[49m  [0m[49m  [0m[7m  [0m[7m  [0m[7m  [0m[7m  [0m[7m  [0m[7m  [0m[7m  [0m[7m  [0m[49m  [0m[49m  [0m[7m  [0m[49m  [0m[7m  [0m[49m  [0m[7m  [0m[49m  [0m[49m  [0m[49m  [0m[7m  [0m
[7m  [0m[49m  [0m[7m  [0m[7m  [0m[7m  [0m[7m  [0m[7m  [0m[49m  [0m[7m  [0m[49m  [0m[7m  [0m[49m  [0m[7m  [0m[49m  [0m[7m  [0m[7m  [0m[49m  [0m[49m  [0m[7m  [0m[7m  [0m[7m  [0m[49m  [0m[7m  [0m[7m  [0m[7m  [0m[49m  [0m[7m  [0m
[7m  [0m[49m  [0m[7m  [0m[49m  [0m[49m  [0m[49m  [0m[7m  [0m[49m  [0m[7m  [0m[49m  [0m[7m  [0m[49m  [0m[49m  [0m[7m  [0m[49m  [0m[49m  [0m[49m  [0m[49m  [0m[49m  [0m[49m  [0m[49m  [0m[49m  [0m[49m  [0m[7m  [0m[49m  [0m[7m  [0m[7m  [0m
[7m  [0m[49m  [0m[7m  [0m[49m  [0m[49m  [0m[49m  [0m[7m  [0m[49m  [0m[7m  [0m[7m  [0m[49m  [0m[7m  [0m[7m  [0m[49m  [0m[7m  [0m[49m  [0m[49m  [0m[49m  [0m[7m  [0m[7m  [0m[49m  [0m[49m  [0m[7m  [0m[7m  [0m[7m  [0m[49m  [0m[7m  [0m
[7m  [0m[49m  [0m[7m  [0m[49m  [0m[49m  [0m[49m  [0m[7m  [0m[49m  [0m[7m  [0m[7m  [0m[49m  [0m[7m  [0m[49m  [0m[49m  [0m[49m  [0m[49m  [0m[49m  [0m[49m  [0m[49m  [0m[49m  [0m[7m  [0m[7m  [0m[7m  [0m[49m  [0m[49m  [0m[7m  [0m[7m  [0m
[7m  [0m[49m  [0m[7m  [0m[7m  [0m[7m  [0m[7m  [0m[7m  [0m[49m  [0m[7m  [0m[49m  [0m[49m  [0m[7m  [0m[49m  [0m[7m  [0m[49m  [0m[7m  [0m[49m  [0m[49m  [0m[7m  [0m[7m  [0m[49m  [0m[7m  [0m[49m  [0m[49m  [0m[49m  [0m[49m  [0m[7m  [0m
[7m  [0m[49m  [0m[49m  [0m[49m  [0m[49m  [0m[49m  [0m[49m  [0m[49m  [0m[7m  [0m[49m  [0m[49m  [0m[7m  [0m[7m  [0m[49m  [0m[49m  [0m[7m  [0m[7m  [0m[49m  [0m[49m  [0m[7m  [0m[49m  [0m[7m  [0m[49m  [0m[7m  [0m[7m  [0m[49m  [0m[7m  [0m
[7m  [0m[7m  [0m[7m  [0m[7m  [0m[7m  [0m[7m  [0m[7m  [0m[7m  [0m[7m  [0m[7m  [0m[7m  [0m[7m  [0m[7m  [0m[7m  [0m[7m  [0m[7m  [0m[7m  [0m[7m  [0m[7m  [0m[7m  [0m[7m  [0m[7m  [0m[7m  [0m[7m  [0m[7m  [0m[7m  [0m[7m  [0m

ffa35debdc6905.lhr.life tunneled with tls termination, https://ffa35debdc6905.lhr.life
create an account and add your key for a longer lasting domain name. see https://localhost.run/docs/forever-free/ for more information.
Open your tunnel address on your mobile with this QR:

[7m  [0m[7m  [0m[7m  [0m[7m  [0m[7m  [0m[7m  [0m[7m  [0m[7m  [0m[7m  [0m[7m  [0m[7m  [0m[7m  [0m[7m  [0m[7m  [0m[7m  [0m[7m  [0m[7m  [0m[7m  [0m[7m  [0m[7m  [0m[7m  [0m[7m  [0m[7m  [0m[7m  [0m[7m  [0m[7m  [0m[7m  [0m
[7m  [0m[49m  [0m[49m  [0m[49m  [0m[49m  [0m[49m  [0m[49m  [0m[49m  [0m[7m  [0m[49m  [0m[49m  [0m[7m  [0m[7m  [0m[7m  [0m[49m  [0m[49m  [0m[49m  [0m[7m  [0m[7m  [0m[49m  [0m[49m  [0m[49m  [0m[49m  [0m[49m  [0m[49m  [0m[49m  [0m[7m  [0m
[7m  [0m[49m  [0m[7m  [0m[7m  [0m[7m  [0m[7m  [0m[7m  [0m[49m  [0m[7m  [0m[7m  [0m[7m  [0m[7m  [0m[7m  [0m[7m  [0m[7m  [0m[49m  [0m[7m  [0m[49m  [0m[7m  [0m[49m  [0m[7m  [0m[7m  [0m[7m  [0m[7m  [0m[7m  [0m[49m  [0m[7m  [0m
[7m  [0m[49m  [0m[7m  [0m[49m  [0m[49m  [0m[49m  [0m[7m  [0m[49m  [0m[7m  [0m[49m  [0m[7m  [0m[7m  [0m[49m  [0m[49m  [0m[7m  [0m[7m  [0m[49m  [0m[49m  [0m[7m  [0m[49m  [0m[7m  [0m[49m  [0m[49m  [0m[49m  [0m[7m  [0m[49m  [0m[7m  [0m
[7m  [0m[49m  [0m[7m  [0m[49m  [0m[49m  [0m[49m  [0m[7m  [0m[49m  [0m[7m  [0m[49m  [0m[49m  [0m[7m  [0m[49m  [0m[7m  [0m[49m  [0m[49m  [0m[7m  [0m[49m  [0m[7m  [0m[49m  [0m[7m  [0m[49m  [0m[49m  [0m[49m  [0m[7m  [0m[49m  [0m[7m  [0m
[7m  [0m[49m  [0m[7m  [0m[49m  [0m[49m  [0m[49m  [0m[7m  [0m[49m  [0m[7m  [0m[49m  [0m[49m  [0m[49m  [0m[49m  [0m[7m  [0m[49m  [0m[49m  [0m[49m  [0m[7m  [0m[7m  [0m[49m  [0m[7m  [0m[49m  [0m[49m  [0m[49m  [0m[7m  [0m[49m  [0m[7m  [0m
[7m  [0m[49m  [0m[7m  [0m[7m  [0m[7m  [0m[7m  [0m[7m  [0m[49m  [0m[7m  [0m[7m  [0m[49m  [0m[7m  [0m[7m  [0m[49m  [0m[7m  [0m[49m  [0m[49m  [0m[7m  [0m[7m  [0m[49m  [0m[7m  [0m[7m  [0m[7m  [0m[7m  [0m[7m  [0m[49m  [0m[7m  [0m
[7m  [0m[49m  [0m[49m  [0m[49m  [0m[49m  [0m[49m  [0m[49m  [0m[49m  [0m[7m  [0m[49m  [0m[7m  [0m[49m  [0m[7m  [0m[49m  [0m[7m  [0m[49m  [0m[7m  [0m[49m  [0m[7m  [0m[49m  [0m[49m  [0m[49m  [0m[49m  [0m[49m  [0m[49m  [0m[49m  [0m[7m  [0m
[7m  [0m[7m  [0m[7m  [0m[7m  [0m[7m  [0m[7m  [0m[7m  [0m[7m  [0m[7m  [0m[7m  [0m[49m  [0m[7m  [0m[49m  [0m[7m  [0m[49m  [0m[49m  [0m[49m  [0m[7m  [0m[7m  [0m[7m  [0m[7m  [0m[7m  [0m[7m  [0m[7m  [0m[7m  [0m[7m  [0m[7m  [0m
[7m  [0m[49m  [0m[49m  [0m[49m  [0m[49m  [0m[7m  [0m[7m  [0m[49m  [0m[7m  [0m[49m  [0m[7m  [0m[7m  [0m[7m  [0m[7m  [0m[7m  [0m[49m  [0m[49m  [0m[7m  [0m[49m  [0m[7m  [0m[7m  [0m[49m  [0m[49m  [0m[49m  [0m[7m  [0m[49m  [0m[7m  [0m
[7m  [0m[7m  [0m[49m  [0m[49m  [0m[7m  [0m[49m  [0m[7m  [0m[7m  [0m[49m  [0m[49m  [0m[49m  [0m[7m  [0m[7m  [0m[7m  [0m[49m  [0m[7m  [0m[7m  [0m[49m  [0m[49m  [0m[7m  [0m[7m  [0m[49m  [0m[7m  [0m[7m  [0m[7m  [0m[7m  [0m[7m  [0m
[7m  [0m[49m  [0m[7m  [0m[7m  [0m[7m  [0m[7m  [0m[49m  [0m[49m  [0m[7m  [0m[7m  [0m[7m  [0m[7m  [0m[7m  [0m[7m  [0m[7m  [0m[7m  [0m[7m  [0m[49m  [0m[49m  [0m[49m  [0m[49m  [0m[7m  [0m[49m  [0m[7m  [0m[7m  [0m[7m  [0m[7m  [0m
[7m  [0m[49m  [0m[7m  [0m[49m  [0m[7m  [0m[7m  [0m[49m  [0m[7m  [0m[49m  [0m[49m  [0m[7m  [0m[7m  [0m[49m  [0m[49m  [0m[7m  [0m[7m  [0m[7m  [0m[49m  [0m[49m  [0m[7m  [0m[49m  [0m[7m  [0m[49m  [0m[49m  [0m[7m  [0m[49m  [0m[7m  [0m
[7m  [0m[7m  [0m[49m  [0m[7m  [0m[7m  [0m[49m  [0m[49m  [0m[49m  [0m[49m  [0m[7m  [0m[49m  [0m[7m  [0m[49m  [0m[7m  [0m[49m  [0m[49m  [0m[49m  [0m[7m  [0m[49m  [0m[49m  [0m[7m  [0m[49m  [0m[49m  [0m[7m  [0m[7m  [0m[7m  [0m[7m  [0m
[7m  [0m[7m  [0m[49m  [0m[7m  [0m[7m  [0m[49m  [0m[7m  [0m[7m  [0m[7m  [0m[49m  [0m[49m  [0m[49m  [0m[49m  [0m[7m  [0m[7m  [0m[49m  [0m[7m  [0m[7m  [0m[49m  [0m[7m  [0m[7m  [0m[7m  [0m[49m  [0m[7m  [0m[49m  [0m[49m  [0m[7m  [0m
[7m  [0m[7m  [0m[49m  [0m[49m  [0m[7m  [0m[49m  [0m[7m  [0m[49m  [0m[49m  [0m[7m  [0m[7m  [0m[49m  [0m[7m  [0m[49m  [0m[49m  [0m[49m  [0m[7m  [0m[49m  [0m[7m  [0m[7m  [0m[49m  [0m[7m  [0m[7m  [0m[7m  [0m[7m  [0m[49m  [0m[7m  [0m
[7m  [0m[49m  [0m[7m  [0m[7m  [0m[49m  [0m[7m  [0m[49m  [0m[7m  [0m[7m  [0m[7m  [0m[49m  [0m[49m  [0m[7m  [0m[49m  [0m[49m  [0m[7m  [0m[7m  [0m[49m  [0m[7m  [0m[49m  [0m[7m  [0m[49m  [0m[49m  [0m[7m  [0m[49m  [0m[49m  [0m[7m  [0m
[7m  [0m[7m  [0m[7m  [0m[49m  [0m[7m  [0m[7m  [0m[7m  [0m[49m  [0m[49m  [0m[49m  [0m[7m  [0m[49m  [0m[49m  [0m[7m  [0m[49m  [0m[7m  [0m[49m  [0m[49m  [0m[49m  [0m[49m  [0m[49m  [0m[49m  [0m[49m  [0m[49m  [0m[49m  [0m[7m  [0m[7m  [0m
[7m  [0m[7m  [0m[7m  [0m[7m  [0m[7m  [0m[7m  [0m[7m  [0m[7m  [0m[7m  [0m[49m  [0m[7m  [0m[7m  [0m[7m  [0m[49m  [0m[49m  [0m[7m  [0m[7m  [0m[49m  [0m[7m  [0m[7m  [0m[7m  [0m[49m  [0m[49m  [0m[7m  [0m[49m  [0m[49m  [0m[7m  [0m
[7m  [0m[49m  [0m[49m  [0m[49m  [0m[49m  [0m[49m  [0m[49m  [0m[49m  [0m[7m  [0m[7m  [0m[49m  [0m[49m  [0m[49m  [0m[49m  [0m[7m  [0m[7m  [0m[7m  [0m[49m  [0m[7m  [0m[49m  [0m[7m  [0m[49m  [0m[7m  [0m[7m  [0m[7m  [0m[7m  [0m[7m  [0m
[7m  [0m[49m  [0m[7m  [0m[7m  [0m[7m  [0m[7m  [0m[7m  [0m[49m  [0m[7m  [0m[7m  [0m[7m  [0m[7m  [0m[7m  [0m[49m  [0m[7m  [0m[49m  [0m[7m  [0m[49m  [0m[7m  [0m[7m  [0m[7m  [0m[49m  [0m[49m  [0m[49m  [0m[7m  [0m[49m  [0m[7m  [0m
[7m  [0m[49m  [0m[7m  [0m[49m  [0m[49m  [0m[49m  [0m[7m  [0m[49m  [0m[7m  [0m[7m  [0m[7m  [0m[7m  [0m[49m  [0m[49m  [0m[49m  [0m[7m  [0m[7m  [0m[49m  [0m[49m  [0m[49m  [0m[49m  [0m[49m  [0m[49m  [0m[49m  [0m[49m  [0m[49m  [0m[7m  [0m
[7m  [0m[49m  [0m[7m  [0m[49m  [0m[49m  [0m[49m  [0m[7m  [0m[49m  [0m[7m  [0m[49m  [0m[49m  [0m[7m  [0m[7m  [0m[49m  [0m[49m  [0m[7m  [0m[49m  [0m[49m  [0m[7m  [0m[7m  [0m[49m  [0m[49m  [0m[49m  [0m[7m  [0m[7m  [0m[49m  [0m[7m  [0m
[7m  [0m[49m  [0m[7m  [0m[49m  [0m[49m  [0m[49m  [0m[7m  [0m[49m  [0m[7m  [0m[49m  [0m[49m  [0m[7m  [0m[49m  [0m[49m  [0m[49m  [0m[7m  [0m[7m  [0m[7m  [0m[49m  [0m[49m  [0m[7m  [0m[49m  [0m[7m  [0m[49m  [0m[49m  [0m[7m  [0m[7m  [0m
[7m  [0m[49m  [0m[7m  [0m[7m  [0m[7m  [0m[7m  [0m[7m  [0m[49m  [0m[7m  [0m[49m  [0m[49m  [0m[49m  [0m[7m  [0m[7m  [0m[7m  [0m[7m  [0m[49m  [0m[49m  [0m[49m  [0m[7m  [0m[49m  [0m[49m  [0m[7m  [0m[7m  [0m[7m  [0m[49m  [0m[7m  [0m
[7m  [0m[49m  [0m[49m  [0m[49m  [0m[49m  [0m[49m  [0m[49m  [0m[49m  [0m[7m  [0m[49m  [0m[7m  [0m[7m  [0m[7m  [0m[49m  [0m[7m  [0m[49m  [0m[7m  [0m[7m  [0m[49m  [0m[49m  [0m[7m  [0m[7m  [0m[7m  [0m[49m  [0m[7m  [0m[49m  [0m[7m  [0m
[7m  [0m[7m  [0m[7m  [0m[7m  [0m[7m  [0m[7m  [0m[7m  [0m[7m  [0m[7m  [0m[7m  [0m[7m  [0m[7m  [0m[7m  [0m[7m  [0m[7m  [0m[7m  [0m[7m  [0m[7m  [0m[7m  [0m[7m  [0m[7m  [0m[7m  [0m[7m  [0m[7m  [0m[7m  [0m[7m  [0m[7m  [0m

4e69f0fdfb15ad.lhr.life tunneled with tls termination, https://4e69f0fdfb15ad.lhr.life
create an account and add your key for a longer lasting domain name. see https://localhost.run/docs/forever-free/ for more information.
Open your tunnel address on your mobile with this QR:

[7m  [0m[7m  [0m[7m  [0m[7m  [0m[7m  [0m[7m  [0m[7m  [0m[7m  [0m[7m  [0m[7m  [0m[7m  [0m[7m  [0m[7m  [0m[7m  [0m[7m  [0m[7m  [0m[7m  [0m[7m  [0m[7m  [0m[7m  [0m[7m  [0m[7m  [0m[7m  [0m[7m  [0m[7m  [0m[7m  [0m[7m  [0m
[7m  [0m[49m  [0m[49m  [0m[49m  [0m[49m  [0m[49m  [0m[49m  [0m[49m  [0m[7m  [0m[49m  [0m[7m  [0m[7m  [0m[7m  [0m[7m  [0m[7m  [0m[7m  [0m[7m  [0m[7m  [0m[7m  [0m[49m  [0m[49m  [0m[49m  [0m[49m  [0m[49m  [0m[49m  [0m[49m  [0m[7m  [0m
[7m  [0m[49m  [0m[7m  [0m[7m  [0m[7m  [0m[7m  [0m[7m  [0m[49m  [0m[7m  [0m[49m  [0m[7m  [0m[7m  [0m[49m  [0m[49m  [0m[49m  [0m[49m  [0m[7m  [0m[49m  [0m[7m  [0m[49m  [0m[7m  [0m[7m  [0m[7m  [0m[7m  [0m[7m  [0m[49m  [0m[7m  [0m
[7m  [0m[49m  [0m[7m  [0m[49m  [0m[49m  [0m[49m  [0m[7m  [0m[49m  [0m[7m  [0m[49m  [0m[49m  [0m[7m  [0m[7m  [0m[49m  [0m[49m  [0m[7m  [0m[7m  [0m[49m  [0m[7m  [0m[49m  [0m[7m  [0m[49m  [0m[49m  [0m[49m  [0m[7m  [0m[49m  [0m[7m  [0m
[7m  [0m[49m  [0m[7m  [0m[49m  [0m[49m  [0m[49m  [0m[7m  [0m[49m  [0m[7m  [0m[49m  [0m[49m  [0m[49m  [0m[7m  [0m[49m  [0m[49m  [0m[49m  [0m[7m  [0m[7m  [0m[7m  [0m[49m  [0m[7m  [0m[49m  [0m[49m  [0m[49m  [0m[7m  [0m[49m  [0m[7m  [0m
[7m  [0m[49m  [0m[7m  [0m[49m  [0m[49m  [0m[49m  [0m[7m  [0m[49m  [0m[7m  [0m[7m  [0m[49m  [0m[49m  [0m[7m  [0m[49m  [0m[7m  [0m[49m  [0m[49m  [0m[7m  [0m[7m  [0m[49m  [0m[7m  [0m[49m  [0m[49m  [0m[49m  [0m[7m  [0m[49m  [0m[7m  [0m
[7m  [0m[49m  [0m[7m  [0m[7m  [0m[7m  [0m[7m  [0m[7m  [0m[49m  [0m[7m  [0m[49m  [0m[49m  [0m[49m  [0m[7m  [0m[7m  [0m[7m  [0m[7m  [0m[49m  [0m[49m  [0m[7m  [0m[49m  [0m[7m  [0m[7m  [0m[7m  [0m[7m  [0m[7m  [0m[49m  [0m[7m  [0m
[7m  [0m[49m  [0m[49m  [0m[49m  [0m[49m  [0m[49m  [0m[49m  [0m[49m  [0m[7m  [0m[49m  [0m[7m  [0m[49m  [0m[7m  [0m[49m  [0m[7m  [0m[49m  [0m[7m  [0m[49m  [0m[7m  [0m[49m  [0m[49m  [0m[49m  [0m[49m  [0m[49m  [0m[49m  [0m[49m  [0m[7m  [0m
[7m  [0m[7m  [0m[7m  [0m[7m  [0m[7m  [0m[7m  [0m[7m  [0m[7m  [0m[7m  [0m[7m  [0m[7m  [0m[49m  [0m[49m  [0m[7m  [0m[49m  [0m[7m  [0m[7m  [0m[49m  [0m[7m  [0m[7m  [0m[7m  [0m[7m  [0m[7m  [0m[7m  [0m[7m  [0m[7m  [0m[7m  [0m
[7m  [0m[49m  [0m[49m  [0m[7m  [0m[7m  [0m[49m  [0m[49m  [0m[49m  [0m[7m  [0m[7m  [0m[7m  [0m[49m  [0m[7m  [0m[49m  [0m[7m  [0m[7m  [0m[49m  [0m[49m  [0m[7m  [0m[7m  [0m[49m  [0m[7m  [0m[49m  [0m[49m  [0m[49m  [0m[49m  [0m[7m  [0m
[7m  [0m[7m  [0m[49m  [0m[7m  [0m[49m  [0m[7m  [0m[7m  [0m[7m  [0m[49m  [0m[49m  [0m[7m  [0m[7m  [0m[7m  [0m[7m  [0m[7m  [0m[49m  [0m[49m  [0m[49m  [0m[7m  [0m[49m  [0m[49m  [0m[7m  [0m[49m  [0m[7m  [0m[7m  [0m[7m  [0m[7m  [0m
[7m  [0m[7m  [0m[49m  [0m[49m  [0m[49m  [0m[7m  [0m[49m  [0m[49m  [0m[49m  [0m[7m  [0m[49m  [0m[49m  [0m[7m  [0m[7m  [0m[7m  [0m[49m  [0m[7m  [0m[7m  [0m[7m  [0m[49m  [0m[7m  [0m[49m  [0m[7m  [0m[49m  [0m[7m  [0m[7m  [0m[7m  [0m
[7m  [0m[49m  [0m[49m  [0m[7m  [0m[7m  [0m[49m  [0m[7m  [0m[7m  [0m[7m  [0m[7m  [0m[49m  [0m[7m  [0m[7m  [0m[49m  [0m[49m  [0m[7m  [0m[7m  [0m[49m  [0m[7m  [0m[7m  [0m[7m  [0m[49m  [0m[7m  [0m[49m  [0m[49m  [0m[49m  [0m[7m  [0m
[7m  [0m[7m  [0m[7m  [0m[7m  [0m[7m  [0m[7m  [0m[49m  [0m[49m  [0m[49m  [0m[49m  [0m[7m  [0m[7m  [0m[49m  [0m[7m  [0m[7m  [0m[7m  [0m[7m  [0m[49m  [0m[49m  [0m[49m  [0m[49m  [0m[7m  [0m[7m  [0m[7m  [0m[7m  [0m[7m  [0m[7m  [0m
[7m  [0m[49m  [0m[7m  [0m[49m  [0m[7m  [0m[49m  [0m[49m  [0m[7m  [0m[7m  [0m[49m  [0m[7m  [0m[49m  [0m[7m  [0m[49m  [0m[49m  [0m[49m  [0m[49m  [0m[49m  [0m[49m  [0m[49m  [0m[7m  [0m[7m  [0m[49m  [0m[7m  [0m[7m  [0m[7m  [0m[7m  [0m
[7m  [0m[7m  [0m[7m  [0m[49m  [0m[49m  [0m[7m  [0m[49m  [0m[49m  [0m[7m  [0m[7m  [0m[49m  [0m[49m  [0m[49m  [0m[49m  [0m[7m  [0m[49m  [0m[49m  [0m[49m  [0m[49m  [0m[49m  [0m[7m  [0m[49m  [0m[49m  [0m[7m  [0m[49m  [0m[49m  [0m[7m  [0m
[7m  [0m[7m  [0m[7m  [0m[49m  [0m[49m  [0m[49m  [0m[49m  [0m[7m  [0m[49m  [0m[7m  [0m[49m  [0m[7m  [0m[49m  [0m[7m  [0m[49m  [0m[7m  [0m[49m  [0m[7m  [0m[49m  [0m[7m  [0m[7m  [0m[7m  [0m[49m  [0m[49m  [0m[7m  [0m[7m  [0m[7m  [0m
[7m  [0m[49m  [0m[49m  [0m[49m  [0m[7m  [0m[7m  [0m[7m  [0m[49m  [0m[49m  [0m[49m  [0m[49m  [0m[7m  [0m[7m  [0m[49m  [0m[7m  [0m[7m  [0m[7m  [0m[49m  [0m[49m  [0m[49m  [0m[49m  [0m[49m  [0m[49m  [0m[49m  [0m[7m  [0m[49m  [0m[7m  [0m
[7m  [0m[7m  [0m[7m  [0m[7m  [0m[7m  [0m[7m  [0m[7m  [0m[7m  [0m[7m  [0m[49m  [0m[49m  [0m[7m  [0m[7m  [0m[7m  [0m[49m  [0m[49m  [0m[7m  [0m[49m  [0m[7m  [0m[7m  [0m[7m  [0m[49m  [0m[49m  [0m[49m  [0m[49m  [0m[7m  [0m[7m  [0m
[7m  [0m[49m  [0m[49m  [0m[49m  [0m[49m  [0m[49m  [0m[49m  [0m[49m  [0m[7m  [0m[7m  [0m[7m  [0m[49m  [0m[7m  [0m[7m  [0m[7m  [0m[7m  [0m[7m  [0m[49m  [0m[7m  [0m[49m  [0m[7m  [0m[49m  [0m[7m  [0m[49m  [0m[49m  [0m[49m  [0m[7m  [0m
[7m  [0m[49m  [0m[7m  [0m[7m  [0m[7m  [0m[7m  [0m[7m  [0m[49m  [0m[7m  [0m[49m  [0m[49m  [0m[49m  [0m[7m  [0m[49m  [0m[7m  [0m[7m  [0m[7m  [0m[49m  [0m[7m  [0m[7m  [0m[7m  [0m[49m  [0m[7m  [0m[7m  [0m[7m  [0m[49m  [0m[7m  [0m
[7m  [0m[49m  [0m[7m  [0m[49m  [0m[49m  [0m[49m  [0m[7m  [0m[49m  [0m[7m  [0m[49m  [0m[7m  [0m[7m  [0m[49m  [0m[7m  [0m[49m  [0m[49m  [0m[7m  [0m[49m  [0m[49m  [0m[49m  [0m[49m  [0m[49m  [0m[49m  [0m[7m  [0m[49m  [0m[7m  [0m[7m  [0m
[7m  [0m[49m  [0m[7m  [0m[49m  [0m[49m  [0m[49m  [0m[7m  [0m[49m  [0m[7m  [0m[7m  [0m[49m  [0m[49m  [0m[7m  [0m[49m  [0m[7m  [0m[49m  [0m[7m  [0m[7m  [0m[7m  [0m[49m  [0m[49m  [0m[7m  [0m[7m  [0m[7m  [0m[7m  [0m[49m  [0m[7m  [0m
[7m  [0m[49m  [0m[7m  [0m[49m  [0m[49m  [0m[49m  [0m[7m  [0m[49m  [0m[7m  [0m[7m  [0m[49m  [0m[49m  [0m[49m  [0m[49m  [0m[49m  [0m[49m  [0m[49m  [0m[49m  [0m[49m  [0m[49m  [0m[7m  [0m[7m  [0m[49m  [0m[49m  [0m[49m  [0m[7m  [0m[7m  [0m
[7m  [0m[49m  [0m[7m  [0m[7m  [0m[7m  [0m[7m  [0m[7m  [0m[49m  [0m[7m  [0m[49m  [0m[49m  [0m[49m  [0m[49m  [0m[7m  [0m[49m  [0m[7m  [0m[49m  [0m[7m  [0m[49m  [0m[49m  [0m[7m  [0m[49m  [0m[7m  [0m[7m  [0m[49m  [0m[49m  [0m[7m  [0m
[7m  [0m[49m  [0m[49m  [0m[49m  [0m[49m  [0m[49m  [0m[49m  [0m[49m  [0m[7m  [0m[49m  [0m[7m  [0m[7m  [0m[7m  [0m[49m  [0m[49m  [0m[7m  [0m[49m  [0m[49m  [0m[7m  [0m[7m  [0m[49m  [0m[49m  [0m[7m  [0m[7m  [0m[7m  [0m[49m  [0m[7m  [0m
[7m  [0m[7m  [0m[7m  [0m[7m  [0m[7m  [0m[7m  [0m[7m  [0m[7m  [0m[7m  [0m[7m  [0m[7m  [0m[7m  [0m[7m  [0m[7m  [0m[7m  [0m[7m  [0m[7m  [0m[7m  [0m[7m  [0m[7m  [0m[7m  [0m[7m  [0m[7m  [0m[7m  [0m[7m  [0m[7m  [0m[7m  [0m

27b4431f0af10f.lhr.life tunneled with tls termination, https://27b4431f0af10f.lhr.life
create an account and add your key for a longer lasting domain name. see https://localhost.run/docs/forever-free/ for more information.
Open your tunnel address on your mobile with this QR:

[7m  [0m[7m  [0m[7m  [0m[7m  [0m[7m  [0m[7m  [0m[7m  [0m[7m  [0m[7m  [0m[7m  [0m[7m  [0m[7m  [0m[7m  [0m[7m  [0m[7m  [0m[7m  [0m[7m  [0m[7m  [0m[7m  [0m[7m  [0m[7m  [0m[7m  [0m[7m  [0m[7m  [0m[7m  [0m[7m  [0m[7m  [0m
[7m  [0m[49m  [0m[49m  [0m[49m  [0m[49m  [0m[49m  [0m[49m  [0m[49m  [0m[7m  [0m[7m  [0m[7m  [0m[49m  [0m[7m  [0m[7m  [0m[49m  [0m[7m  [0m[7m  [0m[49m  [0m[7m  [0m[49m  [0m[49m  [0m[49m  [0m[49m  [0m[49m  [0m[49m  [0m[49m  [0m[7m  [0m
[7m  [0m[49m  [0m[7m  [0m[7m  [0m[7m  [0m[7m  [0m[7m  [0m[49m  [0m[7m  [0m[7m  [0m[49m  [0m[7m  [0m[7m  [0m[7m  [0m[49m  [0m[7m  [0m[49m  [0m[49m  [0m[7m  [0m[49m  [0m[7m  [0m[7m  [0m[7m  [0m[7m  [0m[7m  [0m[49m  [0m[7m  [0m
[7m  [0m[49m  [0m[7m  [0m[49m  [0m[49m  [0m[49m  [0m[7m  [0m[49m  [0m[7m  [0m[49m  [0m[7m  [0m[7m  [0m[49m  [0m[7m  [0m[49m  [0m[49m  [0m[49m  [0m[49m  [0m[7m  [0m[49m  [0m[7m  [0m[49m  [0m[49m  [0m[49m  [0m[7m  [0m[49m  [0m[7m  [0m
[7m  [0m[49m  [0m[7m  [0m[49m  [0m[49m  [0m[49m  [0m[7m  [0m[49m  [0m[7m  [0m[7m  [0m[49m  [0m[7m  [0m[7m  [0m[49m  [0m[7m  [0m[49m  [0m[7m  [0m[49m  [0m[7m  [0m[49m  [0m[7m  [0m[49m  [0m[49m  [0m[49m  [0m[7m  [0m[49m  [0m[7m  [0m
[7m  [0m[49m  [0m[7m  [0m[49m  [0m[49m  [0m[49m  [0m[7m  [0m[49m  [0m[7m  [0m[7m  [0m[49m  [0m[7m  [0m[7m  [0m[49m  [0m[49m  [0m[49m  [0m[49m  [0m[49m  [0m[7m  [0m[49m  [0m[7m  [0m[49m  [0m[49m  [0m[49m  [0m[7m  [0m[49m  [0m[7m  [0m
[7m  [0m[49m  [0m[7m  [0m[7m  [0m[7m  [0m[7m  [0m[7m  [0m[49m  [0m[7m  [0m[7m  [0m[7m  [0m[49m  [0m[49m  [0m[49m  [0m[7m  [0m[49m  [0m[7m  [0m[49m  [0m[7m  [0m[49m  [0m[7m  [0m[7m  [0m[7m  [0m[7m  [0m[7m  [0m[49m  [0m[7m  [0m
[7m  [0m[49m  [0m[49m  [0m[49m  [0m[49m  [0m[49m  [0m[49m  [0m[49m  [0m[7m  [0m[49m  [0m[7m  [0m[49m  [0m[7m  [0m[49m  [0m[7m  [0m[49m  [0m[7m  [0m[49m  [0m[7m  [0m[49m  [0m[49m  [0m[49m  [0m[49m  [0m[49m  [0m[49m  [0m[49m  [0m[7m  [0m
[7m  [0m[7m  [0m[7m  [0m[7m  [0m[7m  [0m[7m  [0m[7m  [0m[7m  [0m[7m  [0m[49m  [0m[7m  [0m[7m  [0m[49m  [0m[7m  [0m[7m  [0m[7m  [0m[7m  [0m[7m  [0m[7m  [0m[7m  [0m[7m  [0m[7m  [0m[7m  [0m[7m  [0m[7m  [0m[7m  [0m[7m  [0m
[7m  [0m[49m  [0m[49m  [0m[49m  [0m[7m  [0m[49m  [0m[49m  [0m[49m  [0m[49m  [0m[49m  [0m[7m  [0m[7m  [0m[7m  [0m[49m  [0m[49m  [0m[7m  [0m[49m  [0m[7m  [0m[49m  [0m[49m  [0m[7m  [0m[7m  [0m[7m  [0m[49m  [0m[7m  [0m[7m  [0m[7m  [0m
[7m  [0m[7m  [0m[49m  [0m[49m  [0m[49m  [0m[49m  [0m[7m  [0m[7m  [0m[7m  [0m[7m  [0m[49m  [0m[7m  [0m[49m  [0m[49m  [0m[7m  [0m[7m  [0m[7m  [0m[49m  [0m[7m  [0m[7m  [0m[7m  [0m[49m  [0m[7m  [0m[7m  [0m[49m  [0m[49m  [0m[7m  [0m
[7m  [0m[49m  [0m[7m  [0m[7m  [0m[49m  [0m[49m  [0m[49m  [0m[49m  [0m[7m  [0m[7m  [0m[7m  [0m[49m  [0m[49m  [0m[49m  [0m[7m  [0m[7m  [0m[49m  [0m[7m  [0m[49m  [0m[7m  [0m[7m  [0m[7m  [0m[49m  [0m[49m  [0m[49m  [0m[49m  [0m[7m  [0m
[7m  [0m[7m  [0m[7m  [0m[49m  [0m[7m  [0m[49m  [0m[49m  [0m[7m  [0m[7m  [0m[49m  [0m[49m  [0m[49m  [0m[7m  [0m[49m  [0m[7m  [0m[7m  [0m[7m  [0m[7m  [0m[49m  [0m[7m  [0m[49m  [0m[7m  [0m[7m  [0m[7m  [0m[49m  [0m[49m  [0m[7m  [0m
[7m  [0m[7m  [0m[49m  [0m[49m  [0m[7m  [0m[7m  [0m[7m  [0m[49m  [0m[7m  [0m[7m  [0m[7m  [0m[49m  [0m[49m  [0m[7m  [0m[49m  [0m[7m  [0m[7m  [0m[49m  [0m[7m  [0m[49m  [0m[7m  [0m[7m  [0m[7m  [0m[49m  [0m[7m  [0m[7m  [0m[7m  [0m
[7m  [0m[7m  [0m[7m  [0m[7m  [0m[7m  [0m[7m  [0m[7m  [0m[7m  [0m[49m  [0m[49m  [0m[49m  [0m[49m  [0m[49m  [0m[7m  [0m[49m  [0m[7m  [0m[49m  [0m[7m  [0m[7m  [0m[7m  [0m[7m  [0m[7m  [0m[7m  [0m[7m  [0m[49m  [0m[49m  [0m[7m  [0m
[7m  [0m[49m  [0m[7m  [0m[49m  [0m[49m  [0m[49m  [0m[49m  [0m[49m  [0m[49m  [0m[7m  [0m[49m  [0m[7m  [0m[7m  [0m[7m  [0m[7m  [0m[7m  [0m[7m  [0m[49m  [0m[49m  [0m[7m  [0m[7m  [0m[7m  [0m[7m  [0m[7m  [0m[7m  [0m[7m  [0m[7m  [0m
[7m  [0m[7m  [0m[49m  [0m[49m  [0m[7m  [0m[49m  [0m[7m  [0m[7m  [0m[49m  [0m[49m  [0m[7m  [0m[7m  [0m[49m  [0m[7m  [0m[7m  [0m[7m  [0m[49m  [0m[7m  [0m[49m  [0m[49m  [0m[7m  [0m[49m  [0m[49m  [0m[7m  [0m[7m  [0m[7m  [0m[7m  [0m
[7m  [0m[49m  [0m[7m  [0m[49m  [0m[49m  [0m[49m  [0m[49m  [0m[49m  [0m[7m  [0m[49m  [0m[7m  [0m[7m  [0m[7m  [0m[49m  [0m[49m  [0m[7m  [0m[49m  [0m[49m  [0m[49m  [0m[49m  [0m[49m  [0m[49m  [0m[49m  [0m[7m  [0m[7m  [0m[49m  [0m[7m  [0m
[7m  [0m[7m  [0m[7m  [0m[7m  [0m[7m  [0m[7m  [0m[7m  [0m[7m  [0m[7m  [0m[49m  [0m[49m  [0m[49m  [0m[49m  [0m[49m  [0m[49m  [0m[7m  [0m[49m  [0m[49m  [0m[7m  [0m[7m  [0m[7m  [0m[49m  [0m[7m  [0m[49m  [0m[7m  [0m[49m  [0m[7m  [0m
[7m  [0m[49m  [0m[49m  [0m[49m  [0m[49m  [0m[49m  [0m[49m  [0m[49m  [0m[7m  [0m[49m  [0m[7m  [0m[49m  [0m[49m  [0m[49m  [0m[7m  [0m[49m  [0m[7m  [0m[49m  [0m[7m  [0m[49m  [0m[7m  [0m[49m  [0m[49m  [0m[49m  [0m[7m  [0m[7m  [0m[7m  [0m
[7m  [0m[49m  [0m[7m  [0m[7m  [0m[7m  [0m[7m  [0m[7m  [0m[49m  [0m[7m  [0m[49m  [0m[7m  [0m[7m  [0m[7m  [0m[49m  [0m[49m  [0m[7m  [0m[7m  [0m[49m  [0m[7m  [0m[7m  [0m[7m  [0m[49m  [0m[7m  [0m[49m  [0m[7m  [0m[49m  [0m[7m  [0m
[7m  [0m[49m  [0m[7m  [0m[49m  [0m[49m  [0m[49m  [0m[7m  [0m[49m  [0m[7m  [0m[49m  [0m[7m  [0m[7m  [0m[49m  [0m[7m  [0m[7m  [0m[49m  [0m[7m  [0m[49m  [0m[49m  [0m[49m  [0m[49m  [0m[49m  [0m[49m  [0m[49m  [0m[49m  [0m[7m  [0m[7m  [0m
[7m  [0m[49m  [0m[7m  [0m[49m  [0m[49m  [0m[49m  [0m[7m  [0m[49m  [0m[7m  [0m[7m  [0m[49m  [0m[7m  [0m[49m  [0m[7m  [0m[7m  [0m[7m  [0m[7m  [0m[7m  [0m[49m  [0m[7m  [0m[7m  [0m[49m  [0m[49m  [0m[7m  [0m[49m  [0m[7m  [0m[7m  [0m
[7m  [0m[49m  [0m[7m  [0m[49m  [0m[49m  [0m[49m  [0m[7m  [0m[49m  [0m[7m  [0m[49m  [0m[7m  [0m[7m  [0m[7m  [0m[7m  [0m[49m  [0m[7m  [0m[49m  [0m[49m  [0m[7m  [0m[49m  [0m[7m  [0m[49m  [0m[7m  [0m[49m  [0m[7m  [0m[49m  [0m[7m  [0m
[7m  [0m[49m  [0m[7m  [0m[7m  [0m[7m  [0m[7m  [0m[7m  [0m[49m  [0m[7m  [0m[49m  [0m[49m  [0m[7m  [0m[49m  [0m[7m  [0m[7m  [0m[7m  [0m[49m  [0m[49m  [0m[49m  [0m[7m  [0m[7m  [0m[7m  [0m[7m  [0m[7m  [0m[49m  [0m[49m  [0m[7m  [0m
[7m  [0m[49m  [0m[49m  [0m[49m  [0m[49m  [0m[49m  [0m[49m  [0m[49m  [0m[7m  [0m[49m  [0m[7m  [0m[7m  [0m[7m  [0m[49m  [0m[7m  [0m[7m  [0m[7m  [0m[7m  [0m[7m  [0m[49m  [0m[7m  [0m[49m  [0m[7m  [0m[7m  [0m[7m  [0m[49m  [0m[7m  [0m
[7m  [0m[7m  [0m[7m  [0m[7m  [0m[7m  [0m[7m  [0m[7m  [0m[7m  [0m[7m  [0m[7m  [0m[7m  [0m[7m  [0m[7m  [0m[7m  [0m[7m  [0m[7m  [0m[7m  [0m[7m  [0m[7m  [0m[7m  [0m[7m  [0m[7m  [0m[7m  [0m[7m  [0m[7m  [0m[7m  [0m[7m  [0m

c7831574eaac4f.lhr.life tunneled with tls termination, https://c7831574eaac4f.lhr.life
create an account and add your key for a longer lasting domain name. see https://localhost.run/docs/forever-free/ for more information.
Open your tunnel address on your mobile with this QR:

[7m  [0m[7m  [0m[7m  [0m[7m  [0m[7m  [0m[7m  [0m[7m  [0m[7m  [0m[7m  [0m[7m  [0m[7m  [0m[7m  [0m[7m  [0m[7m  [0m[7m  [0m[7m  [0m[7m  [0m[7m  [0m[7m  [0m[7m  [0m[7m  [0m[7m  [0m[7m  [0m[7m  [0m[7m  [0m[7m  [0m[7m  [0m
[7m  [0m[49m  [0m[49m  [0m[49m  [0m[49m  [0m[49m  [0m[49m  [0m[49m  [0m[7m  [0m[49m  [0m[49m  [0m[7m  [0m[7m  [0m[7m  [0m[49m  [0m[49m  [0m[49m  [0m[7m  [0m[7m  [0m[49m  [0m[49m  [0m[49m  [0m[49m  [0m[49m  [0m[49m  [0m[49m  [0m[7m  [0m
[7m  [0m[49m  [0m[7m  [0m[7m  [0m[7m  [0m[7m  [0m[7m  [0m[49m  [0m[7m  [0m[7m  [0m[7m  [0m[7m  [0m[7m  [0m[7m  [0m[7m  [0m[49m  [0m[7m  [0m[49m  [0m[7m  [0m[49m  [0m[7m  [0m[7m  [0m[7m  [0m[7m  [0m[7m  [0m[49m  [0m[7m  [0m
[7m  [0m[49m  [0m[7m  [0m[49m  [0m[49m  [0m[49m  [0m[7m  [0m[49m  [0m[7m  [0m[49m  [0m[7m  [0m[7m  [0m[49m  [0m[49m  [0m[7m  [0m[7m  [0m[49m  [0m[49m  [0m[7m  [0m[49m  [0m[7m  [0m[49m  [0m[49m  [0m[49m  [0m[7m  [0m[49m  [0m[7m  [0m
[7m  [0m[49m  [0m[7m  [0m[49m  [0m[49m  [0m[49m  [0m[7m  [0m[49m  [0m[7m  [0m[49m  [0m[49m  [0m[7m  [0m[49m  [0m[7m  [0m[49m  [0m[49m  [0m[7m  [0m[49m  [0m[7m  [0m[49m  [0m[7m  [0m[49m  [0m[49m  [0m[49m  [0m[7m  [0m[49m  [0m[7m  [0m
[7m  [0m[49m  [0m[7m  [0m[49m  [0m[49m  [0m[49m  [0m[7m  [0m[49m  [0m[7m  [0m[49m  [0m[49m  [0m[49m  [0m[49m  [0m[7m  [0m[49m  [0m[49m  [0m[49m  [0m[7m  [0m[7m  [0m[49m  [0m[7m  [0m[49m  [0m[49m  [0m[49m  [0m[7m  [0m[49m  [0m[7m  [0m
[7m  [0m[49m  [0m[7m  [0m[7m  [0m[7m  [0m[7m  [0m[7m  [0m[49m  [0m[7m  [0m[7m  [0m[49m  [0m[7m  [0m[7m  [0m[49m  [0m[7m  [0m[49m  [0m[49m  [0m[7m  [0m[7m  [0m[49m  [0m[7m  [0m[7m  [0m[7m  [0m[7m  [0m[7m  [0m[49m  [0m[7m  [0m
[7m  [0m[49m  [0m[49m  [0m[49m  [0m[49m  [0m[49m  [0m[49m  [0m[49m  [0m[7m  [0m[49m  [0m[7m  [0m[49m  [0m[7m  [0m[49m  [0m[7m  [0m[49m  [0m[7m  [0m[49m  [0m[7m  [0m[49m  [0m[49m  [0m[49m  [0m[49m  [0m[49m  [0m[49m  [0m[49m  [0m[7m  [0m
[7m  [0m[7m  [0m[7m  [0m[7m  [0m[7m  [0m[7m  [0m[7m  [0m[7m  [0m[7m  [0m[7m  [0m[49m  [0m[7m  [0m[49m  [0m[7m  [0m[49m  [0m[49m  [0m[49m  [0m[7m  [0m[7m  [0m[7m  [0m[7m  [0m[7m  [0m[7m  [0m[7m  [0m[7m  [0m[7m  [0m[7m  [0m
[7m  [0m[49m  [0m[49m  [0m[49m  [0m[49m  [0m[7m  [0m[7m  [0m[49m  [0m[7m  [0m[49m  [0m[7m  [0m[7m  [0m[7m  [0m[7m  [0m[7m  [0m[49m  [0m[49m  [0m[7m  [0m[49m  [0m[7m  [0m[7m  [0m[49m  [0m[49m  [0m[49m  [0m[7m  [0m[49m  [0m[7m  [0m
[7m  [0m[7m  [0m[7m  [0m[49m  [0m[49m  [0m[49m  [0m[7m  [0m[7m  [0m[7m  [0m[49m  [0m[49m  [0m[7m  [0m[7m  [0m[7m  [0m[49m  [0m[7m  [0m[7m  [0m[49m  [0m[7m  [0m[49m  [0m[49m  [0m[49m  [0m[7m  [0m[7m  [0m[7m  [0m[7m  [0m[7m  [0m
[7m  [0m[49m  [0m[49m  [0m[7m  [0m[49m  [0m[7m  [0m[7m  [0m[49m  [0m[49m  [0m[7m  [0m[7m  [0m[7m  [0m[7m  [0m[7m  [0m[7m  [0m[7m  [0m[49m  [0m[7m  [0m[49m  [0m[49m  [0m[7m  [0m[49m  [0m[49m  [0m[7m  [0m[7m  [0m[7m  [0m[7m  [0m
[7m  [0m[7m  [0m[49m  [0m[49m  [0m[49m  [0m[7m  [0m[49m  [0m[7m  [0m[49m  [0m[49m  [0m[7m  [0m[7m  [0m[49m  [0m[49m  [0m[7m  [0m[7m  [0m[7m  [0m[49m  [0m[7m  [0m[7m  [0m[49m  [0m[7m  [0m[49m  [0m[49m  [0m[7m  [0m[49m  [0m[7m  [0m
[7m  [0m[7m  [0m[7m  [0m[49m  [0m[49m  [0m[49m  [0m[7m  [0m[49m  [0m[7m  [0m[7m  [0m[49m  [0m[7m  [0m[49m  [0m[7m  [0m[49m  [0m[49m  [0m[49m  [0m[49m  [0m[7m  [0m[7m  [0m[7m  [0m[49m  [0m[49m  [0m[7m  [0m[7m  [0m[7m  [0m[7m  [0m
[7m  [0m[7m  [0m[7m  [0m[7m  [0m[49m  [0m[49m  [0m[49m  [0m[7m  [0m[7m  [0m[49m  [0m[49m  [0m[49m  [0m[49m  [0m[7m  [0m[7m  [0m[49m  [0m[49m  [0m[7m  [0m[7m  [0m[7m  [0m[49m  [0m[49m  [0m[49m  [0m[7m  [0m[49m  [0m[49m  [0m[7m  [0m
[7m  [0m[7m  [0m[49m  [0m[49m  [0m[49m  [0m[7m  [0m[49m  [0m[49m  [0m[49m  [0m[49m  [0m[7m  [0m[49m  [0m[7m  [0m[49m  [0m[49m  [0m[49m  [0m[7m  [0m[49m  [0m[49m  [0m[49m  [0m[7m  [0m[7m  [0m[7m  [0m[7m  [0m[7m  [0m[49m  [0m[7m  [0m
[7m  [0m[49m  [0m[7m  [0m[49m  [0m[49m  [0m[7m  [0m[49m  [0m[7m  [0m[7m  [0m[7m  [0m[49m  [0m[7m  [0m[7m  [0m[49m  [0m[49m  [0m[7m  [0m[49m  [0m[49m  [0m[49m  [0m[7m  [0m[49m  [0m[49m  [0m[49m  [0m[7m  [0m[49m  [0m[49m  [0m[7m  [0m
[7m  [0m[7m  [0m[7m  [0m[7m  [0m[7m  [0m[49m  [0m[7m  [0m[49m  [0m[7m  [0m[7m  [0m[49m  [0m[7m  [0m[49m  [0m[7m  [0m[49m  [0m[7m  [0m[49m  [0m[49m  [0m[49m  [0m[49m  [0m[49m  [0m[49m  [0m[49m  [0m[49m  [0m[49m  [0m[7m  [0m[7m  [0m
[7m  [0m[7m  [0m[7m  [0m[7m  [0m[7m  [0m[7m  [0m[7m  [0m[7m  [0m[7m  [0m[49m  [0m[7m  [0m[7m  [0m[7m  [0m[49m  [0m[49m  [0m[7m  [0m[49m  [0m[49m  [0m[7m  [0m[7m  [0m[7m  [0m[49m  [0m[49m  [0m[7m  [0m[49m  [0m[49m  [0m[7m  [0m
[7m  [0m[49m  [0m[49m  [0m[49m  [0m[49m  [0m[49m  [0m[49m  [0m[49m  [0m[7m  [0m[7m  [0m[49m  [0m[7m  [0m[49m  [0m[49m  [0m[7m  [0m[7m  [0m[49m  [0m[49m  [0m[7m  [0m[49m  [0m[7m  [0m[49m  [0m[7m  [0m[7m  [0m[7m  [0m[7m  [0m[7m  [0m
[7m  [0m[49m  [0m[7m  [0m[7m  [0m[7m  [0m[7m  [0m[7m  [0m[49m  [0m[7m  [0m[7m  [0m[7m  [0m[7m  [0m[7m  [0m[49m  [0m[7m  [0m[49m  [0m[7m  [0m[49m  [0m[7m  [0m[7m  [0m[7m  [0m[49m  [0m[49m  [0m[49m  [0m[7m  [0m[49m  [0m[7m  [0m
[7m  [0m[49m  [0m[7m  [0m[49m  [0m[49m  [0m[49m  [0m[7m  [0m[49m  [0m[7m  [0m[7m  [0m[7m  [0m[7m  [0m[49m  [0m[49m  [0m[49m  [0m[7m  [0m[49m  [0m[49m  [0m[49m  [0m[49m  [0m[49m  [0m[49m  [0m[49m  [0m[49m  [0m[49m  [0m[49m  [0m[7m  [0m
[7m  [0m[49m  [0m[7m  [0m[49m  [0m[49m  [0m[49m  [0m[7m  [0m[49m  [0m[7m  [0m[49m  [0m[49m  [0m[7m  [0m[7m  [0m[49m  [0m[49m  [0m[7m  [0m[7m  [0m[49m  [0m[7m  [0m[7m  [0m[7m  [0m[49m  [0m[49m  [0m[7m  [0m[7m  [0m[49m  [0m[7m  [0m
[7m  [0m[49m  [0m[7m  [0m[49m  [0m[49m  [0m[49m  [0m[7m  [0m[49m  [0m[7m  [0m[49m  [0m[7m  [0m[7m  [0m[49m  [0m[49m  [0m[49m  [0m[7m  [0m[7m  [0m[7m  [0m[49m  [0m[49m  [0m[7m  [0m[49m  [0m[7m  [0m[49m  [0m[49m  [0m[7m  [0m[7m  [0m
[7m  [0m[49m  [0m[7m  [0m[7m  [0m[7m  [0m[7m  [0m[7m  [0m[49m  [0m[7m  [0m[49m  [0m[7m  [0m[7m  [0m[7m  [0m[7m  [0m[7m  [0m[7m  [0m[7m  [0m[49m  [0m[7m  [0m[49m  [0m[7m  [0m[49m  [0m[7m  [0m[49m  [0m[7m  [0m[49m  [0m[7m  [0m
[7m  [0m[49m  [0m[49m  [0m[49m  [0m[49m  [0m[49m  [0m[49m  [0m[49m  [0m[7m  [0m[49m  [0m[7m  [0m[49m  [0m[7m  [0m[49m  [0m[7m  [0m[49m  [0m[49m  [0m[7m  [0m[7m  [0m[49m  [0m[7m  [0m[7m  [0m[49m  [0m[49m  [0m[7m  [0m[49m  [0m[7m  [0m
[7m  [0m[7m  [0m[7m  [0m[7m  [0m[7m  [0m[7m  [0m[7m  [0m[7m  [0m[7m  [0m[7m  [0m[7m  [0m[7m  [0m[7m  [0m[7m  [0m[7m  [0m[7m  [0m[7m  [0m[7m  [0m[7m  [0m[7m  [0m[7m  [0m[7m  [0m[7m  [0m[7m  [0m[7m  [0m[7m  [0m[7m  [0m

1174fa30acc019.lhr.life tunneled with tls termination, https://1174fa30acc019.lhr.life
create an account and add your key for a longer lasting domain name. see https://localhost.run/docs/forever-free/ for more information.
Open your tunnel address on your mobile with this QR:

[7m  [0m[7m  [0m[7m  [0m[7m  [0m[7m  [0m[7m  [0m[7m  [0m[7m  [0m[7m  [0m[7m  [0m[7m  [0m[7m  [0m[7m  [0m[7m  [0m[7m  [0m[7m  [0m[7m  [0m[7m  [0m[7m  [0m[7m  [0m[7m  [0m[7m  [0m[7m  [0m[7m  [0m[7m  [0m[7m  [0m[7m  [0m
[7m  [0m[49m  [0m[49m  [0m[49m  [0m[49m  [0m[49m  [0m[49m  [0m[49m  [0m[7m  [0m[7m  [0m[7m  [0m[49m  [0m[7m  [0m[7m  [0m[49m  [0m[7m  [0m[7m  [0m[49m  [0m[7m  [0m[49m  [0m[49m  [0m[49m  [0m[49m  [0m[49m  [0m[49m  [0m[49m  [0m[7m  [0m
[7m  [0m[49m  [0m[7m  [0m[7m  [0m[7m  [0m[7m  [0m[7m  [0m[49m  [0m[7m  [0m[7m  [0m[49m  [0m[7m  [0m[7m  [0m[7m  [0m[49m  [0m[7m  [0m[49m  [0m[49m  [0m[7m  [0m[49m  [0m[7m  [0m[7m  [0m[7m  [0m[7m  [0m[7m  [0m[49m  [0m[7m  [0m
[7m  [0m[49m  [0m[7m  [0m[49m  [0m[49m  [0m[49m  [0m[7m  [0m[49m  [0m[7m  [0m[49m  [0m[7m  [0m[7m  [0m[49m  [0m[7m  [0m[49m  [0m[49m  [0m[49m  [0m[49m  [0m[7m  [0m[49m  [0m[7m  [0m[49m  [0m[49m  [0m[49m  [0m[7m  [0m[49m  [0m[7m  [0m
[7m  [0m[49m  [0m[7m  [0m[49m  [0m[49m  [0m[49m  [0m[7m  [0m[49m  [0m[7m  [0m[7m  [0m[49m  [0m[7m  [0m[7m  [0m[49m  [0m[7m  [0m[49m  [0m[7m  [0m[49m  [0m[7m  [0m[49m  [0m[7m  [0m[49m  [0m[49m  [0m[49m  [0m[7m  [0m[49m  [0m[7m  [0m
[7m  [0m[49m  [0m[7m  [0m[49m  [0m[49m  [0m[49m  [0m[7m  [0m[49m  [0m[7m  [0m[7m  [0m[49m  [0m[7m  [0m[7m  [0m[49m  [0m[49m  [0m[49m  [0m[49m  [0m[49m  [0m[7m  [0m[49m  [0m[7m  [0m[49m  [0m[49m  [0m[49m  [0m[7m  [0m[49m  [0m[7m  [0m
[7m  [0m[49m  [0m[7m  [0m[7m  [0m[7m  [0m[7m  [0m[7m  [0m[49m  [0m[7m  [0m[7m  [0m[7m  [0m[49m  [0m[49m  [0m[49m  [0m[7m  [0m[49m  [0m[7m  [0m[49m  [0m[7m  [0m[49m  [0m[7m  [0m[7m  [0m[7m  [0m[7m  [0m[7m  [0m[49m  [0m[7m  [0m
[7m  [0m[49m  [0m[49m  [0m[49m  [0m[49m  [0m[49m  [0m[49m  [0m[49m  [0m[7m  [0m[49m  [0m[7m  [0m[49m  [0m[7m  [0m[49m  [0m[7m  [0m[49m  [0m[7m  [0m[49m  [0m[7m  [0m[49m  [0m[49m  [0m[49m  [0m[49m  [0m[49m  [0m[49m  [0m[49m  [0m[7m  [0m
[7m  [0m[7m  [0m[7m  [0m[7m  [0m[7m  [0m[7m  [0m[7m  [0m[7m  [0m[7m  [0m[49m  [0m[7m  [0m[7m  [0m[49m  [0m[7m  [0m[7m  [0m[7m  [0m[7m  [0m[7m  [0m[7m  [0m[7m  [0m[7m  [0m[7m  [0m[7m  [0m[7m  [0m[7m  [0m[7m  [0m[7m  [0m
[7m  [0m[49m  [0m[49m  [0m[49m  [0m[7m  [0m[49m  [0m[49m  [0m[49m  [0m[49m  [0m[49m  [0m[7m  [0m[7m  [0m[7m  [0m[49m  [0m[49m  [0m[7m  [0m[49m  [0m[7m  [0m[49m  [0m[49m  [0m[7m  [0m[7m  [0m[7m  [0m[49m  [0m[7m  [0m[7m  [0m[7m  [0m
[7m  [0m[49m  [0m[7m  [0m[7m  [0m[49m  [0m[49m  [0m[49m  [0m[7m  [0m[49m  [0m[49m  [0m[49m  [0m[7m  [0m[49m  [0m[49m  [0m[7m  [0m[7m  [0m[7m  [0m[7m  [0m[7m  [0m[49m  [0m[49m  [0m[49m  [0m[7m  [0m[7m  [0m[49m  [0m[49m  [0m[7m  [0m
[7m  [0m[49m  [0m[7m  [0m[49m  [0m[49m  [0m[49m  [0m[49m  [0m[49m  [0m[7m  [0m[7m  [0m[7m  [0m[49m  [0m[49m  [0m[49m  [0m[7m  [0m[7m  [0m[49m  [0m[7m  [0m[49m  [0m[49m  [0m[7m  [0m[7m  [0m[49m  [0m[49m  [0m[49m  [0m[49m  [0m[7m  [0m
[7m  [0m[49m  [0m[7m  [0m[7m  [0m[49m  [0m[49m  [0m[49m  [0m[7m  [0m[7m  [0m[49m  [0m[49m  [0m[49m  [0m[7m  [0m[49m  [0m[7m  [0m[7m  [0m[49m  [0m[49m  [0m[49m  [0m[7m  [0m[49m  [0m[49m  [0m[7m  [0m[7m  [0m[49m  [0m[49m  [0m[7m  [0m
[7m  [0m[7m  [0m[7m  [0m[49m  [0m[49m  [0m[7m  [0m[49m  [0m[49m  [0m[7m  [0m[49m  [0m[7m  [0m[49m  [0m[49m  [0m[7m  [0m[49m  [0m[7m  [0m[49m  [0m[49m  [0m[49m  [0m[49m  [0m[7m  [0m[7m  [0m[7m  [0m[49m  [0m[7m  [0m[7m  [0m[7m  [0m
[7m  [0m[7m  [0m[7m  [0m[7m  [0m[49m  [0m[49m  [0m[7m  [0m[7m  [0m[7m  [0m[7m  [0m[49m  [0m[49m  [0m[49m  [0m[7m  [0m[49m  [0m[7m  [0m[49m  [0m[7m  [0m[49m  [0m[7m  [0m[7m  [0m[49m  [0m[7m  [0m[7m  [0m[49m  [0m[49m  [0m[7m  [0m
[7m  [0m[49m  [0m[7m  [0m[7m  [0m[7m  [0m[7m  [0m[7m  [0m[49m  [0m[49m  [0m[49m  [0m[7m  [0m[7m  [0m[7m  [0m[7m  [0m[7m  [0m[7m  [0m[7m  [0m[49m  [0m[7m  [0m[49m  [0m[49m  [0m[7m  [0m[7m  [0m[7m  [0m[7m  [0m[7m  [0m[7m  [0m
[7m  [0m[7m  [0m[49m  [0m[7m  [0m[49m  [0m[7m  [0m[7m  [0m[7m  [0m[49m  [0m[7m  [0m[49m  [0m[7m  [0m[49m  [0m[7m  [0m[7m  [0m[7m  [0m[49m  [0m[7m  [0m[7m  [0m[49m  [0m[7m  [0m[7m  [0m[49m  [0m[7m  [0m[7m  [0m[7m  [0m[7m  [0m
[7m  [0m[49m  [0m[7m  [0m[49m  [0m[49m  [0m[49m  [0m[49m  [0m[49m  [0m[49m  [0m[7m  [0m[7m  [0m[7m  [0m[7m  [0m[49m  [0m[49m  [0m[7m  [0m[49m  [0m[49m  [0m[49m  [0m[49m  [0m[49m  [0m[49m  [0m[49m  [0m[7m  [0m[7m  [0m[49m  [0m[7m  [0m
[7m  [0m[7m  [0m[7m  [0m[7m  [0m[7m  [0m[7m  [0m[7m  [0m[7m  [0m[7m  [0m[49m  [0m[49m  [0m[7m  [0m[49m  [0m[49m  [0m[49m  [0m[7m  [0m[7m  [0m[49m  [0m[7m  [0m[7m  [0m[7m  [0m[49m  [0m[7m  [0m[49m  [0m[7m  [0m[49m  [0m[7m  [0m
[7m  [0m[49m  [0m[49m  [0m[49m  [0m[49m  [0m[49m  [0m[49m  [0m[49m  [0m[7m  [0m[49m  [0m[49m  [0m[7m  [0m[49m  [0m[49m  [0m[7m  [0m[49m  [0m[49m  [0m[49m  [0m[7m  [0m[49m  [0m[7m  [0m[49m  [0m[49m  [0m[49m  [0m[7m  [0m[7m  [0m[7m  [0m
[7m  [0m[49m  [0m[7m  [0m[7m  [0m[7m  [0m[7m  [0m[7m  [0m[49m  [0m[7m  [0m[49m  [0m[7m  [0m[49m  [0m[7m  [0m[49m  [0m[49m  [0m[7m  [0m[49m  [0m[49m  [0m[7m  [0m[7m  [0m[7m  [0m[49m  [0m[7m  [0m[49m  [0m[7m  [0m[49m  [0m[7m  [0m
[7m  [0m[49m  [0m[7m  [0m[49m  [0m[49m  [0m[49m  [0m[7m  [0m[49m  [0m[7m  [0m[49m  [0m[7m  [0m[7m  [0m[49m  [0m[7m  [0m[7m  [0m[49m  [0m[7m  [0m[49m  [0m[49m  [0m[49m  [0m[49m  [0m[49m  [0m[49m  [0m[49m  [0m[49m  [0m[7m  [0m[7m  [0m
[7m  [0m[49m  [0m[7m  [0m[49m  [0m[49m  [0m[49m  [0m[7m  [0m[49m  [0m[7m  [0m[7m  [0m[49m  [0m[7m  [0m[49m  [0m[7m  [0m[7m  [0m[7m  [0m[49m  [0m[7m  [0m[49m  [0m[49m  [0m[49m  [0m[49m  [0m[49m  [0m[7m  [0m[49m  [0m[7m  [0m[7m  [0m
[7m  [0m[49m  [0m[7m  [0m[49m  [0m[49m  [0m[49m  [0m[7m  [0m[49m  [0m[7m  [0m[49m  [0m[49m  [0m[49m  [0m[7m  [0m[7m  [0m[49m  [0m[7m  [0m[49m  [0m[49m  [0m[49m  [0m[49m  [0m[7m  [0m[49m  [0m[7m  [0m[49m  [0m[7m  [0m[49m  [0m[7m  [0m
[7m  [0m[49m  [0m[7m  [0m[7m  [0m[7m  [0m[7m  [0m[7m  [0m[49m  [0m[7m  [0m[49m  [0m[7m  [0m[49m  [0m[49m  [0m[7m  [0m[7m  [0m[7m  [0m[49m  [0m[49m  [0m[7m  [0m[49m  [0m[49m  [0m[49m  [0m[49m  [0m[7m  [0m[49m  [0m[49m  [0m[7m  [0m
[7m  [0m[49m  [0m[49m  [0m[49m  [0m[49m  [0m[49m  [0m[49m  [0m[49m  [0m[7m  [0m[49m  [0m[49m  [0m[49m  [0m[7m  [0m[49m  [0m[7m  [0m[7m  [0m[49m  [0m[7m  [0m[7m  [0m[49m  [0m[49m  [0m[7m  [0m[7m  [0m[7m  [0m[7m  [0m[49m  [0m[7m  [0m
[7m  [0m[7m  [0m[7m  [0m[7m  [0m[7m  [0m[7m  [0m[7m  [0m[7m  [0m[7m  [0m[7m  [0m[7m  [0m[7m  [0m[7m  [0m[7m  [0m[7m  [0m[7m  [0m[7m  [0m[7m  [0m[7m  [0m[7m  [0m[7m  [0m[7m  [0m[7m  [0m[7m  [0m[7m  [0m[7m  [0m[7m  [0m

860ebe850915a8.lhr.life tunneled with tls termination, https://860ebe850915a8.lhr.life
create an account and add your key for a longer lasting domain name. see https://localhost.run/docs/forever-free/ for more information.
Open your tunnel address on your mobile with this QR:

[7m  [0m[7m  [0m[7m  [0m[7m  [0m[7m  [0m[7m  [0m[7m  [0m[7m  [0m[7m  [0m[7m  [0m[7m  [0m[7m  [0m[7m  [0m[7m  [0m[7m  [0m[7m  [0m[7m  [0m[7m  [0m[7m  [0m[7m  [0m[7m  [0m[7m  [0m[7m  [0m[7m  [0m[7m  [0m[7m  [0m[7m  [0m
[7m  [0m[49m  [0m[49m  [0m[49m  [0m[49m  [0m[49m  [0m[49m  [0m[49m  [0m[7m  [0m[7m  [0m[7m  [0m[49m  [0m[7m  [0m[7m  [0m[49m  [0m[7m  [0m[7m  [0m[49m  [0m[7m  [0m[49m  [0m[49m  [0m[49m  [0m[49m  [0m[49m  [0m[49m  [0m[49m  [0m[7m  [0m
[7m  [0m[49m  [0m[7m  [0m[7m  [0m[7m  [0m[7m  [0m[7m  [0m[49m  [0m[7m  [0m[7m  [0m[49m  [0m[7m  [0m[7m  [0m[7m  [0m[49m  [0m[7m  [0m[49m  [0m[49m  [0m[7m  [0m[49m  [0m[7m  [0m[7m  [0m[7m  [0m[7m  [0m[7m  [0m[49m  [0m[7m  [0m
[7m  [0m[49m  [0m[7m  [0m[49m  [0m[49m  [0m[49m  [0m[7m  [0m[49m  [0m[7m  [0m[49m  [0m[7m  [0m[7m  [0m[49m  [0m[7m  [0m[49m  [0m[49m  [0m[49m  [0m[49m  [0m[7m  [0m[49m  [0m[7m  [0m[49m  [0m[49m  [0m[49m  [0m[7m  [0m[49m  [0m[7m  [0m
[7m  [0m[49m  [0m[7m  [0m[49m  [0m[49m  [0m[49m  [0m[7m  [0m[49m  [0m[7m  [0m[7m  [0m[49m  [0m[7m  [0m[7m  [0m[49m  [0m[7m  [0m[49m  [0m[7m  [0m[49m  [0m[7m  [0m[49m  [0m[7m  [0m[49m  [0m[49m  [0m[49m  [0m[7m  [0m[49m  [0m[7m  [0m
[7m  [0m[49m  [0m[7m  [0m[49m  [0m[49m  [0m[49m  [0m[7m  [0m[49m  [0m[7m  [0m[7m  [0m[49m  [0m[7m  [0m[7m  [0m[49m  [0m[49m  [0m[49m  [0m[49m  [0m[49m  [0m[7m  [0m[49m  [0m[7m  [0m[49m  [0m[49m  [0m[49m  [0m[7m  [0m[49m  [0m[7m  [0m
[7m  [0m[49m  [0m[7m  [0m[7m  [0m[7m  [0m[7m  [0m[7m  [0m[49m  [0m[7m  [0m[7m  [0m[7m  [0m[49m  [0m[49m  [0m[49m  [0m[7m  [0m[49m  [0m[7m  [0m[49m  [0m[7m  [0m[49m  [0m[7m  [0m[7m  [0m[7m  [0m[7m  [0m[7m  [0m[49m  [0m[7m  [0m
[7m  [0m[49m  [0m[49m  [0m[49m  [0m[49m  [0m[49m  [0m[49m  [0m[49m  [0m[7m  [0m[49m  [0m[7m  [0m[49m  [0m[7m  [0m[49m  [0m[7m  [0m[49m  [0m[7m  [0m[49m  [0m[7m  [0m[49m  [0m[49m  [0m[49m  [0m[49m  [0m[49m  [0m[49m  [0m[49m  [0m[7m  [0m
[7m  [0m[7m  [0m[7m  [0m[7m  [0m[7m  [0m[7m  [0m[7m  [0m[7m  [0m[7m  [0m[49m  [0m[7m  [0m[7m  [0m[49m  [0m[7m  [0m[7m  [0m[7m  [0m[7m  [0m[7m  [0m[7m  [0m[7m  [0m[7m  [0m[7m  [0m[7m  [0m[7m  [0m[7m  [0m[7m  [0m[7m  [0m
[7m  [0m[49m  [0m[49m  [0m[49m  [0m[7m  [0m[49m  [0m[49m  [0m[49m  [0m[49m  [0m[49m  [0m[7m  [0m[7m  [0m[7m  [0m[49m  [0m[49m  [0m[7m  [0m[49m  [0m[7m  [0m[49m  [0m[49m  [0m[7m  [0m[7m  [0m[7m  [0m[49m  [0m[7m  [0m[7m  [0m[7m  [0m
[7m  [0m[49m  [0m[7m  [0m[7m  [0m[49m  [0m[49m  [0m[7m  [0m[7m  [0m[49m  [0m[49m  [0m[49m  [0m[7m  [0m[49m  [0m[49m  [0m[7m  [0m[7m  [0m[7m  [0m[7m  [0m[7m  [0m[49m  [0m[7m  [0m[49m  [0m[7m  [0m[7m  [0m[49m  [0m[49m  [0m[7m  [0m
[7m  [0m[7m  [0m[49m  [0m[7m  [0m[7m  [0m[7m  [0m[7m  [0m[49m  [0m[7m  [0m[49m  [0m[7m  [0m[49m  [0m[49m  [0m[49m  [0m[7m  [0m[7m  [0m[49m  [0m[49m  [0m[49m  [0m[49m  [0m[49m  [0m[7m  [0m[49m  [0m[49m  [0m[49m  [0m[49m  [0m[7m  [0m
[7m  [0m[49m  [0m[7m  [0m[49m  [0m[49m  [0m[49m  [0m[49m  [0m[7m  [0m[7m  [0m[49m  [0m[49m  [0m[49m  [0m[7m  [0m[49m  [0m[7m  [0m[7m  [0m[7m  [0m[7m  [0m[49m  [0m[7m  [0m[7m  [0m[7m  [0m[7m  [0m[7m  [0m[49m  [0m[49m  [0m[7m  [0m
[7m  [0m[49m  [0m[7m  [0m[7m  [0m[7m  [0m[7m  [0m[7m  [0m[49m  [0m[49m  [0m[7m  [0m[7m  [0m[49m  [0m[49m  [0m[7m  [0m[49m  [0m[7m  [0m[7m  [0m[7m  [0m[7m  [0m[7m  [0m[7m  [0m[49m  [0m[7m  [0m[49m  [0m[7m  [0m[7m  [0m[7m  [0m
[7m  [0m[7m  [0m[49m  [0m[7m  [0m[49m  [0m[7m  [0m[49m  [0m[7m  [0m[7m  [0m[49m  [0m[7m  [0m[49m  [0m[49m  [0m[7m  [0m[49m  [0m[7m  [0m[7m  [0m[49m  [0m[7m  [0m[49m  [0m[7m  [0m[49m  [0m[7m  [0m[7m  [0m[49m  [0m[49m  [0m[7m  [0m
[7m  [0m[49m  [0m[7m  [0m[49m  [0m[49m  [0m[7m  [0m[7m  [0m[49m  [0m[7m  [0m[49m  [0m[49m  [0m[7m  [0m[7m  [0m[7m  [0m[7m  [0m[7m  [0m[7m  [0m[49m  [0m[49m  [0m[49m  [0m[49m  [0m[49m  [0m[7m  [0m[7m  [0m[7m  [0m[7m  [0m[7m  [0m
[7m  [0m[7m  [0m[49m  [0m[49m  [0m[49m  [0m[49m  [0m[7m  [0m[7m  [0m[49m  [0m[49m  [0m[49m  [0m[7m  [0m[49m  [0m[7m  [0m[7m  [0m[7m  [0m[49m  [0m[49m  [0m[49m  [0m[49m  [0m[49m  [0m[7m  [0m[49m  [0m[7m  [0m[7m  [0m[7m  [0m[7m  [0m
[7m  [0m[49m  [0m[7m  [0m[49m  [0m[7m  [0m[7m  [0m[49m  [0m[49m  [0m[7m  [0m[7m  [0m[49m  [0m[7m  [0m[7m  [0m[49m  [0m[49m  [0m[7m  [0m[7m  [0m[49m  [0m[49m  [0m[49m  [0m[49m  [0m[49m  [0m[49m  [0m[7m  [0m[7m  [0m[49m  [0m[7m  [0m
[7m  [0m[7m  [0m[7m  [0m[7m  [0m[7m  [0m[7m  [0m[7m  [0m[7m  [0m[7m  [0m[49m  [0m[49m  [0m[7m  [0m[49m  [0m[49m  [0m[49m  [0m[7m  [0m[49m  [0m[49m  [0m[7m  [0m[7m  [0m[7m  [0m[49m  [0m[7m  [0m[49m  [0m[7m  [0m[49m  [0m[7m  [0m
[7m  [0m[49m  [0m[49m  [0m[49m  [0m[49m  [0m[49m  [0m[49m  [0m[49m  [0m[7m  [0m[49m  [0m[7m  [0m[49m  [0m[49m  [0m[49m  [0m[7m  [0m[49m  [0m[49m  [0m[49m  [0m[7m  [0m[49m  [0m[7m  [0m[49m  [0m[49m  [0m[49m  [0m[7m  [0m[7m  [0m[7m  [0m
[7m  [0m[49m  [0m[7m  [0m[7m  [0m[7m  [0m[7m  [0m[7m  [0m[49m  [0m[7m  [0m[49m  [0m[49m  [0m[7m  [0m[7m  [0m[49m  [0m[49m  [0m[7m  [0m[7m  [0m[49m  [0m[7m  [0m[7m  [0m[7m  [0m[49m  [0m[7m  [0m[49m  [0m[7m  [0m[49m  [0m[7m  [0m
[7m  [0m[49m  [0m[7m  [0m[49m  [0m[49m  [0m[49m  [0m[7m  [0m[49m  [0m[7m  [0m[49m  [0m[7m  [0m[49m  [0m[49m  [0m[7m  [0m[7m  [0m[49m  [0m[7m  [0m[49m  [0m[49m  [0m[49m  [0m[49m  [0m[49m  [0m[49m  [0m[49m  [0m[49m  [0m[7m  [0m[7m  [0m
[7m  [0m[49m  [0m[7m  [0m[49m  [0m[49m  [0m[49m  [0m[7m  [0m[49m  [0m[7m  [0m[7m  [0m[7m  [0m[49m  [0m[49m  [0m[7m  [0m[7m  [0m[7m  [0m[49m  [0m[7m  [0m[49m  [0m[49m  [0m[49m  [0m[7m  [0m[49m  [0m[7m  [0m[49m  [0m[7m  [0m[7m  [0m
[7m  [0m[49m  [0m[7m  [0m[49m  [0m[49m  [0m[49m  [0m[7m  [0m[49m  [0m[7m  [0m[49m  [0m[49m  [0m[7m  [0m[7m  [0m[7m  [0m[49m  [0m[7m  [0m[7m  [0m[49m  [0m[7m  [0m[49m  [0m[7m  [0m[49m  [0m[49m  [0m[49m  [0m[7m  [0m[49m  [0m[7m  [0m
[7m  [0m[49m  [0m[7m  [0m[7m  [0m[7m  [0m[7m  [0m[7m  [0m[49m  [0m[7m  [0m[49m  [0m[7m  [0m[49m  [0m[49m  [0m[7m  [0m[7m  [0m[7m  [0m[7m  [0m[7m  [0m[49m  [0m[7m  [0m[49m  [0m[49m  [0m[7m  [0m[7m  [0m[49m  [0m[49m  [0m[7m  [0m
[7m  [0m[49m  [0m[49m  [0m[49m  [0m[49m  [0m[49m  [0m[49m  [0m[49m  [0m[7m  [0m[49m  [0m[49m  [0m[7m  [0m[7m  [0m[49m  [0m[7m  [0m[7m  [0m[7m  [0m[7m  [0m[7m  [0m[49m  [0m[49m  [0m[7m  [0m[7m  [0m[7m  [0m[7m  [0m[49m  [0m[7m  [0m
[7m  [0m[7m  [0m[7m  [0m[7m  [0m[7m  [0m[7m  [0m[7m  [0m[7m  [0m[7m  [0m[7m  [0m[7m  [0m[7m  [0m[7m  [0m[7m  [0m[7m  [0m[7m  [0m[7m  [0m[7m  [0m[7m  [0m[7m  [0m[7m  [0m[7m  [0m[7m  [0m[7m  [0m[7m  [0m[7m  [0m[7m  [0m

97609cbdb02992.lhr.life tunneled with tls termination, https://97609cbdb02992.lhr.life
create an account and add your key for a longer lasting domain name. see https://localhost.run/docs/forever-free/ for more information.
Open your tunnel address on your mobile with this QR:

[7m  [0m[7m  [0m[7m  [0m[7m  [0m[7m  [0m[7m  [0m[7m  [0m[7m  [0m[7m  [0m[7m  [0m[7m  [0m[7m  [0m[7m  [0m[7m  [0m[7m  [0m[7m  [0m[7m  [0m[7m  [0m[7m  [0m[7m  [0m[7m  [0m[7m  [0m[7m  [0m[7m  [0m[7m  [0m[7m  [0m[7m  [0m
[7m  [0m[49m  [0m[49m  [0m[49m  [0m[49m  [0m[49m  [0m[49m  [0m[49m  [0m[7m  [0m[49m  [0m[7m  [0m[7m  [0m[7m  [0m[7m  [0m[7m  [0m[7m  [0m[7m  [0m[7m  [0m[7m  [0m[49m  [0m[49m  [0m[49m  [0m[49m  [0m[49m  [0m[49m  [0m[49m  [0m[7m  [0m
[7m  [0m[49m  [0m[7m  [0m[7m  [0m[7m  [0m[7m  [0m[7m  [0m[49m  [0m[7m  [0m[49m  [0m[7m  [0m[7m  [0m[49m  [0m[49m  [0m[49m  [0m[49m  [0m[7m  [0m[49m  [0m[7m  [0m[49m  [0m[7m  [0m[7m  [0m[7m  [0m[7m  [0m[7m  [0m[49m  [0m[7m  [0m
[7m  [0m[49m  [0m[7m  [0m[49m  [0m[49m  [0m[49m  [0m[7m  [0m[49m  [0m[7m  [0m[49m  [0m[49m  [0m[7m  [0m[7m  [0m[49m  [0m[49m  [0m[7m  [0m[7m  [0m[49m  [0m[7m  [0m[49m  [0m[7m  [0m[49m  [0m[49m  [0m[49m  [0m[7m  [0m[49m  [0m[7m  [0m
[7m  [0m[49m  [0m[7m  [0m[49m  [0m[49m  [0m[49m  [0m[7m  [0m[49m  [0m[7m  [0m[49m  [0m[49m  [0m[49m  [0m[7m  [0m[49m  [0m[49m  [0m[49m  [0m[7m  [0m[7m  [0m[7m  [0m[49m  [0m[7m  [0m[49m  [0m[49m  [0m[49m  [0m[7m  [0m[49m  [0m[7m  [0m
[7m  [0m[49m  [0m[7m  [0m[49m  [0m[49m  [0m[49m  [0m[7m  [0m[49m  [0m[7m  [0m[7m  [0m[49m  [0m[49m  [0m[7m  [0m[49m  [0m[7m  [0m[49m  [0m[49m  [0m[7m  [0m[7m  [0m[49m  [0m[7m  [0m[49m  [0m[49m  [0m[49m  [0m[7m  [0m[49m  [0m[7m  [0m
[7m  [0m[49m  [0m[7m  [0m[7m  [0m[7m  [0m[7m  [0m[7m  [0m[49m  [0m[7m  [0m[49m  [0m[49m  [0m[49m  [0m[7m  [0m[7m  [0m[7m  [0m[7m  [0m[49m  [0m[49m  [0m[7m  [0m[49m  [0m[7m  [0m[7m  [0m[7m  [0m[7m  [0m[7m  [0m[49m  [0m[7m  [0m
[7m  [0m[49m  [0m[49m  [0m[49m  [0m[49m  [0m[49m  [0m[49m  [0m[49m  [0m[7m  [0m[49m  [0m[7m  [0m[49m  [0m[7m  [0m[49m  [0m[7m  [0m[49m  [0m[7m  [0m[49m  [0m[7m  [0m[49m  [0m[49m  [0m[49m  [0m[49m  [0m[49m  [0m[49m  [0m[49m  [0m[7m  [0m
[7m  [0m[7m  [0m[7m  [0m[7m  [0m[7m  [0m[7m  [0m[7m  [0m[7m  [0m[7m  [0m[7m  [0m[7m  [0m[49m  [0m[49m  [0m[7m  [0m[49m  [0m[7m  [0m[7m  [0m[49m  [0m[7m  [0m[7m  [0m[7m  [0m[7m  [0m[7m  [0m[7m  [0m[7m  [0m[7m  [0m[7m  [0m
[7m  [0m[49m  [0m[49m  [0m[7m  [0m[7m  [0m[49m  [0m[49m  [0m[49m  [0m[7m  [0m[7m  [0m[7m  [0m[49m  [0m[7m  [0m[49m  [0m[7m  [0m[7m  [0m[49m  [0m[49m  [0m[7m  [0m[7m  [0m[49m  [0m[7m  [0m[49m  [0m[49m  [0m[49m  [0m[49m  [0m[7m  [0m
[7m  [0m[49m  [0m[7m  [0m[49m  [0m[49m  [0m[49m  [0m[7m  [0m[7m  [0m[49m  [0m[7m  [0m[7m  [0m[7m  [0m[7m  [0m[7m  [0m[7m  [0m[49m  [0m[49m  [0m[49m  [0m[7m  [0m[49m  [0m[49m  [0m[7m  [0m[49m  [0m[7m  [0m[7m  [0m[7m  [0m[7m  [0m
[7m  [0m[7m  [0m[7m  [0m[49m  [0m[7m  [0m[49m  [0m[49m  [0m[49m  [0m[49m  [0m[7m  [0m[49m  [0m[49m  [0m[7m  [0m[7m  [0m[7m  [0m[49m  [0m[7m  [0m[7m  [0m[7m  [0m[7m  [0m[7m  [0m[49m  [0m[7m  [0m[49m  [0m[7m  [0m[7m  [0m[7m  [0m
[7m  [0m[49m  [0m[49m  [0m[7m  [0m[49m  [0m[49m  [0m[7m  [0m[7m  [0m[49m  [0m[49m  [0m[49m  [0m[7m  [0m[7m  [0m[49m  [0m[49m  [0m[7m  [0m[49m  [0m[7m  [0m[49m  [0m[7m  [0m[49m  [0m[7m  [0m[7m  [0m[49m  [0m[49m  [0m[49m  [0m[7m  [0m
[7m  [0m[49m  [0m[49m  [0m[49m  [0m[49m  [0m[7m  [0m[7m  [0m[49m  [0m[49m  [0m[7m  [0m[7m  [0m[7m  [0m[49m  [0m[7m  [0m[7m  [0m[7m  [0m[7m  [0m[7m  [0m[49m  [0m[7m  [0m[49m  [0m[49m  [0m[7m  [0m[7m  [0m[7m  [0m[7m  [0m[7m  [0m
[7m  [0m[49m  [0m[49m  [0m[49m  [0m[49m  [0m[7m  [0m[49m  [0m[7m  [0m[49m  [0m[7m  [0m[7m  [0m[49m  [0m[7m  [0m[49m  [0m[49m  [0m[49m  [0m[49m  [0m[49m  [0m[49m  [0m[7m  [0m[7m  [0m[7m  [0m[49m  [0m[7m  [0m[7m  [0m[7m  [0m[7m  [0m
[7m  [0m[7m  [0m[7m  [0m[49m  [0m[49m  [0m[49m  [0m[49m  [0m[49m  [0m[49m  [0m[49m  [0m[49m  [0m[49m  [0m[49m  [0m[49m  [0m[7m  [0m[49m  [0m[49m  [0m[49m  [0m[7m  [0m[49m  [0m[49m  [0m[7m  [0m[49m  [0m[7m  [0m[49m  [0m[49m  [0m[7m  [0m
[7m  [0m[7m  [0m[7m  [0m[7m  [0m[7m  [0m[49m  [0m[7m  [0m[7m  [0m[7m  [0m[7m  [0m[49m  [0m[49m  [0m[49m  [0m[7m  [0m[49m  [0m[7m  [0m[7m  [0m[7m  [0m[49m  [0m[49m  [0m[7m  [0m[7m  [0m[49m  [0m[49m  [0m[7m  [0m[7m  [0m[7m  [0m
[7m  [0m[49m  [0m[49m  [0m[49m  [0m[7m  [0m[7m  [0m[49m  [0m[49m  [0m[49m  [0m[49m  [0m[7m  [0m[49m  [0m[7m  [0m[49m  [0m[7m  [0m[7m  [0m[7m  [0m[49m  [0m[49m  [0m[49m  [0m[49m  [0m[49m  [0m[49m  [0m[49m  [0m[7m  [0m[49m  [0m[7m  [0m
[7m  [0m[7m  [0m[7m  [0m[7m  [0m[7m  [0m[7m  [0m[7m  [0m[7m  [0m[7m  [0m[49m  [0m[7m  [0m[49m  [0m[7m  [0m[7m  [0m[49m  [0m[49m  [0m[7m  [0m[49m  [0m[7m  [0m[7m  [0m[7m  [0m[49m  [0m[49m  [0m[49m  [0m[49m  [0m[7m  [0m[7m  [0m
[7m  [0m[49m  [0m[49m  [0m[49m  [0m[49m  [0m[49m  [0m[49m  [0m[49m  [0m[7m  [0m[7m  [0m[49m  [0m[7m  [0m[7m  [0m[7m  [0m[7m  [0m[7m  [0m[49m  [0m[49m  [0m[7m  [0m[49m  [0m[7m  [0m[49m  [0m[7m  [0m[49m  [0m[49m  [0m[49m  [0m[7m  [0m
[7m  [0m[49m  [0m[7m  [0m[7m  [0m[7m  [0m[7m  [0m[7m  [0m[49m  [0m[7m  [0m[49m  [0m[49m  [0m[49m  [0m[7m  [0m[49m  [0m[7m  [0m[7m  [0m[7m  [0m[49m  [0m[7m  [0m[7m  [0m[7m  [0m[49m  [0m[7m  [0m[7m  [0m[7m  [0m[49m  [0m[7m  [0m
[7m  [0m[49m  [0m[7m  [0m[49m  [0m[49m  [0m[49m  [0m[7m  [0m[49m  [0m[7m  [0m[49m  [0m[7m  [0m[7m  [0m[49m  [0m[7m  [0m[49m  [0m[49m  [0m[49m  [0m[49m  [0m[49m  [0m[49m  [0m[49m  [0m[49m  [0m[49m  [0m[7m  [0m[49m  [0m[7m  [0m[7m  [0m
[7m  [0m[49m  [0m[7m  [0m[49m  [0m[49m  [0m[49m  [0m[7m  [0m[49m  [0m[7m  [0m[7m  [0m[49m  [0m[7m  [0m[7m  [0m[49m  [0m[7m  [0m[49m  [0m[7m  [0m[7m  [0m[7m  [0m[49m  [0m[49m  [0m[7m  [0m[7m  [0m[7m  [0m[7m  [0m[49m  [0m[7m  [0m
[7m  [0m[49m  [0m[7m  [0m[49m  [0m[49m  [0m[49m  [0m[7m  [0m[49m  [0m[7m  [0m[7m  [0m[7m  [0m[49m  [0m[49m  [0m[49m  [0m[49m  [0m[49m  [0m[49m  [0m[49m  [0m[7m  [0m[7m  [0m[7m  [0m[7m  [0m[7m  [0m[49m  [0m[49m  [0m[7m  [0m[7m  [0m
[7m  [0m[49m  [0m[7m  [0m[7m  [0m[7m  [0m[7m  [0m[7m  [0m[49m  [0m[7m  [0m[49m  [0m[7m  [0m[7m  [0m[49m  [0m[7m  [0m[49m  [0m[7m  [0m[7m  [0m[7m  [0m[7m  [0m[49m  [0m[7m  [0m[7m  [0m[49m  [0m[7m  [0m[49m  [0m[49m  [0m[7m  [0m
[7m  [0m[49m  [0m[49m  [0m[49m  [0m[49m  [0m[49m  [0m[49m  [0m[49m  [0m[7m  [0m[49m  [0m[7m  [0m[7m  [0m[7m  [0m[49m  [0m[49m  [0m[7m  [0m[49m  [0m[49m  [0m[7m  [0m[7m  [0m[7m  [0m[7m  [0m[49m  [0m[7m  [0m[7m  [0m[49m  [0m[7m  [0m
[7m  [0m[7m  [0m[7m  [0m[7m  [0m[7m  [0m[7m  [0m[7m  [0m[7m  [0m[7m  [0m[7m  [0m[7m  [0m[7m  [0m[7m  [0m[7m  [0m[7m  [0m[7m  [0m[7m  [0m[7m  [0m[7m  [0m[7m  [0m[7m  [0m[7m  [0m[7m  [0m[7m  [0m[7m  [0m[7m  [0m[7m  [0m

3ad131c26272c7.lhr.life tunneled with tls termination, https://3ad131c26272c7.lhr.life
create an account and add your key for a longer lasting domain name. see https://localhost.run/docs/forever-free/ for more information.
Open your tunnel address on your mobile with this QR:

[7m  [0m[7m  [0m[7m  [0m[7m  [0m[7m  [0m[7m  [0m[7m  [0m[7m  [0m[7m  [0m[7m  [0m[7m  [0m[7m  [0m[7m  [0m[7m  [0m[7m  [0m[7m  [0m[7m  [0m[7m  [0m[7m  [0m[7m  [0m[7m  [0m[7m  [0m[7m  [0m[7m  [0m[7m  [0m[7m  [0m[7m  [0m
[7m  [0m[49m  [0m[49m  [0m[49m  [0m[49m  [0m[49m  [0m[49m  [0m[49m  [0m[7m  [0m[7m  [0m[7m  [0m[49m  [0m[7m  [0m[7m  [0m[49m  [0m[7m  [0m[7m  [0m[49m  [0m[7m  [0m[49m  [0m[49m  [0m[49m  [0m[49m  [0m[49m  [0m[49m  [0m[49m  [0m[7m  [0m
[7m  [0m[49m  [0m[7m  [0m[7m  [0m[7m  [0m[7m  [0m[7m  [0m[49m  [0m[7m  [0m[49m  [0m[49m  [0m[49m  [0m[7m  [0m[7m  [0m[7m  [0m[7m  [0m[49m  [0m[7m  [0m[7m  [0m[49m  [0m[7m  [0m[7m  [0m[7m  [0m[7m  [0m[7m  [0m[49m  [0m[7m  [0m
[7m  [0m[49m  [0m[7m  [0m[49m  [0m[49m  [0m[49m  [0m[7m  [0m[49m  [0m[7m  [0m[49m  [0m[7m  [0m[7m  [0m[7m  [0m[7m  [0m[49m  [0m[7m  [0m[49m  [0m[49m  [0m[7m  [0m[49m  [0m[7m  [0m[49m  [0m[49m  [0m[49m  [0m[7m  [0m[49m  [0m[7m  [0m
[7m  [0m[49m  [0m[7m  [0m[49m  [0m[49m  [0m[49m  [0m[7m  [0m[49m  [0m[7m  [0m[7m  [0m[49m  [0m[7m  [0m[7m  [0m[49m  [0m[7m  [0m[49m  [0m[7m  [0m[49m  [0m[7m  [0m[49m  [0m[7m  [0m[49m  [0m[49m  [0m[49m  [0m[7m  [0m[49m  [0m[7m  [0m
[7m  [0m[49m  [0m[7m  [0m[49m  [0m[49m  [0m[49m  [0m[7m  [0m[49m  [0m[7m  [0m[49m  [0m[49m  [0m[49m  [0m[7m  [0m[49m  [0m[7m  [0m[49m  [0m[49m  [0m[7m  [0m[7m  [0m[49m  [0m[7m  [0m[49m  [0m[49m  [0m[49m  [0m[7m  [0m[49m  [0m[7m  [0m
[7m  [0m[49m  [0m[7m  [0m[7m  [0m[7m  [0m[7m  [0m[7m  [0m[49m  [0m[7m  [0m[49m  [0m[7m  [0m[49m  [0m[7m  [0m[49m  [0m[7m  [0m[7m  [0m[7m  [0m[49m  [0m[7m  [0m[49m  [0m[7m  [0m[7m  [0m[7m  [0m[7m  [0m[7m  [0m[49m  [0m[7m  [0m
[7m  [0m[49m  [0m[49m  [0m[49m  [0m[49m  [0m[49m  [0m[49m  [0m[49m  [0m[7m  [0m[49m  [0m[7m  [0m[49m  [0m[7m  [0m[49m  [0m[7m  [0m[49m  [0m[7m  [0m[49m  [0m[7m  [0m[49m  [0m[49m  [0m[49m  [0m[49m  [0m[49m  [0m[49m  [0m[49m  [0m[7m  [0m
[7m  [0m[7m  [0m[7m  [0m[7m  [0m[7m  [0m[7m  [0m[7m  [0m[7m  [0m[7m  [0m[49m  [0m[7m  [0m[49m  [0m[49m  [0m[7m  [0m[49m  [0m[7m  [0m[7m  [0m[49m  [0m[7m  [0m[7m  [0m[7m  [0m[7m  [0m[7m  [0m[7m  [0m[7m  [0m[7m  [0m[7m  [0m
[7m  [0m[49m  [0m[49m  [0m[7m  [0m[49m  [0m[7m  [0m[7m  [0m[49m  [0m[49m  [0m[7m  [0m[7m  [0m[7m  [0m[49m  [0m[49m  [0m[49m  [0m[49m  [0m[49m  [0m[7m  [0m[7m  [0m[49m  [0m[49m  [0m[49m  [0m[7m  [0m[49m  [0m[49m  [0m[7m  [0m[7m  [0m
[7m  [0m[49m  [0m[7m  [0m[49m  [0m[49m  [0m[7m  [0m[49m  [0m[7m  [0m[49m  [0m[7m  [0m[49m  [0m[7m  [0m[49m  [0m[49m  [0m[7m  [0m[7m  [0m[7m  [0m[49m  [0m[49m  [0m[49m  [0m[49m  [0m[7m  [0m[7m  [0m[7m  [0m[49m  [0m[49m  [0m[7m  [0m
[7m  [0m[49m  [0m[49m  [0m[7m  [0m[7m  [0m[49m  [0m[7m  [0m[49m  [0m[7m  [0m[49m  [0m[7m  [0m[7m  [0m[49m  [0m[49m  [0m[49m  [0m[7m  [0m[49m  [0m[7m  [0m[7m  [0m[49m  [0m[49m  [0m[7m  [0m[49m  [0m[7m  [0m[49m  [0m[49m  [0m[7m  [0m
[7m  [0m[49m  [0m[49m  [0m[49m  [0m[49m  [0m[7m  [0m[49m  [0m[7m  [0m[49m  [0m[49m  [0m[49m  [0m[49m  [0m[49m  [0m[49m  [0m[7m  [0m[49m  [0m[49m  [0m[7m  [0m[49m  [0m[7m  [0m[49m  [0m[49m  [0m[7m  [0m[7m  [0m[7m  [0m[49m  [0m[7m  [0m
[7m  [0m[49m  [0m[7m  [0m[49m  [0m[49m  [0m[7m  [0m[49m  [0m[49m  [0m[7m  [0m[49m  [0m[7m  [0m[49m  [0m[49m  [0m[7m  [0m[49m  [0m[7m  [0m[49m  [0m[49m  [0m[7m  [0m[49m  [0m[7m  [0m[49m  [0m[7m  [0m[49m  [0m[7m  [0m[7m  [0m[7m  [0m
[7m  [0m[7m  [0m[49m  [0m[7m  [0m[7m  [0m[7m  [0m[7m  [0m[7m  [0m[7m  [0m[7m  [0m[49m  [0m[7m  [0m[49m  [0m[7m  [0m[7m  [0m[7m  [0m[49m  [0m[49m  [0m[49m  [0m[7m  [0m[49m  [0m[7m  [0m[7m  [0m[49m  [0m[49m  [0m[49m  [0m[7m  [0m
[7m  [0m[49m  [0m[7m  [0m[7m  [0m[49m  [0m[7m  [0m[7m  [0m[49m  [0m[7m  [0m[49m  [0m[7m  [0m[49m  [0m[49m  [0m[7m  [0m[7m  [0m[49m  [0m[49m  [0m[49m  [0m[7m  [0m[7m  [0m[49m  [0m[7m  [0m[7m  [0m[7m  [0m[49m  [0m[7m  [0m[7m  [0m
[7m  [0m[7m  [0m[49m  [0m[7m  [0m[49m  [0m[49m  [0m[7m  [0m[7m  [0m[7m  [0m[49m  [0m[49m  [0m[7m  [0m[49m  [0m[7m  [0m[7m  [0m[7m  [0m[7m  [0m[7m  [0m[7m  [0m[49m  [0m[49m  [0m[49m  [0m[49m  [0m[7m  [0m[7m  [0m[7m  [0m[7m  [0m
[7m  [0m[49m  [0m[49m  [0m[7m  [0m[7m  [0m[7m  [0m[49m  [0m[49m  [0m[7m  [0m[49m  [0m[49m  [0m[49m  [0m[7m  [0m[49m  [0m[7m  [0m[7m  [0m[49m  [0m[49m  [0m[49m  [0m[49m  [0m[49m  [0m[49m  [0m[49m  [0m[49m  [0m[7m  [0m[49m  [0m[7m  [0m
[7m  [0m[7m  [0m[7m  [0m[7m  [0m[7m  [0m[7m  [0m[7m  [0m[7m  [0m[7m  [0m[49m  [0m[7m  [0m[49m  [0m[7m  [0m[49m  [0m[49m  [0m[49m  [0m[7m  [0m[49m  [0m[7m  [0m[7m  [0m[7m  [0m[49m  [0m[7m  [0m[49m  [0m[49m  [0m[49m  [0m[7m  [0m
[7m  [0m[49m  [0m[49m  [0m[49m  [0m[49m  [0m[49m  [0m[49m  [0m[49m  [0m[7m  [0m[49m  [0m[7m  [0m[49m  [0m[49m  [0m[49m  [0m[7m  [0m[49m  [0m[49m  [0m[49m  [0m[7m  [0m[49m  [0m[7m  [0m[49m  [0m[49m  [0m[49m  [0m[7m  [0m[7m  [0m[7m  [0m
[7m  [0m[49m  [0m[7m  [0m[7m  [0m[7m  [0m[7m  [0m[7m  [0m[49m  [0m[7m  [0m[7m  [0m[7m  [0m[7m  [0m[7m  [0m[49m  [0m[7m  [0m[7m  [0m[7m  [0m[49m  [0m[7m  [0m[7m  [0m[7m  [0m[49m  [0m[7m  [0m[7m  [0m[7m  [0m[49m  [0m[7m  [0m
[7m  [0m[49m  [0m[7m  [0m[49m  [0m[49m  [0m[49m  [0m[7m  [0m[49m  [0m[7m  [0m[7m  [0m[49m  [0m[7m  [0m[7m  [0m[7m  [0m[7m  [0m[7m  [0m[7m  [0m[49m  [0m[49m  [0m[49m  [0m[49m  [0m[49m  [0m[49m  [0m[49m  [0m[7m  [0m[7m  [0m[7m  [0m
[7m  [0m[49m  [0m[7m  [0m[49m  [0m[49m  [0m[49m  [0m[7m  [0m[49m  [0m[7m  [0m[49m  [0m[49m  [0m[49m  [0m[49m  [0m[7m  [0m[7m  [0m[7m  [0m[49m  [0m[49m  [0m[49m  [0m[7m  [0m[49m  [0m[7m  [0m[49m  [0m[7m  [0m[49m  [0m[7m  [0m[7m  [0m
[7m  [0m[49m  [0m[7m  [0m[49m  [0m[49m  [0m[49m  [0m[7m  [0m[49m  [0m[7m  [0m[7m  [0m[49m  [0m[49m  [0m[7m  [0m[7m  [0m[7m  [0m[7m  [0m[7m  [0m[7m  [0m[49m  [0m[49m  [0m[7m  [0m[49m  [0m[7m  [0m[7m  [0m[7m  [0m[49m  [0m[7m  [0m
[7m  [0m[49m  [0m[7m  [0m[7m  [0m[7m  [0m[7m  [0m[7m  [0m[49m  [0m[7m  [0m[49m  [0m[7m  [0m[49m  [0m[7m  [0m[7m  [0m[7m  [0m[49m  [0m[49m  [0m[7m  [0m[7m  [0m[7m  [0m[7m  [0m[49m  [0m[49m  [0m[49m  [0m[7m  [0m[49m  [0m[7m  [0m
[7m  [0m[49m  [0m[49m  [0m[49m  [0m[49m  [0m[49m  [0m[49m  [0m[49m  [0m[7m  [0m[49m  [0m[7m  [0m[7m  [0m[7m  [0m[49m  [0m[7m  [0m[7m  [0m[7m  [0m[49m  [0m[49m  [0m[49m  [0m[7m  [0m[49m  [0m[49m  [0m[49m  [0m[7m  [0m[49m  [0m[7m  [0m
[7m  [0m[7m  [0m[7m  [0m[7m  [0m[7m  [0m[7m  [0m[7m  [0m[7m  [0m[7m  [0m[7m  [0m[7m  [0m[7m  [0m[7m  [0m[7m  [0m[7m  [0m[7m  [0m[7m  [0m[7m  [0m[7m  [0m[7m  [0m[7m  [0m[7m  [0m[7m  [0m[7m  [0m[7m  [0m[7m  [0m[7m  [0m

05433250a2e79f.lhr.life tunneled with tls termination, https://05433250a2e79f.lhr.life
create an account and add your key for a longer lasting domain name. see https://localhost.run/docs/forever-free/ for more information.
Open your tunnel address on your mobile with this QR:

[7m  [0m[7m  [0m[7m  [0m[7m  [0m[7m  [0m[7m  [0m[7m  [0m[7m  [0m[7m  [0m[7m  [0m[7m  [0m[7m  [0m[7m  [0m[7m  [0m[7m  [0m[7m  [0m[7m  [0m[7m  [0m[7m  [0m[7m  [0m[7m  [0m[7m  [0m[7m  [0m[7m  [0m[7m  [0m[7m  [0m[7m  [0m
[7m  [0m[49m  [0m[49m  [0m[49m  [0m[49m  [0m[49m  [0m[49m  [0m[49m  [0m[7m  [0m[7m  [0m[7m  [0m[49m  [0m[7m  [0m[7m  [0m[49m  [0m[7m  [0m[7m  [0m[49m  [0m[7m  [0m[49m  [0m[49m  [0m[49m  [0m[49m  [0m[49m  [0m[49m  [0m[49m  [0m[7m  [0m
[7m  [0m[49m  [0m[7m  [0m[7m  [0m[7m  [0m[7m  [0m[7m  [0m[49m  [0m[7m  [0m[49m  [0m[49m  [0m[49m  [0m[7m  [0m[7m  [0m[7m  [0m[7m  [0m[49m  [0m[7m  [0m[7m  [0m[49m  [0m[7m  [0m[7m  [0m[7m  [0m[7m  [0m[7m  [0m[49m  [0m[7m  [0m
[7m  [0m[49m  [0m[7m  [0m[49m  [0m[49m  [0m[49m  [0m[7m  [0m[49m  [0m[7m  [0m[49m  [0m[7m  [0m[7m  [0m[7m  [0m[7m  [0m[49m  [0m[7m  [0m[49m  [0m[49m  [0m[7m  [0m[49m  [0m[7m  [0m[49m  [0m[49m  [0m[49m  [0m[7m  [0m[49m  [0m[7m  [0m
[7m  [0m[49m  [0m[7m  [0m[49m  [0m[49m  [0m[49m  [0m[7m  [0m[49m  [0m[7m  [0m[7m  [0m[49m  [0m[7m  [0m[7m  [0m[49m  [0m[7m  [0m[49m  [0m[7m  [0m[49m  [0m[7m  [0m[49m  [0m[7m  [0m[49m  [0m[49m  [0m[49m  [0m[7m  [0m[49m  [0m[7m  [0m
[7m  [0m[49m  [0m[7m  [0m[49m  [0m[49m  [0m[49m  [0m[7m  [0m[49m  [0m[7m  [0m[49m  [0m[49m  [0m[49m  [0m[7m  [0m[49m  [0m[7m  [0m[49m  [0m[49m  [0m[7m  [0m[7m  [0m[49m  [0m[7m  [0m[49m  [0m[49m  [0m[49m  [0m[7m  [0m[49m  [0m[7m  [0m
[7m  [0m[49m  [0m[7m  [0m[7m  [0m[7m  [0m[7m  [0m[7m  [0m[49m  [0m[7m  [0m[49m  [0m[7m  [0m[49m  [0m[7m  [0m[49m  [0m[7m  [0m[7m  [0m[7m  [0m[49m  [0m[7m  [0m[49m  [0m[7m  [0m[7m  [0m[7m  [0m[7m  [0m[7m  [0m[49m  [0m[7m  [0m
[7m  [0m[49m  [0m[49m  [0m[49m  [0m[49m  [0m[49m  [0m[49m  [0m[49m  [0m[7m  [0m[49m  [0m[7m  [0m[49m  [0m[7m  [0m[49m  [0m[7m  [0m[49m  [0m[7m  [0m[49m  [0m[7m  [0m[49m  [0m[49m  [0m[49m  [0m[49m  [0m[49m  [0m[49m  [0m[49m  [0m[7m  [0m
[7m  [0m[7m  [0m[7m  [0m[7m  [0m[7m  [0m[7m  [0m[7m  [0m[7m  [0m[7m  [0m[49m  [0m[7m  [0m[49m  [0m[49m  [0m[7m  [0m[49m  [0m[7m  [0m[7m  [0m[49m  [0m[7m  [0m[7m  [0m[7m  [0m[7m  [0m[7m  [0m[7m  [0m[7m  [0m[7m  [0m[7m  [0m
[7m  [0m[49m  [0m[49m  [0m[7m  [0m[49m  [0m[7m  [0m[7m  [0m[49m  [0m[49m  [0m[7m  [0m[7m  [0m[7m  [0m[49m  [0m[49m  [0m[49m  [0m[49m  [0m[49m  [0m[7m  [0m[7m  [0m[49m  [0m[49m  [0m[49m  [0m[7m  [0m[49m  [0m[49m  [0m[7m  [0m[7m  [0m
[7m  [0m[49m  [0m[49m  [0m[49m  [0m[49m  [0m[7m  [0m[7m  [0m[7m  [0m[49m  [0m[49m  [0m[49m  [0m[7m  [0m[49m  [0m[49m  [0m[7m  [0m[7m  [0m[7m  [0m[7m  [0m[49m  [0m[49m  [0m[49m  [0m[7m  [0m[7m  [0m[7m  [0m[49m  [0m[49m  [0m[7m  [0m
[7m  [0m[7m  [0m[7m  [0m[49m  [0m[7m  [0m[7m  [0m[7m  [0m[49m  [0m[7m  [0m[49m  [0m[7m  [0m[7m  [0m[49m  [0m[49m  [0m[49m  [0m[7m  [0m[7m  [0m[49m  [0m[49m  [0m[49m  [0m[49m  [0m[7m  [0m[49m  [0m[7m  [0m[49m  [0m[49m  [0m[7m  [0m
[7m  [0m[7m  [0m[49m  [0m[7m  [0m[7m  [0m[7m  [0m[7m  [0m[7m  [0m[7m  [0m[49m  [0m[49m  [0m[49m  [0m[49m  [0m[49m  [0m[7m  [0m[49m  [0m[49m  [0m[7m  [0m[7m  [0m[7m  [0m[49m  [0m[49m  [0m[7m  [0m[7m  [0m[7m  [0m[49m  [0m[7m  [0m
[7m  [0m[7m  [0m[7m  [0m[49m  [0m[49m  [0m[7m  [0m[49m  [0m[49m  [0m[7m  [0m[49m  [0m[7m  [0m[49m  [0m[49m  [0m[7m  [0m[49m  [0m[7m  [0m[49m  [0m[49m  [0m[49m  [0m[49m  [0m[7m  [0m[7m  [0m[7m  [0m[49m  [0m[7m  [0m[7m  [0m[7m  [0m
[7m  [0m[7m  [0m[49m  [0m[7m  [0m[49m  [0m[49m  [0m[49m  [0m[7m  [0m[49m  [0m[7m  [0m[7m  [0m[7m  [0m[49m  [0m[7m  [0m[7m  [0m[7m  [0m[7m  [0m[7m  [0m[7m  [0m[49m  [0m[49m  [0m[49m  [0m[7m  [0m[49m  [0m[49m  [0m[49m  [0m[7m  [0m
[7m  [0m[49m  [0m[7m  [0m[7m  [0m[49m  [0m[7m  [0m[49m  [0m[49m  [0m[7m  [0m[7m  [0m[49m  [0m[49m  [0m[49m  [0m[7m  [0m[7m  [0m[49m  [0m[7m  [0m[49m  [0m[49m  [0m[49m  [0m[7m  [0m[49m  [0m[7m  [0m[7m  [0m[49m  [0m[7m  [0m[7m  [0m
[7m  [0m[7m  [0m[49m  [0m[49m  [0m[49m  [0m[7m  [0m[7m  [0m[7m  [0m[49m  [0m[7m  [0m[49m  [0m[49m  [0m[49m  [0m[7m  [0m[7m  [0m[7m  [0m[7m  [0m[7m  [0m[49m  [0m[7m  [0m[7m  [0m[7m  [0m[49m  [0m[7m  [0m[7m  [0m[7m  [0m[7m  [0m
[7m  [0m[49m  [0m[49m  [0m[7m  [0m[49m  [0m[7m  [0m[49m  [0m[49m  [0m[49m  [0m[7m  [0m[49m  [0m[7m  [0m[7m  [0m[49m  [0m[7m  [0m[7m  [0m[49m  [0m[49m  [0m[49m  [0m[49m  [0m[49m  [0m[49m  [0m[49m  [0m[49m  [0m[7m  [0m[49m  [0m[7m  [0m
[7m  [0m[7m  [0m[7m  [0m[7m  [0m[7m  [0m[7m  [0m[7m  [0m[7m  [0m[7m  [0m[49m  [0m[7m  [0m[49m  [0m[7m  [0m[49m  [0m[49m  [0m[49m  [0m[7m  [0m[49m  [0m[7m  [0m[7m  [0m[7m  [0m[49m  [0m[7m  [0m[49m  [0m[49m  [0m[49m  [0m[7m  [0m
[7m  [0m[49m  [0m[49m  [0m[49m  [0m[49m  [0m[49m  [0m[49m  [0m[49m  [0m[7m  [0m[49m  [0m[49m  [0m[49m  [0m[49m  [0m[49m  [0m[7m  [0m[49m  [0m[49m  [0m[49m  [0m[7m  [0m[49m  [0m[7m  [0m[49m  [0m[49m  [0m[49m  [0m[7m  [0m[7m  [0m[7m  [0m
[7m  [0m[49m  [0m[7m  [0m[7m  [0m[7m  [0m[7m  [0m[7m  [0m[49m  [0m[7m  [0m[7m  [0m[7m  [0m[49m  [0m[7m  [0m[49m  [0m[7m  [0m[7m  [0m[7m  [0m[49m  [0m[7m  [0m[7m  [0m[7m  [0m[49m  [0m[7m  [0m[7m  [0m[7m  [0m[49m  [0m[7m  [0m
[7m  [0m[49m  [0m[7m  [0m[49m  [0m[49m  [0m[49m  [0m[7m  [0m[49m  [0m[7m  [0m[7m  [0m[7m  [0m[49m  [0m[7m  [0m[7m  [0m[7m  [0m[7m  [0m[49m  [0m[49m  [0m[49m  [0m[49m  [0m[49m  [0m[49m  [0m[49m  [0m[49m  [0m[7m  [0m[7m  [0m[7m  [0m
[7m  [0m[49m  [0m[7m  [0m[49m  [0m[49m  [0m[49m  [0m[7m  [0m[49m  [0m[7m  [0m[49m  [0m[49m  [0m[49m  [0m[49m  [0m[7m  [0m[7m  [0m[7m  [0m[49m  [0m[7m  [0m[49m  [0m[49m  [0m[7m  [0m[7m  [0m[49m  [0m[7m  [0m[49m  [0m[7m  [0m[7m  [0m
[7m  [0m[49m  [0m[7m  [0m[49m  [0m[49m  [0m[49m  [0m[7m  [0m[49m  [0m[7m  [0m[7m  [0m[7m  [0m[49m  [0m[7m  [0m[7m  [0m[7m  [0m[7m  [0m[49m  [0m[7m  [0m[49m  [0m[49m  [0m[49m  [0m[49m  [0m[7m  [0m[7m  [0m[7m  [0m[49m  [0m[7m  [0m
[7m  [0m[49m  [0m[7m  [0m[7m  [0m[7m  [0m[7m  [0m[7m  [0m[49m  [0m[7m  [0m[49m  [0m[49m  [0m[7m  [0m[7m  [0m[7m  [0m[7m  [0m[49m  [0m[49m  [0m[7m  [0m[49m  [0m[49m  [0m[7m  [0m[49m  [0m[49m  [0m[7m  [0m[7m  [0m[49m  [0m[7m  [0m
[7m  [0m[49m  [0m[49m  [0m[49m  [0m[49m  [0m[49m  [0m[49m  [0m[49m  [0m[7m  [0m[49m  [0m[7m  [0m[49m  [0m[7m  [0m[49m  [0m[7m  [0m[7m  [0m[49m  [0m[49m  [0m[7m  [0m[49m  [0m[49m  [0m[49m  [0m[7m  [0m[49m  [0m[7m  [0m[49m  [0m[7m  [0m
[7m  [0m[7m  [0m[7m  [0m[7m  [0m[7m  [0m[7m  [0m[7m  [0m[7m  [0m[7m  [0m[7m  [0m[7m  [0m[7m  [0m[7m  [0m[7m  [0m[7m  [0m[7m  [0m[7m  [0m[7m  [0m[7m  [0m[7m  [0m[7m  [0m[7m  [0m[7m  [0m[7m  [0m[7m  [0m[7m  [0m[7m  [0m

75f5f165c7d505.lhr.life tunneled with tls termination, https://75f5f165c7d505.lhr.life
create an account and add your key for a longer lasting domain name. see https://localhost.run/docs/forever-free/ for more information.
Open your tunnel address on your mobile with this QR:

[7m  [0m[7m  [0m[7m  [0m[7m  [0m[7m  [0m[7m  [0m[7m  [0m[7m  [0m[7m  [0m[7m  [0m[7m  [0m[7m  [0m[7m  [0m[7m  [0m[7m  [0m[7m  [0m[7m  [0m[7m  [0m[7m  [0m[7m  [0m[7m  [0m[7m  [0m[7m  [0m[7m  [0m[7m  [0m[7m  [0m[7m  [0m
[7m  [0m[49m  [0m[49m  [0m[49m  [0m[49m  [0m[49m  [0m[49m  [0m[49m  [0m[7m  [0m[7m  [0m[7m  [0m[49m  [0m[7m  [0m[7m  [0m[49m  [0m[7m  [0m[7m  [0m[49m  [0m[7m  [0m[49m  [0m[49m  [0m[49m  [0m[49m  [0m[49m  [0m[49m  [0m[49m  [0m[7m  [0m
[7m  [0m[49m  [0m[7m  [0m[7m  [0m[7m  [0m[7m  [0m[7m  [0m[49m  [0m[7m  [0m[7m  [0m[49m  [0m[7m  [0m[7m  [0m[7m  [0m[49m  [0m[7m  [0m[49m  [0m[49m  [0m[7m  [0m[49m  [0m[7m  [0m[7m  [0m[7m  [0m[7m  [0m[7m  [0m[49m  [0m[7m  [0m
[7m  [0m[49m  [0m[7m  [0m[49m  [0m[49m  [0m[49m  [0m[7m  [0m[49m  [0m[7m  [0m[49m  [0m[7m  [0m[7m  [0m[49m  [0m[7m  [0m[49m  [0m[49m  [0m[49m  [0m[49m  [0m[7m  [0m[49m  [0m[7m  [0m[49m  [0m[49m  [0m[49m  [0m[7m  [0m[49m  [0m[7m  [0m
[7m  [0m[49m  [0m[7m  [0m[49m  [0m[49m  [0m[49m  [0m[7m  [0m[49m  [0m[7m  [0m[7m  [0m[49m  [0m[7m  [0m[7m  [0m[49m  [0m[7m  [0m[49m  [0m[7m  [0m[49m  [0m[7m  [0m[49m  [0m[7m  [0m[49m  [0m[49m  [0m[49m  [0m[7m  [0m[49m  [0m[7m  [0m
[7m  [0m[49m  [0m[7m  [0m[49m  [0m[49m  [0m[49m  [0m[7m  [0m[49m  [0m[7m  [0m[7m  [0m[49m  [0m[7m  [0m[7m  [0m[49m  [0m[49m  [0m[49m  [0m[49m  [0m[49m  [0m[7m  [0m[49m  [0m[7m  [0m[49m  [0m[49m  [0m[49m  [0m[7m  [0m[49m  [0m[7m  [0m
[7m  [0m[49m  [0m[7m  [0m[7m  [0m[7m  [0m[7m  [0m[7m  [0m[49m  [0m[7m  [0m[7m  [0m[7m  [0m[49m  [0m[49m  [0m[49m  [0m[7m  [0m[49m  [0m[7m  [0m[49m  [0m[7m  [0m[49m  [0m[7m  [0m[7m  [0m[7m  [0m[7m  [0m[7m  [0m[49m  [0m[7m  [0m
[7m  [0m[49m  [0m[49m  [0m[49m  [0m[49m  [0m[49m  [0m[49m  [0m[49m  [0m[7m  [0m[49m  [0m[7m  [0m[49m  [0m[7m  [0m[49m  [0m[7m  [0m[49m  [0m[7m  [0m[49m  [0m[7m  [0m[49m  [0m[49m  [0m[49m  [0m[49m  [0m[49m  [0m[49m  [0m[49m  [0m[7m  [0m
[7m  [0m[7m  [0m[7m  [0m[7m  [0m[7m  [0m[7m  [0m[7m  [0m[7m  [0m[7m  [0m[49m  [0m[7m  [0m[7m  [0m[49m  [0m[7m  [0m[7m  [0m[7m  [0m[7m  [0m[7m  [0m[7m  [0m[7m  [0m[7m  [0m[7m  [0m[7m  [0m[7m  [0m[7m  [0m[7m  [0m[7m  [0m
[7m  [0m[49m  [0m[49m  [0m[49m  [0m[7m  [0m[49m  [0m[49m  [0m[49m  [0m[49m  [0m[49m  [0m[7m  [0m[7m  [0m[7m  [0m[49m  [0m[49m  [0m[7m  [0m[49m  [0m[7m  [0m[49m  [0m[49m  [0m[7m  [0m[7m  [0m[7m  [0m[49m  [0m[7m  [0m[7m  [0m[7m  [0m
[7m  [0m[7m  [0m[7m  [0m[7m  [0m[49m  [0m[49m  [0m[7m  [0m[7m  [0m[7m  [0m[7m  [0m[49m  [0m[7m  [0m[49m  [0m[49m  [0m[7m  [0m[7m  [0m[7m  [0m[49m  [0m[7m  [0m[7m  [0m[49m  [0m[49m  [0m[7m  [0m[7m  [0m[49m  [0m[49m  [0m[7m  [0m
[7m  [0m[7m  [0m[49m  [0m[49m  [0m[7m  [0m[49m  [0m[7m  [0m[49m  [0m[49m  [0m[49m  [0m[7m  [0m[49m  [0m[49m  [0m[49m  [0m[7m  [0m[7m  [0m[7m  [0m[7m  [0m[7m  [0m[49m  [0m[7m  [0m[7m  [0m[49m  [0m[49m  [0m[49m  [0m[49m  [0m[7m  [0m
[7m  [0m[49m  [0m[7m  [0m[49m  [0m[49m  [0m[7m  [0m[7m  [0m[7m  [0m[7m  [0m[7m  [0m[49m  [0m[49m  [0m[7m  [0m[49m  [0m[7m  [0m[7m  [0m[49m  [0m[7m  [0m[49m  [0m[7m  [0m[49m  [0m[49m  [0m[7m  [0m[7m  [0m[49m  [0m[49m  [0m[7m  [0m
[7m  [0m[49m  [0m[49m  [0m[49m  [0m[7m  [0m[7m  [0m[49m  [0m[49m  [0m[49m  [0m[49m  [0m[7m  [0m[49m  [0m[49m  [0m[7m  [0m[49m  [0m[7m  [0m[7m  [0m[49m  [0m[7m  [0m[7m  [0m[7m  [0m[49m  [0m[7m  [0m[49m  [0m[7m  [0m[7m  [0m[7m  [0m
[7m  [0m[7m  [0m[49m  [0m[49m  [0m[7m  [0m[49m  [0m[49m  [0m[7m  [0m[49m  [0m[49m  [0m[7m  [0m[49m  [0m[49m  [0m[7m  [0m[49m  [0m[7m  [0m[49m  [0m[7m  [0m[49m  [0m[7m  [0m[49m  [0m[7m  [0m[7m  [0m[7m  [0m[49m  [0m[49m  [0m[7m  [0m
[7m  [0m[49m  [0m[7m  [0m[7m  [0m[49m  [0m[7m  [0m[7m  [0m[49m  [0m[7m  [0m[49m  [0m[49m  [0m[7m  [0m[7m  [0m[7m  [0m[7m  [0m[7m  [0m[7m  [0m[49m  [0m[7m  [0m[7m  [0m[49m  [0m[49m  [0m[7m  [0m[7m  [0m[7m  [0m[7m  [0m[7m  [0m
[7m  [0m[7m  [0m[49m  [0m[49m  [0m[49m  [0m[7m  [0m[49m  [0m[7m  [0m[7m  [0m[49m  [0m[49m  [0m[7m  [0m[49m  [0m[7m  [0m[7m  [0m[7m  [0m[49m  [0m[49m  [0m[7m  [0m[7m  [0m[7m  [0m[7m  [0m[49m  [0m[7m  [0m[7m  [0m[7m  [0m[7m  [0m
[7m  [0m[49m  [0m[7m  [0m[49m  [0m[49m  [0m[49m  [0m[49m  [0m[49m  [0m[7m  [0m[7m  [0m[7m  [0m[7m  [0m[7m  [0m[49m  [0m[49m  [0m[7m  [0m[49m  [0m[49m  [0m[49m  [0m[49m  [0m[49m  [0m[49m  [0m[49m  [0m[7m  [0m[7m  [0m[49m  [0m[7m  [0m
[7m  [0m[7m  [0m[7m  [0m[7m  [0m[7m  [0m[7m  [0m[7m  [0m[7m  [0m[7m  [0m[49m  [0m[49m  [0m[49m  [0m[49m  [0m[49m  [0m[49m  [0m[7m  [0m[7m  [0m[49m  [0m[7m  [0m[7m  [0m[7m  [0m[49m  [0m[7m  [0m[49m  [0m[7m  [0m[49m  [0m[7m  [0m
[7m  [0m[49m  [0m[49m  [0m[49m  [0m[49m  [0m[49m  [0m[49m  [0m[49m  [0m[7m  [0m[49m  [0m[49m  [0m[7m  [0m[49m  [0m[49m  [0m[7m  [0m[49m  [0m[7m  [0m[49m  [0m[7m  [0m[49m  [0m[7m  [0m[49m  [0m[49m  [0m[49m  [0m[7m  [0m[7m  [0m[7m  [0m
[7m  [0m[49m  [0m[7m  [0m[7m  [0m[7m  [0m[7m  [0m[7m  [0m[49m  [0m[7m  [0m[49m  [0m[7m  [0m[49m  [0m[7m  [0m[49m  [0m[49m  [0m[7m  [0m[49m  [0m[49m  [0m[7m  [0m[7m  [0m[7m  [0m[49m  [0m[7m  [0m[49m  [0m[7m  [0m[49m  [0m[7m  [0m
[7m  [0m[49m  [0m[7m  [0m[49m  [0m[49m  [0m[49m  [0m[7m  [0m[49m  [0m[7m  [0m[49m  [0m[49m  [0m[7m  [0m[49m  [0m[7m  [0m[7m  [0m[49m  [0m[49m  [0m[49m  [0m[49m  [0m[49m  [0m[49m  [0m[49m  [0m[49m  [0m[49m  [0m[49m  [0m[7m  [0m[7m  [0m
[7m  [0m[49m  [0m[7m  [0m[49m  [0m[49m  [0m[49m  [0m[7m  [0m[49m  [0m[7m  [0m[7m  [0m[49m  [0m[7m  [0m[49m  [0m[7m  [0m[7m  [0m[7m  [0m[49m  [0m[7m  [0m[49m  [0m[49m  [0m[7m  [0m[7m  [0m[49m  [0m[7m  [0m[49m  [0m[7m  [0m[7m  [0m
[7m  [0m[49m  [0m[7m  [0m[49m  [0m[49m  [0m[49m  [0m[7m  [0m[49m  [0m[7m  [0m[49m  [0m[7m  [0m[7m  [0m[7m  [0m[7m  [0m[49m  [0m[7m  [0m[49m  [0m[49m  [0m[7m  [0m[7m  [0m[49m  [0m[49m  [0m[49m  [0m[49m  [0m[7m  [0m[49m  [0m[7m  [0m
[7m  [0m[49m  [0m[7m  [0m[7m  [0m[7m  [0m[7m  [0m[7m  [0m[49m  [0m[7m  [0m[49m  [0m[7m  [0m[49m  [0m[49m  [0m[7m  [0m[7m  [0m[7m  [0m[7m  [0m[49m  [0m[49m  [0m[7m  [0m[49m  [0m[7m  [0m[7m  [0m[7m  [0m[49m  [0m[49m  [0m[7m  [0m
[7m  [0m[49m  [0m[49m  [0m[49m  [0m[49m  [0m[49m  [0m[49m  [0m[49m  [0m[7m  [0m[49m  [0m[7m  [0m[49m  [0m[7m  [0m[49m  [0m[7m  [0m[7m  [0m[7m  [0m[49m  [0m[7m  [0m[7m  [0m[7m  [0m[49m  [0m[7m  [0m[49m  [0m[7m  [0m[49m  [0m[7m  [0m
[7m  [0m[7m  [0m[7m  [0m[7m  [0m[7m  [0m[7m  [0m[7m  [0m[7m  [0m[7m  [0m[7m  [0m[7m  [0m[7m  [0m[7m  [0m[7m  [0m[7m  [0m[7m  [0m[7m  [0m[7m  [0m[7m  [0m[7m  [0m[7m  [0m[7m  [0m[7m  [0m[7m  [0m[7m  [0m[7m  [0m[7m  [0m

91842f78137ef0.lhr.life tunneled with tls termination, https://91842f78137ef0.lhr.life
create an account and add your key for a longer lasting domain name. see https://localhost.run/docs/forever-free/ for more information.
Open your tunnel address on your mobile with this QR:

[7m  [0m[7m  [0m[7m  [0m[7m  [0m[7m  [0m[7m  [0m[7m  [0m[7m  [0m[7m  [0m[7m  [0m[7m  [0m[7m  [0m[7m  [0m[7m  [0m[7m  [0m[7m  [0m[7m  [0m[7m  [0m[7m  [0m[7m  [0m[7m  [0m[7m  [0m[7m  [0m[7m  [0m[7m  [0m[7m  [0m[7m  [0m
[7m  [0m[49m  [0m[49m  [0m[49m  [0m[49m  [0m[49m  [0m[49m  [0m[49m  [0m[7m  [0m[49m  [0m[49m  [0m[49m  [0m[49m  [0m[7m  [0m[7m  [0m[7m  [0m[49m  [0m[49m  [0m[7m  [0m[49m  [0m[49m  [0m[49m  [0m[49m  [0m[49m  [0m[49m  [0m[49m  [0m[7m  [0m
[7m  [0m[49m  [0m[7m  [0m[7m  [0m[7m  [0m[7m  [0m[7m  [0m[49m  [0m[7m  [0m[7m  [0m[7m  [0m[7m  [0m[49m  [0m[49m  [0m[49m  [0m[49m  [0m[7m  [0m[49m  [0m[7m  [0m[49m  [0m[7m  [0m[7m  [0m[7m  [0m[7m  [0m[7m  [0m[49m  [0m[7m  [0m
[7m  [0m[49m  [0m[7m  [0m[49m  [0m[49m  [0m[49m  [0m[7m  [0m[49m  [0m[7m  [0m[7m  [0m[49m  [0m[7m  [0m[49m  [0m[7m  [0m[7m  [0m[7m  [0m[7m  [0m[49m  [0m[7m  [0m[49m  [0m[7m  [0m[49m  [0m[49m  [0m[49m  [0m[7m  [0m[49m  [0m[7m  [0m
[7m  [0m[49m  [0m[7m  [0m[49m  [0m[49m  [0m[49m  [0m[7m  [0m[49m  [0m[7m  [0m[7m  [0m[7m  [0m[49m  [0m[49m  [0m[7m  [0m[49m  [0m[7m  [0m[49m  [0m[7m  [0m[7m  [0m[49m  [0m[7m  [0m[49m  [0m[49m  [0m[49m  [0m[7m  [0m[49m  [0m[7m  [0m
[7m  [0m[49m  [0m[7m  [0m[49m  [0m[49m  [0m[49m  [0m[7m  [0m[49m  [0m[7m  [0m[7m  [0m[7m  [0m[49m  [0m[49m  [0m[49m  [0m[49m  [0m[49m  [0m[7m  [0m[7m  [0m[7m  [0m[49m  [0m[7m  [0m[49m  [0m[49m  [0m[49m  [0m[7m  [0m[49m  [0m[7m  [0m
[7m  [0m[49m  [0m[7m  [0m[7m  [0m[7m  [0m[7m  [0m[7m  [0m[49m  [0m[7m  [0m[7m  [0m[49m  [0m[7m  [0m[49m  [0m[7m  [0m[49m  [0m[49m  [0m[49m  [0m[7m  [0m[7m  [0m[49m  [0m[7m  [0m[7m  [0m[7m  [0m[7m  [0m[7m  [0m[49m  [0m[7m  [0m
[7m  [0m[49m  [0m[49m  [0m[49m  [0m[49m  [0m[49m  [0m[49m  [0m[49m  [0m[7m  [0m[49m  [0m[7m  [0m[49m  [0m[7m  [0m[49m  [0m[7m  [0m[49m  [0m[7m  [0m[49m  [0m[7m  [0m[49m  [0m[49m  [0m[49m  [0m[49m  [0m[49m  [0m[49m  [0m[49m  [0m[7m  [0m
[7m  [0m[7m  [0m[7m  [0m[7m  [0m[7m  [0m[7m  [0m[7m  [0m[7m  [0m[7m  [0m[49m  [0m[49m  [0m[7m  [0m[7m  [0m[49m  [0m[7m  [0m[49m  [0m[49m  [0m[7m  [0m[7m  [0m[7m  [0m[7m  [0m[7m  [0m[7m  [0m[7m  [0m[7m  [0m[7m  [0m[7m  [0m
[7m  [0m[49m  [0m[49m  [0m[7m  [0m[49m  [0m[49m  [0m[7m  [0m[49m  [0m[7m  [0m[7m  [0m[49m  [0m[7m  [0m[7m  [0m[49m  [0m[7m  [0m[49m  [0m[7m  [0m[7m  [0m[7m  [0m[49m  [0m[7m  [0m[7m  [0m[7m  [0m[7m  [0m[7m  [0m[49m  [0m[7m  [0m
[7m  [0m[49m  [0m[7m  [0m[7m  [0m[7m  [0m[49m  [0m[7m  [0m[7m  [0m[7m  [0m[49m  [0m[7m  [0m[49m  [0m[7m  [0m[7m  [0m[49m  [0m[49m  [0m[49m  [0m[7m  [0m[7m  [0m[7m  [0m[7m  [0m[7m  [0m[49m  [0m[49m  [0m[7m  [0m[7m  [0m[7m  [0m
[7m  [0m[49m  [0m[49m  [0m[49m  [0m[49m  [0m[7m  [0m[7m  [0m[49m  [0m[49m  [0m[49m  [0m[49m  [0m[7m  [0m[7m  [0m[49m  [0m[7m  [0m[7m  [0m[7m  [0m[7m  [0m[7m  [0m[49m  [0m[49m  [0m[49m  [0m[7m  [0m[7m  [0m[7m  [0m[49m  [0m[7m  [0m
[7m  [0m[49m  [0m[49m  [0m[7m  [0m[49m  [0m[7m  [0m[7m  [0m[7m  [0m[7m  [0m[49m  [0m[7m  [0m[7m  [0m[7m  [0m[7m  [0m[49m  [0m[7m  [0m[7m  [0m[49m  [0m[49m  [0m[49m  [0m[7m  [0m[7m  [0m[49m  [0m[49m  [0m[49m  [0m[7m  [0m[7m  [0m
[7m  [0m[7m  [0m[49m  [0m[7m  [0m[7m  [0m[7m  [0m[49m  [0m[49m  [0m[7m  [0m[49m  [0m[49m  [0m[49m  [0m[7m  [0m[7m  [0m[7m  [0m[7m  [0m[7m  [0m[49m  [0m[49m  [0m[7m  [0m[49m  [0m[49m  [0m[49m  [0m[49m  [0m[49m  [0m[7m  [0m[7m  [0m
[7m  [0m[49m  [0m[7m  [0m[7m  [0m[49m  [0m[7m  [0m[7m  [0m[7m  [0m[7m  [0m[7m  [0m[7m  [0m[49m  [0m[7m  [0m[49m  [0m[49m  [0m[49m  [0m[49m  [0m[7m  [0m[7m  [0m[7m  [0m[49m  [0m[7m  [0m[49m  [0m[7m  [0m[7m  [0m[7m  [0m[7m  [0m
[7m  [0m[49m  [0m[49m  [0m[49m  [0m[49m  [0m[49m  [0m[49m  [0m[49m  [0m[49m  [0m[49m  [0m[7m  [0m[49m  [0m[7m  [0m[7m  [0m[49m  [0m[49m  [0m[7m  [0m[49m  [0m[7m  [0m[49m  [0m[7m  [0m[7m  [0m[49m  [0m[7m  [0m[7m  [0m[7m  [0m[7m  [0m
[7m  [0m[49m  [0m[7m  [0m[7m  [0m[7m  [0m[49m  [0m[7m  [0m[7m  [0m[7m  [0m[7m  [0m[7m  [0m[49m  [0m[7m  [0m[49m  [0m[49m  [0m[49m  [0m[49m  [0m[49m  [0m[49m  [0m[49m  [0m[49m  [0m[7m  [0m[7m  [0m[49m  [0m[49m  [0m[49m  [0m[7m  [0m
[7m  [0m[49m  [0m[7m  [0m[49m  [0m[7m  [0m[49m  [0m[7m  [0m[49m  [0m[7m  [0m[49m  [0m[49m  [0m[49m  [0m[49m  [0m[49m  [0m[49m  [0m[7m  [0m[49m  [0m[49m  [0m[49m  [0m[49m  [0m[49m  [0m[49m  [0m[7m  [0m[49m  [0m[49m  [0m[49m  [0m[7m  [0m
[7m  [0m[7m  [0m[7m  [0m[7m  [0m[7m  [0m[7m  [0m[7m  [0m[7m  [0m[7m  [0m[49m  [0m[7m  [0m[7m  [0m[49m  [0m[7m  [0m[7m  [0m[7m  [0m[49m  [0m[49m  [0m[7m  [0m[7m  [0m[7m  [0m[49m  [0m[49m  [0m[7m  [0m[7m  [0m[7m  [0m[7m  [0m
[7m  [0m[49m  [0m[49m  [0m[49m  [0m[49m  [0m[49m  [0m[49m  [0m[49m  [0m[7m  [0m[7m  [0m[49m  [0m[7m  [0m[7m  [0m[49m  [0m[49m  [0m[49m  [0m[49m  [0m[49m  [0m[7m  [0m[49m  [0m[7m  [0m[49m  [0m[7m  [0m[49m  [0m[49m  [0m[7m  [0m[7m  [0m
[7m  [0m[49m  [0m[7m  [0m[7m  [0m[7m  [0m[7m  [0m[7m  [0m[49m  [0m[7m  [0m[7m  [0m[7m  [0m[7m  [0m[49m  [0m[7m  [0m[49m  [0m[49m  [0m[7m  [0m[49m  [0m[7m  [0m[7m  [0m[7m  [0m[49m  [0m[49m  [0m[49m  [0m[49m  [0m[7m  [0m[7m  [0m
[7m  [0m[49m  [0m[7m  [0m[49m  [0m[49m  [0m[49m  [0m[7m  [0m[49m  [0m[7m  [0m[49m  [0m[7m  [0m[7m  [0m[49m  [0m[7m  [0m[49m  [0m[7m  [0m[7m  [0m[49m  [0m[49m  [0m[49m  [0m[49m  [0m[49m  [0m[7m  [0m[49m  [0m[49m  [0m[7m  [0m[7m  [0m
[7m  [0m[49m  [0m[7m  [0m[49m  [0m[49m  [0m[49m  [0m[7m  [0m[49m  [0m[7m  [0m[49m  [0m[49m  [0m[7m  [0m[7m  [0m[49m  [0m[49m  [0m[49m  [0m[7m  [0m[7m  [0m[7m  [0m[7m  [0m[7m  [0m[7m  [0m[7m  [0m[49m  [0m[7m  [0m[49m  [0m[7m  [0m
[7m  [0m[49m  [0m[7m  [0m[49m  [0m[49m  [0m[49m  [0m[7m  [0m[49m  [0m[7m  [0m[7m  [0m[49m  [0m[7m  [0m[49m  [0m[7m  [0m[49m  [0m[7m  [0m[49m  [0m[7m  [0m[49m  [0m[49m  [0m[7m  [0m[49m  [0m[7m  [0m[7m  [0m[49m  [0m[49m  [0m[7m  [0m
[7m  [0m[49m  [0m[7m  [0m[7m  [0m[7m  [0m[7m  [0m[7m  [0m[49m  [0m[7m  [0m[49m  [0m[7m  [0m[7m  [0m[49m  [0m[49m  [0m[49m  [0m[7m  [0m[7m  [0m[49m  [0m[49m  [0m[49m  [0m[7m  [0m[49m  [0m[7m  [0m[7m  [0m[49m  [0m[7m  [0m[7m  [0m
[7m  [0m[49m  [0m[49m  [0m[49m  [0m[49m  [0m[49m  [0m[49m  [0m[49m  [0m[7m  [0m[49m  [0m[7m  [0m[49m  [0m[49m  [0m[49m  [0m[49m  [0m[7m  [0m[49m  [0m[49m  [0m[7m  [0m[7m  [0m[7m  [0m[49m  [0m[7m  [0m[49m  [0m[49m  [0m[49m  [0m[7m  [0m
[7m  [0m[7m  [0m[7m  [0m[7m  [0m[7m  [0m[7m  [0m[7m  [0m[7m  [0m[7m  [0m[7m  [0m[7m  [0m[7m  [0m[7m  [0m[7m  [0m[7m  [0m[7m  [0m[7m  [0m[7m  [0m[7m  [0m[7m  [0m[7m  [0m[7m  [0m[7m  [0m[7m  [0m[7m  [0m[7m  [0m[7m  [0m

c6ba23cc3b1e1d.lhr.life tunneled with tls termination, https://c6ba23cc3b1e1d.lhr.life
create an account and add your key for a longer lasting domain name. see https://localhost.run/docs/forever-free/ for more information.
Open your tunnel address on your mobile with this QR:

[7m  [0m[7m  [0m[7m  [0m[7m  [0m[7m  [0m[7m  [0m[7m  [0m[7m  [0m[7m  [0m[7m  [0m[7m  [0m[7m  [0m[7m  [0m[7m  [0m[7m  [0m[7m  [0m[7m  [0m[7m  [0m[7m  [0m[7m  [0m[7m  [0m[7m  [0m[7m  [0m[7m  [0m[7m  [0m[7m  [0m[7m  [0m
[7m  [0m[49m  [0m[49m  [0m[49m  [0m[49m  [0m[49m  [0m[49m  [0m[49m  [0m[7m  [0m[7m  [0m[7m  [0m[49m  [0m[7m  [0m[7m  [0m[49m  [0m[7m  [0m[7m  [0m[49m  [0m[7m  [0m[49m  [0m[49m  [0m[49m  [0m[49m  [0m[49m  [0m[49m  [0m[49m  [0m[7m  [0m
[7m  [0m[49m  [0m[7m  [0m[7m  [0m[7m  [0m[7m  [0m[7m  [0m[49m  [0m[7m  [0m[49m  [0m[49m  [0m[49m  [0m[7m  [0m[7m  [0m[7m  [0m[7m  [0m[49m  [0m[7m  [0m[7m  [0m[49m  [0m[7m  [0m[7m  [0m[7m  [0m[7m  [0m[7m  [0m[49m  [0m[7m  [0m
[7m  [0m[49m  [0m[7m  [0m[49m  [0m[49m  [0m[49m  [0m[7m  [0m[49m  [0m[7m  [0m[49m  [0m[7m  [0m[7m  [0m[7m  [0m[7m  [0m[49m  [0m[7m  [0m[49m  [0m[49m  [0m[7m  [0m[49m  [0m[7m  [0m[49m  [0m[49m  [0m[49m  [0m[7m  [0m[49m  [0m[7m  [0m
[7m  [0m[49m  [0m[7m  [0m[49m  [0m[49m  [0m[49m  [0m[7m  [0m[49m  [0m[7m  [0m[7m  [0m[49m  [0m[7m  [0m[7m  [0m[49m  [0m[7m  [0m[49m  [0m[7m  [0m[49m  [0m[7m  [0m[49m  [0m[7m  [0m[49m  [0m[49m  [0m[49m  [0m[7m  [0m[49m  [0m[7m  [0m
[7m  [0m[49m  [0m[7m  [0m[49m  [0m[49m  [0m[49m  [0m[7m  [0m[49m  [0m[7m  [0m[49m  [0m[49m  [0m[49m  [0m[7m  [0m[49m  [0m[7m  [0m[49m  [0m[49m  [0m[7m  [0m[7m  [0m[49m  [0m[7m  [0m[49m  [0m[49m  [0m[49m  [0m[7m  [0m[49m  [0m[7m  [0m
[7m  [0m[49m  [0m[7m  [0m[7m  [0m[7m  [0m[7m  [0m[7m  [0m[49m  [0m[7m  [0m[49m  [0m[7m  [0m[49m  [0m[7m  [0m[49m  [0m[7m  [0m[7m  [0m[7m  [0m[49m  [0m[7m  [0m[49m  [0m[7m  [0m[7m  [0m[7m  [0m[7m  [0m[7m  [0m[49m  [0m[7m  [0m
[7m  [0m[49m  [0m[49m  [0m[49m  [0m[49m  [0m[49m  [0m[49m  [0m[49m  [0m[7m  [0m[49m  [0m[7m  [0m[49m  [0m[7m  [0m[49m  [0m[7m  [0m[49m  [0m[7m  [0m[49m  [0m[7m  [0m[49m  [0m[49m  [0m[49m  [0m[49m  [0m[49m  [0m[49m  [0m[49m  [0m[7m  [0m
[7m  [0m[7m  [0m[7m  [0m[7m  [0m[7m  [0m[7m  [0m[7m  [0m[7m  [0m[7m  [0m[49m  [0m[7m  [0m[49m  [0m[49m  [0m[7m  [0m[49m  [0m[7m  [0m[7m  [0m[49m  [0m[7m  [0m[7m  [0m[7m  [0m[7m  [0m[7m  [0m[7m  [0m[7m  [0m[7m  [0m[7m  [0m
[7m  [0m[49m  [0m[49m  [0m[7m  [0m[49m  [0m[7m  [0m[7m  [0m[49m  [0m[49m  [0m[7m  [0m[7m  [0m[7m  [0m[49m  [0m[49m  [0m[49m  [0m[49m  [0m[49m  [0m[7m  [0m[7m  [0m[49m  [0m[49m  [0m[49m  [0m[7m  [0m[49m  [0m[49m  [0m[7m  [0m[7m  [0m
[7m  [0m[49m  [0m[7m  [0m[7m  [0m[7m  [0m[7m  [0m[49m  [0m[7m  [0m[7m  [0m[7m  [0m[49m  [0m[7m  [0m[49m  [0m[49m  [0m[7m  [0m[7m  [0m[7m  [0m[7m  [0m[7m  [0m[49m  [0m[7m  [0m[7m  [0m[7m  [0m[7m  [0m[49m  [0m[49m  [0m[7m  [0m
[7m  [0m[49m  [0m[7m  [0m[49m  [0m[7m  [0m[49m  [0m[49m  [0m[49m  [0m[7m  [0m[49m  [0m[7m  [0m[7m  [0m[49m  [0m[49m  [0m[49m  [0m[7m  [0m[49m  [0m[7m  [0m[49m  [0m[49m  [0m[7m  [0m[49m  [0m[49m  [0m[7m  [0m[49m  [0m[49m  [0m[7m  [0m
[7m  [0m[49m  [0m[49m  [0m[49m  [0m[7m  [0m[7m  [0m[49m  [0m[7m  [0m[49m  [0m[49m  [0m[49m  [0m[49m  [0m[49m  [0m[49m  [0m[7m  [0m[49m  [0m[7m  [0m[49m  [0m[49m  [0m[7m  [0m[49m  [0m[49m  [0m[7m  [0m[7m  [0m[7m  [0m[49m  [0m[7m  [0m
[7m  [0m[49m  [0m[7m  [0m[7m  [0m[7m  [0m[7m  [0m[49m  [0m[49m  [0m[7m  [0m[49m  [0m[7m  [0m[49m  [0m[49m  [0m[7m  [0m[49m  [0m[7m  [0m[49m  [0m[49m  [0m[7m  [0m[49m  [0m[7m  [0m[7m  [0m[7m  [0m[49m  [0m[7m  [0m[7m  [0m[7m  [0m
[7m  [0m[7m  [0m[49m  [0m[49m  [0m[7m  [0m[49m  [0m[7m  [0m[7m  [0m[49m  [0m[49m  [0m[7m  [0m[7m  [0m[49m  [0m[7m  [0m[7m  [0m[7m  [0m[49m  [0m[49m  [0m[7m  [0m[7m  [0m[7m  [0m[7m  [0m[7m  [0m[49m  [0m[49m  [0m[49m  [0m[7m  [0m
[7m  [0m[49m  [0m[7m  [0m[49m  [0m[7m  [0m[7m  [0m[7m  [0m[49m  [0m[49m  [0m[49m  [0m[7m  [0m[49m  [0m[49m  [0m[7m  [0m[7m  [0m[49m  [0m[7m  [0m[49m  [0m[7m  [0m[49m  [0m[49m  [0m[49m  [0m[7m  [0m[7m  [0m[49m  [0m[7m  [0m[7m  [0m
[7m  [0m[7m  [0m[49m  [0m[49m  [0m[49m  [0m[7m  [0m[49m  [0m[7m  [0m[7m  [0m[7m  [0m[7m  [0m[49m  [0m[49m  [0m[7m  [0m[7m  [0m[7m  [0m[7m  [0m[49m  [0m[49m  [0m[7m  [0m[7m  [0m[49m  [0m[49m  [0m[7m  [0m[7m  [0m[7m  [0m[7m  [0m
[7m  [0m[49m  [0m[49m  [0m[7m  [0m[49m  [0m[49m  [0m[49m  [0m[49m  [0m[49m  [0m[7m  [0m[49m  [0m[49m  [0m[7m  [0m[49m  [0m[7m  [0m[7m  [0m[7m  [0m[49m  [0m[49m  [0m[49m  [0m[49m  [0m[49m  [0m[49m  [0m[49m  [0m[7m  [0m[49m  [0m[7m  [0m
[7m  [0m[7m  [0m[7m  [0m[7m  [0m[7m  [0m[7m  [0m[7m  [0m[7m  [0m[7m  [0m[49m  [0m[7m  [0m[7m  [0m[7m  [0m[49m  [0m[49m  [0m[49m  [0m[7m  [0m[49m  [0m[7m  [0m[7m  [0m[7m  [0m[49m  [0m[7m  [0m[49m  [0m[49m  [0m[49m  [0m[7m  [0m
[7m  [0m[49m  [0m[49m  [0m[49m  [0m[49m  [0m[49m  [0m[49m  [0m[49m  [0m[7m  [0m[49m  [0m[49m  [0m[49m  [0m[49m  [0m[49m  [0m[7m  [0m[49m  [0m[49m  [0m[49m  [0m[7m  [0m[49m  [0m[7m  [0m[49m  [0m[49m  [0m[49m  [0m[7m  [0m[7m  [0m[7m  [0m
[7m  [0m[49m  [0m[7m  [0m[7m  [0m[7m  [0m[7m  [0m[7m  [0m[49m  [0m[7m  [0m[7m  [0m[49m  [0m[49m  [0m[7m  [0m[49m  [0m[7m  [0m[7m  [0m[7m  [0m[49m  [0m[7m  [0m[7m  [0m[7m  [0m[49m  [0m[7m  [0m[7m  [0m[7m  [0m[49m  [0m[7m  [0m
[7m  [0m[49m  [0m[7m  [0m[49m  [0m[49m  [0m[49m  [0m[7m  [0m[49m  [0m[7m  [0m[7m  [0m[7m  [0m[49m  [0m[7m  [0m[7m  [0m[7m  [0m[7m  [0m[7m  [0m[49m  [0m[49m  [0m[49m  [0m[49m  [0m[49m  [0m[49m  [0m[49m  [0m[7m  [0m[7m  [0m[7m  [0m
[7m  [0m[49m  [0m[7m  [0m[49m  [0m[49m  [0m[49m  [0m[7m  [0m[49m  [0m[7m  [0m[49m  [0m[7m  [0m[7m  [0m[49m  [0m[7m  [0m[7m  [0m[7m  [0m[49m  [0m[7m  [0m[49m  [0m[7m  [0m[7m  [0m[49m  [0m[49m  [0m[7m  [0m[49m  [0m[7m  [0m[7m  [0m
[7m  [0m[49m  [0m[7m  [0m[49m  [0m[49m  [0m[49m  [0m[7m  [0m[49m  [0m[7m  [0m[7m  [0m[7m  [0m[49m  [0m[7m  [0m[7m  [0m[7m  [0m[7m  [0m[7m  [0m[7m  [0m[7m  [0m[49m  [0m[49m  [0m[49m  [0m[7m  [0m[49m  [0m[7m  [0m[49m  [0m[7m  [0m
[7m  [0m[49m  [0m[7m  [0m[7m  [0m[7m  [0m[7m  [0m[7m  [0m[49m  [0m[7m  [0m[49m  [0m[7m  [0m[7m  [0m[7m  [0m[7m  [0m[7m  [0m[49m  [0m[49m  [0m[49m  [0m[7m  [0m[49m  [0m[49m  [0m[7m  [0m[49m  [0m[7m  [0m[7m  [0m[49m  [0m[7m  [0m
[7m  [0m[49m  [0m[49m  [0m[49m  [0m[49m  [0m[49m  [0m[49m  [0m[49m  [0m[7m  [0m[49m  [0m[7m  [0m[49m  [0m[7m  [0m[49m  [0m[7m  [0m[7m  [0m[7m  [0m[49m  [0m[49m  [0m[49m  [0m[7m  [0m[49m  [0m[7m  [0m[7m  [0m[7m  [0m[49m  [0m[7m  [0m
[7m  [0m[7m  [0m[7m  [0m[7m  [0m[7m  [0m[7m  [0m[7m  [0m[7m  [0m[7m  [0m[7m  [0m[7m  [0m[7m  [0m[7m  [0m[7m  [0m[7m  [0m[7m  [0m[7m  [0m[7m  [0m[7m  [0m[7m  [0m[7m  [0m[7m  [0m[7m  [0m[7m  [0m[7m  [0m[7m  [0m[7m  [0m

53fd63c462a8ab.lhr.life tunneled with tls termination, https://53fd63c462a8ab.lhr.life
create an account and add your key for a longer lasting domain name. see https://localhost.run/docs/forever-free/ for more information.
Open your tunnel address on your mobile with this QR:

[7m  [0m[7m  [0m[7m  [0m[7m  [0m[7m  [0m[7m  [0m[7m  [0m[7m  [0m[7m  [0m[7m  [0m[7m  [0m[7m  [0m[7m  [0m[7m  [0m[7m  [0m[7m  [0m[7m  [0m[7m  [0m[7m  [0m[7m  [0m[7m  [0m[7m  [0m[7m  [0m[7m  [0m[7m  [0m[7m  [0m[7m  [0m
[7m  [0m[49m  [0m[49m  [0m[49m  [0m[49m  [0m[49m  [0m[49m  [0m[49m  [0m[7m  [0m[49m  [0m[49m  [0m[7m  [0m[7m  [0m[7m  [0m[49m  [0m[49m  [0m[49m  [0m[7m  [0m[7m  [0m[49m  [0m[49m  [0m[49m  [0m[49m  [0m[49m  [0m[49m  [0m[49m  [0m[7m  [0m
[7m  [0m[49m  [0m[7m  [0m[7m  [0m[7m  [0m[7m  [0m[7m  [0m[49m  [0m[7m  [0m[7m  [0m[7m  [0m[7m  [0m[7m  [0m[7m  [0m[7m  [0m[49m  [0m[7m  [0m[49m  [0m[7m  [0m[49m  [0m[7m  [0m[7m  [0m[7m  [0m[7m  [0m[7m  [0m[49m  [0m[7m  [0m
[7m  [0m[49m  [0m[7m  [0m[49m  [0m[49m  [0m[49m  [0m[7m  [0m[49m  [0m[7m  [0m[49m  [0m[7m  [0m[7m  [0m[49m  [0m[49m  [0m[7m  [0m[7m  [0m[49m  [0m[49m  [0m[7m  [0m[49m  [0m[7m  [0m[49m  [0m[49m  [0m[49m  [0m[7m  [0m[49m  [0m[7m  [0m
[7m  [0m[49m  [0m[7m  [0m[49m  [0m[49m  [0m[49m  [0m[7m  [0m[49m  [0m[7m  [0m[49m  [0m[49m  [0m[7m  [0m[49m  [0m[7m  [0m[49m  [0m[49m  [0m[7m  [0m[49m  [0m[7m  [0m[49m  [0m[7m  [0m[49m  [0m[49m  [0m[49m  [0m[7m  [0m[49m  [0m[7m  [0m
[7m  [0m[49m  [0m[7m  [0m[49m  [0m[49m  [0m[49m  [0m[7m  [0m[49m  [0m[7m  [0m[49m  [0m[49m  [0m[49m  [0m[49m  [0m[7m  [0m[49m  [0m[49m  [0m[49m  [0m[7m  [0m[7m  [0m[49m  [0m[7m  [0m[49m  [0m[49m  [0m[49m  [0m[7m  [0m[49m  [0m[7m  [0m
[7m  [0m[49m  [0m[7m  [0m[7m  [0m[7m  [0m[7m  [0m[7m  [0m[49m  [0m[7m  [0m[7m  [0m[49m  [0m[7m  [0m[7m  [0m[49m  [0m[7m  [0m[49m  [0m[49m  [0m[7m  [0m[7m  [0m[49m  [0m[7m  [0m[7m  [0m[7m  [0m[7m  [0m[7m  [0m[49m  [0m[7m  [0m
[7m  [0m[49m  [0m[49m  [0m[49m  [0m[49m  [0m[49m  [0m[49m  [0m[49m  [0m[7m  [0m[49m  [0m[7m  [0m[49m  [0m[7m  [0m[49m  [0m[7m  [0m[49m  [0m[7m  [0m[49m  [0m[7m  [0m[49m  [0m[49m  [0m[49m  [0m[49m  [0m[49m  [0m[49m  [0m[49m  [0m[7m  [0m
[7m  [0m[7m  [0m[7m  [0m[7m  [0m[7m  [0m[7m  [0m[7m  [0m[7m  [0m[7m  [0m[7m  [0m[49m  [0m[7m  [0m[49m  [0m[7m  [0m[49m  [0m[49m  [0m[49m  [0m[7m  [0m[7m  [0m[7m  [0m[7m  [0m[7m  [0m[7m  [0m[7m  [0m[7m  [0m[7m  [0m[7m  [0m
[7m  [0m[49m  [0m[49m  [0m[49m  [0m[49m  [0m[7m  [0m[7m  [0m[49m  [0m[7m  [0m[49m  [0m[7m  [0m[7m  [0m[7m  [0m[7m  [0m[7m  [0m[49m  [0m[49m  [0m[7m  [0m[49m  [0m[7m  [0m[7m  [0m[49m  [0m[49m  [0m[49m  [0m[7m  [0m[49m  [0m[7m  [0m
[7m  [0m[49m  [0m[7m  [0m[7m  [0m[7m  [0m[49m  [0m[49m  [0m[7m  [0m[49m  [0m[49m  [0m[49m  [0m[7m  [0m[7m  [0m[7m  [0m[49m  [0m[7m  [0m[7m  [0m[49m  [0m[7m  [0m[49m  [0m[49m  [0m[7m  [0m[7m  [0m[7m  [0m[7m  [0m[7m  [0m[7m  [0m
[7m  [0m[7m  [0m[49m  [0m[49m  [0m[49m  [0m[49m  [0m[7m  [0m[49m  [0m[49m  [0m[7m  [0m[7m  [0m[7m  [0m[7m  [0m[7m  [0m[7m  [0m[7m  [0m[7m  [0m[49m  [0m[7m  [0m[7m  [0m[7m  [0m[49m  [0m[49m  [0m[7m  [0m[7m  [0m[7m  [0m[7m  [0m
[7m  [0m[49m  [0m[7m  [0m[7m  [0m[7m  [0m[49m  [0m[49m  [0m[7m  [0m[49m  [0m[49m  [0m[7m  [0m[7m  [0m[49m  [0m[49m  [0m[7m  [0m[7m  [0m[49m  [0m[49m  [0m[49m  [0m[7m  [0m[7m  [0m[7m  [0m[49m  [0m[49m  [0m[7m  [0m[49m  [0m[7m  [0m
[7m  [0m[49m  [0m[49m  [0m[7m  [0m[49m  [0m[49m  [0m[7m  [0m[49m  [0m[49m  [0m[7m  [0m[49m  [0m[7m  [0m[49m  [0m[7m  [0m[49m  [0m[49m  [0m[49m  [0m[49m  [0m[7m  [0m[49m  [0m[7m  [0m[7m  [0m[49m  [0m[7m  [0m[7m  [0m[7m  [0m[7m  [0m
[7m  [0m[7m  [0m[49m  [0m[7m  [0m[7m  [0m[49m  [0m[49m  [0m[7m  [0m[49m  [0m[49m  [0m[7m  [0m[49m  [0m[49m  [0m[7m  [0m[7m  [0m[49m  [0m[49m  [0m[49m  [0m[7m  [0m[7m  [0m[7m  [0m[49m  [0m[49m  [0m[7m  [0m[49m  [0m[49m  [0m[7m  [0m
[7m  [0m[7m  [0m[49m  [0m[7m  [0m[49m  [0m[7m  [0m[49m  [0m[49m  [0m[7m  [0m[7m  [0m[7m  [0m[49m  [0m[7m  [0m[49m  [0m[49m  [0m[49m  [0m[7m  [0m[49m  [0m[7m  [0m[7m  [0m[49m  [0m[49m  [0m[7m  [0m[7m  [0m[7m  [0m[49m  [0m[7m  [0m
[7m  [0m[49m  [0m[7m  [0m[49m  [0m[49m  [0m[49m  [0m[7m  [0m[7m  [0m[49m  [0m[49m  [0m[49m  [0m[7m  [0m[7m  [0m[49m  [0m[49m  [0m[7m  [0m[49m  [0m[49m  [0m[7m  [0m[49m  [0m[49m  [0m[7m  [0m[49m  [0m[7m  [0m[49m  [0m[49m  [0m[7m  [0m
[7m  [0m[7m  [0m[7m  [0m[7m  [0m[7m  [0m[49m  [0m[49m  [0m[49m  [0m[49m  [0m[7m  [0m[7m  [0m[49m  [0m[49m  [0m[7m  [0m[49m  [0m[7m  [0m[7m  [0m[49m  [0m[49m  [0m[49m  [0m[49m  [0m[49m  [0m[49m  [0m[49m  [0m[49m  [0m[7m  [0m[7m  [0m
[7m  [0m[7m  [0m[7m  [0m[7m  [0m[7m  [0m[7m  [0m[7m  [0m[7m  [0m[7m  [0m[49m  [0m[49m  [0m[49m  [0m[7m  [0m[49m  [0m[49m  [0m[7m  [0m[49m  [0m[49m  [0m[7m  [0m[7m  [0m[7m  [0m[49m  [0m[49m  [0m[7m  [0m[49m  [0m[49m  [0m[7m  [0m
[7m  [0m[49m  [0m[49m  [0m[49m  [0m[49m  [0m[49m  [0m[49m  [0m[49m  [0m[7m  [0m[7m  [0m[7m  [0m[7m  [0m[49m  [0m[49m  [0m[7m  [0m[7m  [0m[49m  [0m[49m  [0m[7m  [0m[49m  [0m[7m  [0m[49m  [0m[7m  [0m[7m  [0m[7m  [0m[7m  [0m[7m  [0m
[7m  [0m[49m  [0m[7m  [0m[7m  [0m[7m  [0m[7m  [0m[7m  [0m[49m  [0m[7m  [0m[7m  [0m[7m  [0m[7m  [0m[7m  [0m[49m  [0m[7m  [0m[49m  [0m[7m  [0m[49m  [0m[7m  [0m[7m  [0m[7m  [0m[49m  [0m[49m  [0m[49m  [0m[7m  [0m[49m  [0m[7m  [0m
[7m  [0m[49m  [0m[7m  [0m[49m  [0m[49m  [0m[49m  [0m[7m  [0m[49m  [0m[7m  [0m[7m  [0m[7m  [0m[49m  [0m[49m  [0m[49m  [0m[49m  [0m[7m  [0m[49m  [0m[49m  [0m[49m  [0m[49m  [0m[49m  [0m[49m  [0m[49m  [0m[49m  [0m[49m  [0m[49m  [0m[7m  [0m
[7m  [0m[49m  [0m[7m  [0m[49m  [0m[49m  [0m[49m  [0m[7m  [0m[49m  [0m[7m  [0m[49m  [0m[7m  [0m[49m  [0m[7m  [0m[49m  [0m[49m  [0m[7m  [0m[7m  [0m[49m  [0m[7m  [0m[49m  [0m[49m  [0m[7m  [0m[49m  [0m[7m  [0m[7m  [0m[49m  [0m[7m  [0m
[7m  [0m[49m  [0m[7m  [0m[49m  [0m[49m  [0m[49m  [0m[7m  [0m[49m  [0m[7m  [0m[49m  [0m[7m  [0m[7m  [0m[49m  [0m[49m  [0m[49m  [0m[7m  [0m[7m  [0m[7m  [0m[7m  [0m[7m  [0m[49m  [0m[49m  [0m[7m  [0m[7m  [0m[49m  [0m[7m  [0m[7m  [0m
[7m  [0m[49m  [0m[7m  [0m[7m  [0m[7m  [0m[7m  [0m[7m  [0m[49m  [0m[7m  [0m[49m  [0m[49m  [0m[49m  [0m[7m  [0m[7m  [0m[7m  [0m[7m  [0m[7m  [0m[49m  [0m[7m  [0m[7m  [0m[49m  [0m[7m  [0m[49m  [0m[7m  [0m[7m  [0m[49m  [0m[7m  [0m
[7m  [0m[49m  [0m[49m  [0m[49m  [0m[49m  [0m[49m  [0m[49m  [0m[49m  [0m[7m  [0m[49m  [0m[7m  [0m[49m  [0m[7m  [0m[49m  [0m[7m  [0m[49m  [0m[49m  [0m[7m  [0m[49m  [0m[49m  [0m[49m  [0m[7m  [0m[49m  [0m[49m  [0m[7m  [0m[49m  [0m[7m  [0m
[7m  [0m[7m  [0m[7m  [0m[7m  [0m[7m  [0m[7m  [0m[7m  [0m[7m  [0m[7m  [0m[7m  [0m[7m  [0m[7m  [0m[7m  [0m[7m  [0m[7m  [0m[7m  [0m[7m  [0m[7m  [0m[7m  [0m[7m  [0m[7m  [0m[7m  [0m[7m  [0m[7m  [0m[7m  [0m[7m  [0m[7m  [0m

6470a6743f89c2.lhr.life tunneled with tls termination, https://6470a6743f89c2.lhr.life
create an account and add your key for a longer lasting domain name. see https://localhost.run/docs/forever-free/ for more information.
Open your tunnel address on your mobile with this QR:

[7m  [0m[7m  [0m[7m  [0m[7m  [0m[7m  [0m[7m  [0m[7m  [0m[7m  [0m[7m  [0m[7m  [0m[7m  [0m[7m  [0m[7m  [0m[7m  [0m[7m  [0m[7m  [0m[7m  [0m[7m  [0m[7m  [0m[7m  [0m[7m  [0m[7m  [0m[7m  [0m[7m  [0m[7m  [0m[7m  [0m[7m  [0m
[7m  [0m[49m  [0m[49m  [0m[49m  [0m[49m  [0m[49m  [0m[49m  [0m[49m  [0m[7m  [0m[7m  [0m[7m  [0m[49m  [0m[7m  [0m[7m  [0m[49m  [0m[7m  [0m[7m  [0m[49m  [0m[7m  [0m[49m  [0m[49m  [0m[49m  [0m[49m  [0m[49m  [0m[49m  [0m[49m  [0m[7m  [0m
[7m  [0m[49m  [0m[7m  [0m[7m  [0m[7m  [0m[7m  [0m[7m  [0m[49m  [0m[7m  [0m[49m  [0m[49m  [0m[49m  [0m[7m  [0m[7m  [0m[7m  [0m[7m  [0m[49m  [0m[7m  [0m[7m  [0m[49m  [0m[7m  [0m[7m  [0m[7m  [0m[7m  [0m[7m  [0m[49m  [0m[7m  [0m
[7m  [0m[49m  [0m[7m  [0m[49m  [0m[49m  [0m[49m  [0m[7m  [0m[49m  [0m[7m  [0m[49m  [0m[7m  [0m[7m  [0m[7m  [0m[7m  [0m[49m  [0m[7m  [0m[49m  [0m[49m  [0m[7m  [0m[49m  [0m[7m  [0m[49m  [0m[49m  [0m[49m  [0m[7m  [0m[49m  [0m[7m  [0m
[7m  [0m[49m  [0m[7m  [0m[49m  [0m[49m  [0m[49m  [0m[7m  [0m[49m  [0m[7m  [0m[7m  [0m[49m  [0m[7m  [0m[7m  [0m[49m  [0m[7m  [0m[49m  [0m[7m  [0m[49m  [0m[7m  [0m[49m  [0m[7m  [0m[49m  [0m[49m  [0m[49m  [0m[7m  [0m[49m  [0m[7m  [0m
[7m  [0m[49m  [0m[7m  [0m[49m  [0m[49m  [0m[49m  [0m[7m  [0m[49m  [0m[7m  [0m[49m  [0m[49m  [0m[49m  [0m[7m  [0m[49m  [0m[7m  [0m[49m  [0m[49m  [0m[7m  [0m[7m  [0m[49m  [0m[7m  [0m[49m  [0m[49m  [0m[49m  [0m[7m  [0m[49m  [0m[7m  [0m
[7m  [0m[49m  [0m[7m  [0m[7m  [0m[7m  [0m[7m  [0m[7m  [0m[49m  [0m[7m  [0m[49m  [0m[7m  [0m[49m  [0m[7m  [0m[49m  [0m[7m  [0m[7m  [0m[7m  [0m[49m  [0m[7m  [0m[49m  [0m[7m  [0m[7m  [0m[7m  [0m[7m  [0m[7m  [0m[49m  [0m[7m  [0m
[7m  [0m[49m  [0m[49m  [0m[49m  [0m[49m  [0m[49m  [0m[49m  [0m[49m  [0m[7m  [0m[49m  [0m[7m  [0m[49m  [0m[7m  [0m[49m  [0m[7m  [0m[49m  [0m[7m  [0m[49m  [0m[7m  [0m[49m  [0m[49m  [0m[49m  [0m[49m  [0m[49m  [0m[49m  [0m[49m  [0m[7m  [0m
[7m  [0m[7m  [0m[7m  [0m[7m  [0m[7m  [0m[7m  [0m[7m  [0m[7m  [0m[7m  [0m[49m  [0m[7m  [0m[49m  [0m[49m  [0m[7m  [0m[49m  [0m[7m  [0m[7m  [0m[49m  [0m[7m  [0m[7m  [0m[7m  [0m[7m  [0m[7m  [0m[7m  [0m[7m  [0m[7m  [0m[7m  [0m
[7m  [0m[49m  [0m[49m  [0m[7m  [0m[49m  [0m[7m  [0m[7m  [0m[49m  [0m[49m  [0m[7m  [0m[7m  [0m[7m  [0m[49m  [0m[49m  [0m[49m  [0m[49m  [0m[49m  [0m[7m  [0m[7m  [0m[49m  [0m[49m  [0m[49m  [0m[7m  [0m[49m  [0m[49m  [0m[7m  [0m[7m  [0m
[7m  [0m[7m  [0m[7m  [0m[49m  [0m[49m  [0m[7m  [0m[7m  [0m[7m  [0m[49m  [0m[7m  [0m[49m  [0m[7m  [0m[49m  [0m[49m  [0m[7m  [0m[7m  [0m[7m  [0m[7m  [0m[49m  [0m[49m  [0m[49m  [0m[7m  [0m[7m  [0m[7m  [0m[49m  [0m[49m  [0m[7m  [0m
[7m  [0m[49m  [0m[7m  [0m[49m  [0m[7m  [0m[49m  [0m[7m  [0m[49m  [0m[7m  [0m[49m  [0m[7m  [0m[7m  [0m[49m  [0m[49m  [0m[49m  [0m[7m  [0m[49m  [0m[49m  [0m[7m  [0m[49m  [0m[7m  [0m[7m  [0m[49m  [0m[7m  [0m[49m  [0m[49m  [0m[7m  [0m
[7m  [0m[7m  [0m[49m  [0m[7m  [0m[7m  [0m[49m  [0m[49m  [0m[7m  [0m[7m  [0m[49m  [0m[49m  [0m[49m  [0m[49m  [0m[49m  [0m[7m  [0m[49m  [0m[7m  [0m[49m  [0m[7m  [0m[7m  [0m[7m  [0m[49m  [0m[7m  [0m[7m  [0m[7m  [0m[49m  [0m[7m  [0m
[7m  [0m[49m  [0m[7m  [0m[49m  [0m[7m  [0m[49m  [0m[49m  [0m[49m  [0m[7m  [0m[49m  [0m[7m  [0m[49m  [0m[49m  [0m[7m  [0m[49m  [0m[7m  [0m[7m  [0m[49m  [0m[7m  [0m[7m  [0m[7m  [0m[7m  [0m[7m  [0m[49m  [0m[7m  [0m[7m  [0m[7m  [0m
[7m  [0m[7m  [0m[7m  [0m[49m  [0m[7m  [0m[49m  [0m[7m  [0m[7m  [0m[7m  [0m[7m  [0m[49m  [0m[7m  [0m[49m  [0m[7m  [0m[7m  [0m[7m  [0m[49m  [0m[49m  [0m[7m  [0m[7m  [0m[49m  [0m[7m  [0m[7m  [0m[49m  [0m[49m  [0m[49m  [0m[7m  [0m
[7m  [0m[49m  [0m[7m  [0m[49m  [0m[49m  [0m[7m  [0m[7m  [0m[49m  [0m[49m  [0m[7m  [0m[49m  [0m[49m  [0m[49m  [0m[7m  [0m[7m  [0m[49m  [0m[49m  [0m[49m  [0m[7m  [0m[7m  [0m[49m  [0m[49m  [0m[7m  [0m[7m  [0m[49m  [0m[7m  [0m[7m  [0m
[7m  [0m[7m  [0m[49m  [0m[49m  [0m[49m  [0m[7m  [0m[7m  [0m[7m  [0m[49m  [0m[7m  [0m[49m  [0m[7m  [0m[49m  [0m[7m  [0m[7m  [0m[7m  [0m[7m  [0m[7m  [0m[7m  [0m[49m  [0m[7m  [0m[7m  [0m[49m  [0m[7m  [0m[7m  [0m[7m  [0m[7m  [0m
[7m  [0m[49m  [0m[49m  [0m[7m  [0m[7m  [0m[49m  [0m[7m  [0m[49m  [0m[7m  [0m[7m  [0m[7m  [0m[49m  [0m[7m  [0m[49m  [0m[7m  [0m[7m  [0m[7m  [0m[49m  [0m[49m  [0m[49m  [0m[49m  [0m[49m  [0m[49m  [0m[49m  [0m[7m  [0m[49m  [0m[7m  [0m
[7m  [0m[7m  [0m[7m  [0m[7m  [0m[7m  [0m[7m  [0m[7m  [0m[7m  [0m[7m  [0m[49m  [0m[7m  [0m[49m  [0m[7m  [0m[49m  [0m[49m  [0m[49m  [0m[49m  [0m[49m  [0m[7m  [0m[7m  [0m[7m  [0m[49m  [0m[7m  [0m[49m  [0m[49m  [0m[49m  [0m[7m  [0m
[7m  [0m[49m  [0m[49m  [0m[49m  [0m[49m  [0m[49m  [0m[49m  [0m[49m  [0m[7m  [0m[49m  [0m[7m  [0m[7m  [0m[49m  [0m[49m  [0m[7m  [0m[49m  [0m[49m  [0m[49m  [0m[7m  [0m[49m  [0m[7m  [0m[49m  [0m[49m  [0m[49m  [0m[7m  [0m[7m  [0m[7m  [0m
[7m  [0m[49m  [0m[7m  [0m[7m  [0m[7m  [0m[7m  [0m[7m  [0m[49m  [0m[7m  [0m[7m  [0m[49m  [0m[7m  [0m[7m  [0m[49m  [0m[7m  [0m[7m  [0m[7m  [0m[49m  [0m[7m  [0m[7m  [0m[7m  [0m[49m  [0m[7m  [0m[7m  [0m[7m  [0m[49m  [0m[7m  [0m
[7m  [0m[49m  [0m[7m  [0m[49m  [0m[49m  [0m[49m  [0m[7m  [0m[49m  [0m[7m  [0m[7m  [0m[49m  [0m[49m  [0m[7m  [0m[7m  [0m[7m  [0m[7m  [0m[49m  [0m[49m  [0m[49m  [0m[49m  [0m[49m  [0m[49m  [0m[49m  [0m[49m  [0m[7m  [0m[7m  [0m[7m  [0m
[7m  [0m[49m  [0m[7m  [0m[49m  [0m[49m  [0m[49m  [0m[7m  [0m[49m  [0m[7m  [0m[49m  [0m[49m  [0m[7m  [0m[49m  [0m[7m  [0m[7m  [0m[7m  [0m[49m  [0m[49m  [0m[49m  [0m[49m  [0m[49m  [0m[49m  [0m[49m  [0m[7m  [0m[49m  [0m[7m  [0m[7m  [0m
[7m  [0m[49m  [0m[7m  [0m[49m  [0m[49m  [0m[49m  [0m[7m  [0m[49m  [0m[7m  [0m[7m  [0m[49m  [0m[7m  [0m[7m  [0m[7m  [0m[7m  [0m[7m  [0m[7m  [0m[7m  [0m[7m  [0m[49m  [0m[49m  [0m[49m  [0m[49m  [0m[7m  [0m[7m  [0m[49m  [0m[7m  [0m
[7m  [0m[49m  [0m[7m  [0m[7m  [0m[7m  [0m[7m  [0m[7m  [0m[49m  [0m[7m  [0m[49m  [0m[49m  [0m[49m  [0m[7m  [0m[7m  [0m[7m  [0m[49m  [0m[49m  [0m[49m  [0m[7m  [0m[49m  [0m[49m  [0m[7m  [0m[49m  [0m[7m  [0m[7m  [0m[49m  [0m[7m  [0m
[7m  [0m[49m  [0m[49m  [0m[49m  [0m[49m  [0m[49m  [0m[49m  [0m[49m  [0m[7m  [0m[49m  [0m[49m  [0m[49m  [0m[7m  [0m[49m  [0m[7m  [0m[7m  [0m[49m  [0m[49m  [0m[49m  [0m[49m  [0m[7m  [0m[49m  [0m[49m  [0m[49m  [0m[7m  [0m[49m  [0m[7m  [0m
[7m  [0m[7m  [0m[7m  [0m[7m  [0m[7m  [0m[7m  [0m[7m  [0m[7m  [0m[7m  [0m[7m  [0m[7m  [0m[7m  [0m[7m  [0m[7m  [0m[7m  [0m[7m  [0m[7m  [0m[7m  [0m[7m  [0m[7m  [0m[7m  [0m[7m  [0m[7m  [0m[7m  [0m[7m  [0m[7m  [0m[7m  [0m

0e1eb09d898c72.lhr.life tunneled with tls termination, https://0e1eb09d898c72.lhr.life
create an account and add your key for a longer lasting domain name. see https://localhost.run/docs/forever-free/ for more information.
Open your tunnel address on your mobile with this QR:

[7m  [0m[7m  [0m[7m  [0m[7m  [0m[7m  [0m[7m  [0m[7m  [0m[7m  [0m[7m  [0m[7m  [0m[7m  [0m[7m  [0m[7m  [0m[7m  [0m[7m  [0m[7m  [0m[7m  [0m[7m  [0m[7m  [0m[7m  [0m[7m  [0m[7m  [0m[7m  [0m[7m  [0m[7m  [0m[7m  [0m[7m  [0m
[7m  [0m[49m  [0m[49m  [0m[49m  [0m[49m  [0m[49m  [0m[49m  [0m[49m  [0m[7m  [0m[49m  [0m[7m  [0m[7m  [0m[7m  [0m[7m  [0m[7m  [0m[7m  [0m[7m  [0m[7m  [0m[7m  [0m[49m  [0m[49m  [0m[49m  [0m[49m  [0m[49m  [0m[49m  [0m[49m  [0m[7m  [0m
[7m  [0m[49m  [0m[7m  [0m[7m  [0m[7m  [0m[7m  [0m[7m  [0m[49m  [0m[7m  [0m[49m  [0m[7m  [0m[7m  [0m[49m  [0m[49m  [0m[49m  [0m[49m  [0m[7m  [0m[49m  [0m[7m  [0m[49m  [0m[7m  [0m[7m  [0m[7m  [0m[7m  [0m[7m  [0m[49m  [0m[7m  [0m
[7m  [0m[49m  [0m[7m  [0m[49m  [0m[49m  [0m[49m  [0m[7m  [0m[49m  [0m[7m  [0m[49m  [0m[49m  [0m[7m  [0m[7m  [0m[49m  [0m[49m  [0m[7m  [0m[7m  [0m[49m  [0m[7m  [0m[49m  [0m[7m  [0m[49m  [0m[49m  [0m[49m  [0m[7m  [0m[49m  [0m[7m  [0m
[7m  [0m[49m  [0m[7m  [0m[49m  [0m[49m  [0m[49m  [0m[7m  [0m[49m  [0m[7m  [0m[49m  [0m[49m  [0m[49m  [0m[7m  [0m[49m  [0m[49m  [0m[49m  [0m[7m  [0m[7m  [0m[7m  [0m[49m  [0m[7m  [0m[49m  [0m[49m  [0m[49m  [0m[7m  [0m[49m  [0m[7m  [0m
[7m  [0m[49m  [0m[7m  [0m[49m  [0m[49m  [0m[49m  [0m[7m  [0m[49m  [0m[7m  [0m[7m  [0m[49m  [0m[49m  [0m[7m  [0m[49m  [0m[7m  [0m[49m  [0m[49m  [0m[7m  [0m[7m  [0m[49m  [0m[7m  [0m[49m  [0m[49m  [0m[49m  [0m[7m  [0m[49m  [0m[7m  [0m
[7m  [0m[49m  [0m[7m  [0m[7m  [0m[7m  [0m[7m  [0m[7m  [0m[49m  [0m[7m  [0m[49m  [0m[49m  [0m[49m  [0m[7m  [0m[7m  [0m[7m  [0m[7m  [0m[49m  [0m[49m  [0m[7m  [0m[49m  [0m[7m  [0m[7m  [0m[7m  [0m[7m  [0m[7m  [0m[49m  [0m[7m  [0m
[7m  [0m[49m  [0m[49m  [0m[49m  [0m[49m  [0m[49m  [0m[49m  [0m[49m  [0m[7m  [0m[49m  [0m[7m  [0m[49m  [0m[7m  [0m[49m  [0m[7m  [0m[49m  [0m[7m  [0m[49m  [0m[7m  [0m[49m  [0m[49m  [0m[49m  [0m[49m  [0m[49m  [0m[49m  [0m[49m  [0m[7m  [0m
[7m  [0m[7m  [0m[7m  [0m[7m  [0m[7m  [0m[7m  [0m[7m  [0m[7m  [0m[7m  [0m[7m  [0m[7m  [0m[49m  [0m[49m  [0m[7m  [0m[49m  [0m[7m  [0m[7m  [0m[49m  [0m[7m  [0m[7m  [0m[7m  [0m[7m  [0m[7m  [0m[7m  [0m[7m  [0m[7m  [0m[7m  [0m
[7m  [0m[49m  [0m[49m  [0m[7m  [0m[7m  [0m[49m  [0m[49m  [0m[49m  [0m[7m  [0m[7m  [0m[7m  [0m[49m  [0m[7m  [0m[49m  [0m[7m  [0m[7m  [0m[49m  [0m[49m  [0m[7m  [0m[7m  [0m[49m  [0m[7m  [0m[49m  [0m[49m  [0m[49m  [0m[49m  [0m[7m  [0m
[7m  [0m[49m  [0m[49m  [0m[49m  [0m[7m  [0m[49m  [0m[49m  [0m[7m  [0m[49m  [0m[7m  [0m[7m  [0m[7m  [0m[7m  [0m[7m  [0m[7m  [0m[49m  [0m[49m  [0m[49m  [0m[49m  [0m[7m  [0m[49m  [0m[7m  [0m[49m  [0m[7m  [0m[7m  [0m[7m  [0m[7m  [0m
[7m  [0m[7m  [0m[49m  [0m[7m  [0m[49m  [0m[7m  [0m[49m  [0m[49m  [0m[7m  [0m[7m  [0m[49m  [0m[49m  [0m[7m  [0m[7m  [0m[7m  [0m[49m  [0m[49m  [0m[7m  [0m[7m  [0m[49m  [0m[49m  [0m[49m  [0m[7m  [0m[49m  [0m[7m  [0m[7m  [0m[7m  [0m
[7m  [0m[7m  [0m[7m  [0m[7m  [0m[49m  [0m[49m  [0m[7m  [0m[7m  [0m[49m  [0m[49m  [0m[49m  [0m[7m  [0m[7m  [0m[49m  [0m[49m  [0m[7m  [0m[7m  [0m[7m  [0m[49m  [0m[7m  [0m[49m  [0m[7m  [0m[7m  [0m[49m  [0m[49m  [0m[49m  [0m[7m  [0m
[7m  [0m[49m  [0m[49m  [0m[49m  [0m[49m  [0m[7m  [0m[7m  [0m[49m  [0m[7m  [0m[49m  [0m[7m  [0m[7m  [0m[49m  [0m[7m  [0m[7m  [0m[7m  [0m[49m  [0m[7m  [0m[49m  [0m[7m  [0m[49m  [0m[7m  [0m[7m  [0m[7m  [0m[7m  [0m[7m  [0m[7m  [0m
[7m  [0m[49m  [0m[7m  [0m[49m  [0m[49m  [0m[49m  [0m[49m  [0m[7m  [0m[7m  [0m[49m  [0m[7m  [0m[49m  [0m[7m  [0m[49m  [0m[49m  [0m[49m  [0m[7m  [0m[49m  [0m[49m  [0m[49m  [0m[7m  [0m[49m  [0m[49m  [0m[7m  [0m[7m  [0m[7m  [0m[7m  [0m
[7m  [0m[7m  [0m[7m  [0m[7m  [0m[7m  [0m[7m  [0m[7m  [0m[49m  [0m[7m  [0m[7m  [0m[7m  [0m[7m  [0m[49m  [0m[49m  [0m[7m  [0m[49m  [0m[49m  [0m[49m  [0m[49m  [0m[7m  [0m[49m  [0m[49m  [0m[49m  [0m[7m  [0m[49m  [0m[49m  [0m[7m  [0m
[7m  [0m[7m  [0m[7m  [0m[49m  [0m[49m  [0m[49m  [0m[49m  [0m[7m  [0m[49m  [0m[7m  [0m[49m  [0m[7m  [0m[49m  [0m[7m  [0m[49m  [0m[7m  [0m[49m  [0m[49m  [0m[7m  [0m[7m  [0m[49m  [0m[7m  [0m[49m  [0m[49m  [0m[7m  [0m[7m  [0m[7m  [0m
[7m  [0m[49m  [0m[49m  [0m[7m  [0m[7m  [0m[7m  [0m[7m  [0m[49m  [0m[49m  [0m[7m  [0m[49m  [0m[7m  [0m[7m  [0m[49m  [0m[7m  [0m[7m  [0m[49m  [0m[49m  [0m[49m  [0m[49m  [0m[49m  [0m[49m  [0m[49m  [0m[49m  [0m[7m  [0m[49m  [0m[7m  [0m
[7m  [0m[7m  [0m[7m  [0m[7m  [0m[7m  [0m[7m  [0m[7m  [0m[7m  [0m[7m  [0m[49m  [0m[49m  [0m[49m  [0m[7m  [0m[7m  [0m[49m  [0m[49m  [0m[7m  [0m[49m  [0m[7m  [0m[7m  [0m[7m  [0m[49m  [0m[49m  [0m[49m  [0m[49m  [0m[7m  [0m[7m  [0m
[7m  [0m[49m  [0m[49m  [0m[49m  [0m[49m  [0m[49m  [0m[49m  [0m[49m  [0m[7m  [0m[7m  [0m[7m  [0m[49m  [0m[7m  [0m[7m  [0m[7m  [0m[7m  [0m[7m  [0m[49m  [0m[7m  [0m[49m  [0m[7m  [0m[49m  [0m[7m  [0m[49m  [0m[49m  [0m[49m  [0m[7m  [0m
[7m  [0m[49m  [0m[7m  [0m[7m  [0m[7m  [0m[7m  [0m[7m  [0m[49m  [0m[7m  [0m[49m  [0m[49m  [0m[7m  [0m[7m  [0m[49m  [0m[7m  [0m[7m  [0m[7m  [0m[49m  [0m[7m  [0m[7m  [0m[7m  [0m[49m  [0m[7m  [0m[7m  [0m[7m  [0m[49m  [0m[7m  [0m
[7m  [0m[49m  [0m[7m  [0m[49m  [0m[49m  [0m[49m  [0m[7m  [0m[49m  [0m[7m  [0m[49m  [0m[7m  [0m[49m  [0m[49m  [0m[7m  [0m[49m  [0m[49m  [0m[49m  [0m[49m  [0m[49m  [0m[49m  [0m[49m  [0m[49m  [0m[49m  [0m[7m  [0m[49m  [0m[7m  [0m[7m  [0m
[7m  [0m[49m  [0m[7m  [0m[49m  [0m[49m  [0m[49m  [0m[7m  [0m[49m  [0m[7m  [0m[7m  [0m[7m  [0m[49m  [0m[7m  [0m[49m  [0m[7m  [0m[49m  [0m[7m  [0m[49m  [0m[7m  [0m[49m  [0m[49m  [0m[49m  [0m[7m  [0m[7m  [0m[7m  [0m[49m  [0m[7m  [0m
[7m  [0m[49m  [0m[7m  [0m[49m  [0m[49m  [0m[49m  [0m[7m  [0m[49m  [0m[7m  [0m[7m  [0m[7m  [0m[49m  [0m[49m  [0m[49m  [0m[49m  [0m[49m  [0m[49m  [0m[49m  [0m[7m  [0m[7m  [0m[7m  [0m[7m  [0m[49m  [0m[49m  [0m[49m  [0m[7m  [0m[7m  [0m
[7m  [0m[49m  [0m[7m  [0m[7m  [0m[7m  [0m[7m  [0m[7m  [0m[49m  [0m[7m  [0m[49m  [0m[49m  [0m[49m  [0m[49m  [0m[7m  [0m[49m  [0m[7m  [0m[7m  [0m[49m  [0m[7m  [0m[7m  [0m[7m  [0m[49m  [0m[49m  [0m[49m  [0m[49m  [0m[49m  [0m[7m  [0m
[7m  [0m[49m  [0m[49m  [0m[49m  [0m[49m  [0m[49m  [0m[49m  [0m[49m  [0m[7m  [0m[49m  [0m[49m  [0m[7m  [0m[7m  [0m[49m  [0m[49m  [0m[7m  [0m[7m  [0m[7m  [0m[49m  [0m[7m  [0m[7m  [0m[7m  [0m[7m  [0m[7m  [0m[7m  [0m[49m  [0m[7m  [0m
[7m  [0m[7m  [0m[7m  [0m[7m  [0m[7m  [0m[7m  [0m[7m  [0m[7m  [0m[7m  [0m[7m  [0m[7m  [0m[7m  [0m[7m  [0m[7m  [0m[7m  [0m[7m  [0m[7m  [0m[7m  [0m[7m  [0m[7m  [0m[7m  [0m[7m  [0m[7m  [0m[7m  [0m[7m  [0m[7m  [0m[7m  [0m

7d75311dbc41ed.lhr.life tunneled with tls termination, https://7d75311dbc41ed.lhr.life
create an account and add your key for a longer lasting domain name. see https://localhost.run/docs/forever-free/ for more information.
Open your tunnel address on your mobile with this QR:

[7m  [0m[7m  [0m[7m  [0m[7m  [0m[7m  [0m[7m  [0m[7m  [0m[7m  [0m[7m  [0m[7m  [0m[7m  [0m[7m  [0m[7m  [0m[7m  [0m[7m  [0m[7m  [0m[7m  [0m[7m  [0m[7m  [0m[7m  [0m[7m  [0m[7m  [0m[7m  [0m[7m  [0m[7m  [0m[7m  [0m[7m  [0m
[7m  [0m[49m  [0m[49m  [0m[49m  [0m[49m  [0m[49m  [0m[49m  [0m[49m  [0m[7m  [0m[49m  [0m[7m  [0m[7m  [0m[7m  [0m[7m  [0m[7m  [0m[7m  [0m[7m  [0m[7m  [0m[7m  [0m[49m  [0m[49m  [0m[49m  [0m[49m  [0m[49m  [0m[49m  [0m[49m  [0m[7m  [0m
[7m  [0m[49m  [0m[7m  [0m[7m  [0m[7m  [0m[7m  [0m[7m  [0m[49m  [0m[7m  [0m[49m  [0m[7m  [0m[7m  [0m[49m  [0m[49m  [0m[49m  [0m[49m  [0m[7m  [0m[49m  [0m[7m  [0m[49m  [0m[7m  [0m[7m  [0m[7m  [0m[7m  [0m[7m  [0m[49m  [0m[7m  [0m
[7m  [0m[49m  [0m[7m  [0m[49m  [0m[49m  [0m[49m  [0m[7m  [0m[49m  [0m[7m  [0m[49m  [0m[49m  [0m[7m  [0m[7m  [0m[49m  [0m[49m  [0m[7m  [0m[7m  [0m[49m  [0m[7m  [0m[49m  [0m[7m  [0m[49m  [0m[49m  [0m[49m  [0m[7m  [0m[49m  [0m[7m  [0m
[7m  [0m[49m  [0m[7m  [0m[49m  [0m[49m  [0m[49m  [0m[7m  [0m[49m  [0m[7m  [0m[49m  [0m[49m  [0m[49m  [0m[7m  [0m[49m  [0m[49m  [0m[49m  [0m[7m  [0m[7m  [0m[7m  [0m[49m  [0m[7m  [0m[49m  [0m[49m  [0m[49m  [0m[7m  [0m[49m  [0m[7m  [0m
[7m  [0m[49m  [0m[7m  [0m[49m  [0m[49m  [0m[49m  [0m[7m  [0m[49m  [0m[7m  [0m[7m  [0m[49m  [0m[49m  [0m[7m  [0m[49m  [0m[7m  [0m[49m  [0m[49m  [0m[7m  [0m[7m  [0m[49m  [0m[7m  [0m[49m  [0m[49m  [0m[49m  [0m[7m  [0m[49m  [0m[7m  [0m
[7m  [0m[49m  [0m[7m  [0m[7m  [0m[7m  [0m[7m  [0m[7m  [0m[49m  [0m[7m  [0m[49m  [0m[49m  [0m[49m  [0m[7m  [0m[7m  [0m[7m  [0m[7m  [0m[49m  [0m[49m  [0m[7m  [0m[49m  [0m[7m  [0m[7m  [0m[7m  [0m[7m  [0m[7m  [0m[49m  [0m[7m  [0m
[7m  [0m[49m  [0m[49m  [0m[49m  [0m[49m  [0m[49m  [0m[49m  [0m[49m  [0m[7m  [0m[49m  [0m[7m  [0m[49m  [0m[7m  [0m[49m  [0m[7m  [0m[49m  [0m[7m  [0m[49m  [0m[7m  [0m[49m  [0m[49m  [0m[49m  [0m[49m  [0m[49m  [0m[49m  [0m[49m  [0m[7m  [0m
[7m  [0m[7m  [0m[7m  [0m[7m  [0m[7m  [0m[7m  [0m[7m  [0m[7m  [0m[7m  [0m[7m  [0m[7m  [0m[49m  [0m[49m  [0m[7m  [0m[49m  [0m[7m  [0m[7m  [0m[49m  [0m[7m  [0m[7m  [0m[7m  [0m[7m  [0m[7m  [0m[7m  [0m[7m  [0m[7m  [0m[7m  [0m
[7m  [0m[49m  [0m[49m  [0m[7m  [0m[7m  [0m[49m  [0m[49m  [0m[49m  [0m[7m  [0m[7m  [0m[7m  [0m[49m  [0m[7m  [0m[49m  [0m[7m  [0m[7m  [0m[49m  [0m[49m  [0m[7m  [0m[7m  [0m[49m  [0m[7m  [0m[49m  [0m[49m  [0m[49m  [0m[49m  [0m[7m  [0m
[7m  [0m[7m  [0m[7m  [0m[49m  [0m[7m  [0m[49m  [0m[49m  [0m[7m  [0m[49m  [0m[7m  [0m[7m  [0m[7m  [0m[7m  [0m[7m  [0m[7m  [0m[49m  [0m[49m  [0m[49m  [0m[7m  [0m[7m  [0m[49m  [0m[49m  [0m[49m  [0m[7m  [0m[7m  [0m[7m  [0m[7m  [0m
[7m  [0m[7m  [0m[49m  [0m[49m  [0m[7m  [0m[7m  [0m[7m  [0m[49m  [0m[7m  [0m[7m  [0m[49m  [0m[49m  [0m[7m  [0m[7m  [0m[7m  [0m[49m  [0m[7m  [0m[49m  [0m[49m  [0m[7m  [0m[7m  [0m[49m  [0m[7m  [0m[49m  [0m[7m  [0m[7m  [0m[7m  [0m
[7m  [0m[7m  [0m[7m  [0m[7m  [0m[7m  [0m[7m  [0m[49m  [0m[7m  [0m[7m  [0m[7m  [0m[49m  [0m[7m  [0m[7m  [0m[49m  [0m[49m  [0m[7m  [0m[49m  [0m[49m  [0m[49m  [0m[7m  [0m[7m  [0m[7m  [0m[7m  [0m[49m  [0m[49m  [0m[49m  [0m[7m  [0m
[7m  [0m[7m  [0m[49m  [0m[7m  [0m[49m  [0m[7m  [0m[49m  [0m[49m  [0m[7m  [0m[7m  [0m[7m  [0m[7m  [0m[49m  [0m[7m  [0m[7m  [0m[7m  [0m[7m  [0m[7m  [0m[7m  [0m[49m  [0m[49m  [0m[49m  [0m[7m  [0m[7m  [0m[7m  [0m[7m  [0m[7m  [0m
[7m  [0m[49m  [0m[49m  [0m[7m  [0m[7m  [0m[49m  [0m[49m  [0m[7m  [0m[7m  [0m[7m  [0m[49m  [0m[49m  [0m[7m  [0m[49m  [0m[49m  [0m[49m  [0m[49m  [0m[7m  [0m[49m  [0m[49m  [0m[49m  [0m[49m  [0m[49m  [0m[7m  [0m[7m  [0m[7m  [0m[7m  [0m
[7m  [0m[7m  [0m[7m  [0m[49m  [0m[7m  [0m[49m  [0m[7m  [0m[49m  [0m[7m  [0m[49m  [0m[49m  [0m[49m  [0m[49m  [0m[49m  [0m[7m  [0m[49m  [0m[7m  [0m[49m  [0m[7m  [0m[49m  [0m[7m  [0m[7m  [0m[49m  [0m[7m  [0m[49m  [0m[49m  [0m[7m  [0m
[7m  [0m[7m  [0m[7m  [0m[49m  [0m[7m  [0m[49m  [0m[7m  [0m[7m  [0m[7m  [0m[49m  [0m[49m  [0m[49m  [0m[49m  [0m[7m  [0m[49m  [0m[7m  [0m[7m  [0m[49m  [0m[7m  [0m[7m  [0m[7m  [0m[49m  [0m[49m  [0m[49m  [0m[7m  [0m[7m  [0m[7m  [0m
[7m  [0m[49m  [0m[49m  [0m[7m  [0m[49m  [0m[7m  [0m[7m  [0m[49m  [0m[49m  [0m[49m  [0m[7m  [0m[7m  [0m[7m  [0m[49m  [0m[7m  [0m[7m  [0m[49m  [0m[49m  [0m[49m  [0m[49m  [0m[49m  [0m[49m  [0m[49m  [0m[49m  [0m[7m  [0m[49m  [0m[7m  [0m
[7m  [0m[7m  [0m[7m  [0m[7m  [0m[7m  [0m[7m  [0m[7m  [0m[7m  [0m[7m  [0m[49m  [0m[49m  [0m[49m  [0m[7m  [0m[7m  [0m[49m  [0m[49m  [0m[7m  [0m[49m  [0m[7m  [0m[7m  [0m[7m  [0m[49m  [0m[49m  [0m[49m  [0m[49m  [0m[7m  [0m[7m  [0m
[7m  [0m[49m  [0m[49m  [0m[49m  [0m[49m  [0m[49m  [0m[49m  [0m[49m  [0m[7m  [0m[7m  [0m[49m  [0m[49m  [0m[7m  [0m[7m  [0m[7m  [0m[7m  [0m[7m  [0m[49m  [0m[7m  [0m[49m  [0m[7m  [0m[49m  [0m[7m  [0m[49m  [0m[49m  [0m[49m  [0m[7m  [0m
[7m  [0m[49m  [0m[7m  [0m[7m  [0m[7m  [0m[7m  [0m[7m  [0m[49m  [0m[7m  [0m[49m  [0m[7m  [0m[7m  [0m[7m  [0m[49m  [0m[7m  [0m[7m  [0m[7m  [0m[49m  [0m[7m  [0m[7m  [0m[7m  [0m[49m  [0m[7m  [0m[7m  [0m[7m  [0m[49m  [0m[7m  [0m
[7m  [0m[49m  [0m[7m  [0m[49m  [0m[49m  [0m[49m  [0m[7m  [0m[49m  [0m[7m  [0m[49m  [0m[7m  [0m[7m  [0m[49m  [0m[7m  [0m[49m  [0m[49m  [0m[7m  [0m[49m  [0m[49m  [0m[49m  [0m[49m  [0m[49m  [0m[49m  [0m[7m  [0m[49m  [0m[7m  [0m[7m  [0m
[7m  [0m[49m  [0m[7m  [0m[49m  [0m[49m  [0m[49m  [0m[7m  [0m[49m  [0m[7m  [0m[7m  [0m[7m  [0m[49m  [0m[7m  [0m[49m  [0m[7m  [0m[49m  [0m[49m  [0m[7m  [0m[7m  [0m[49m  [0m[49m  [0m[7m  [0m[7m  [0m[7m  [0m[7m  [0m[49m  [0m[7m  [0m
[7m  [0m[49m  [0m[7m  [0m[49m  [0m[49m  [0m[49m  [0m[7m  [0m[49m  [0m[7m  [0m[7m  [0m[7m  [0m[49m  [0m[49m  [0m[49m  [0m[49m  [0m[49m  [0m[49m  [0m[49m  [0m[7m  [0m[7m  [0m[7m  [0m[7m  [0m[7m  [0m[49m  [0m[49m  [0m[7m  [0m[7m  [0m
[7m  [0m[49m  [0m[7m  [0m[7m  [0m[7m  [0m[7m  [0m[7m  [0m[49m  [0m[7m  [0m[49m  [0m[49m  [0m[49m  [0m[49m  [0m[7m  [0m[49m  [0m[7m  [0m[7m  [0m[7m  [0m[7m  [0m[49m  [0m[7m  [0m[7m  [0m[7m  [0m[49m  [0m[49m  [0m[49m  [0m[7m  [0m
[7m  [0m[49m  [0m[49m  [0m[49m  [0m[49m  [0m[49m  [0m[49m  [0m[49m  [0m[7m  [0m[49m  [0m[7m  [0m[7m  [0m[7m  [0m[49m  [0m[49m  [0m[7m  [0m[7m  [0m[49m  [0m[49m  [0m[7m  [0m[49m  [0m[7m  [0m[7m  [0m[7m  [0m[7m  [0m[49m  [0m[7m  [0m
[7m  [0m[7m  [0m[7m  [0m[7m  [0m[7m  [0m[7m  [0m[7m  [0m[7m  [0m[7m  [0m[7m  [0m[7m  [0m[7m  [0m[7m  [0m[7m  [0m[7m  [0m[7m  [0m[7m  [0m[7m  [0m[7m  [0m[7m  [0m[7m  [0m[7m  [0m[7m  [0m[7m  [0m[7m  [0m[7m  [0m[7m  [0m

Received disconnect from 54.161.197.247 port 22:12: ListenAddressT(host='7d75311dbc41ed.lhr.life', port=80)
Disconnected from 54.161.197.247 port 22
Pseudo-terminal will not be allocated because stdin is not a terminal.

===============================================================================
Welcome to localhost.run!

Follow your favourite reverse tunnel at [https://twitter.com/localhost_run].

To set up and manage custom domains go to https://admin.localhost.run/

More details on custom domains (and how to enable subdomains of your custom
domain) at https://localhost.run/docs/custom-domains

If you get a permission denied error check the faq for how to connect with a key or
create a free tunnel without a key at [http://localhost:3000/docs/faq#generating-an-ssh-key].

To explore using localhost.run visit the documentation site:
https://localhost.run/docs/

===============================================================================

** your connection id is ed142858-f0f9-451a-b383-5dbfad5c9b71, please mention it if you send me a message about an issue. **

authenticated as anonymous user
8cae01d7079d17.lhr.life tunneled with tls termination, https://8cae01d7079d17.lhr.life
create an account and add your key for a longer lasting domain name. see https://localhost.run/docs/forever-free/ for more information.
Open your tunnel address on your mobile with this QR:

[7m  [0m[7m  [0m[7m  [0m[7m  [0m[7m  [0m[7m  [0m[7m  [0m[7m  [0m[7m  [0m[7m  [0m[7m  [0m[7m  [0m[7m  [0m[7m  [0m[7m  [0m[7m  [0m[7m  [0m[7m  [0m[7m  [0m[7m  [0m[7m  [0m[7m  [0m[7m  [0m[7m  [0m[7m  [0m[7m  [0m[7m  [0m
[7m  [0m[49m  [0m[49m  [0m[49m  [0m[49m  [0m[49m  [0m[49m  [0m[49m  [0m[7m  [0m[7m  [0m[7m  [0m[49m  [0m[7m  [0m[7m  [0m[49m  [0m[7m  [0m[7m  [0m[49m  [0m[7m  [0m[49m  [0m[49m  [0m[49m  [0m[49m  [0m[49m  [0m[49m  [0m[49m  [0m[7m  [0m
[7m  [0m[49m  [0m[7m  [0m[7m  [0m[7m  [0m[7m  [0m[7m  [0m[49m  [0m[7m  [0m[7m  [0m[49m  [0m[7m  [0m[7m  [0m[7m  [0m[49m  [0m[7m  [0m[49m  [0m[49m  [0m[7m  [0m[49m  [0m[7m  [0m[7m  [0m[7m  [0m[7m  [0m[7m  [0m[49m  [0m[7m  [0m
[7m  [0m[49m  [0m[7m  [0m[49m  [0m[49m  [0m[49m  [0m[7m  [0m[49m  [0m[7m  [0m[49m  [0m[7m  [0m[7m  [0m[49m  [0m[7m  [0m[49m  [0m[49m  [0m[49m  [0m[49m  [0m[7m  [0m[49m  [0m[7m  [0m[49m  [0m[49m  [0m[49m  [0m[7m  [0m[49m  [0m[7m  [0m
[7m  [0m[49m  [0m[7m  [0m[49m  [0m[49m  [0m[49m  [0m[7m  [0m[49m  [0m[7m  [0m[7m  [0m[49m  [0m[7m  [0m[7m  [0m[49m  [0m[7m  [0m[49m  [0m[7m  [0m[49m  [0m[7m  [0m[49m  [0m[7m  [0m[49m  [0m[49m  [0m[49m  [0m[7m  [0m[49m  [0m[7m  [0m
[7m  [0m[49m  [0m[7m  [0m[49m  [0m[49m  [0m[49m  [0m[7m  [0m[49m  [0m[7m  [0m[7m  [0m[49m  [0m[7m  [0m[7m  [0m[49m  [0m[49m  [0m[49m  [0m[49m  [0m[49m  [0m[7m  [0m[49m  [0m[7m  [0m[49m  [0m[49m  [0m[49m  [0m[7m  [0m[49m  [0m[7m  [0m
[7m  [0m[49m  [0m[7m  [0m[7m  [0m[7m  [0m[7m  [0m[7m  [0m[49m  [0m[7m  [0m[7m  [0m[7m  [0m[49m  [0m[49m  [0m[49m  [0m[7m  [0m[49m  [0m[7m  [0m[49m  [0m[7m  [0m[49m  [0m[7m  [0m[7m  [0m[7m  [0m[7m  [0m[7m  [0m[49m  [0m[7m  [0m
[7m  [0m[49m  [0m[49m  [0m[49m  [0m[49m  [0m[49m  [0m[49m  [0m[49m  [0m[7m  [0m[49m  [0m[7m  [0m[49m  [0m[7m  [0m[49m  [0m[7m  [0m[49m  [0m[7m  [0m[49m  [0m[7m  [0m[49m  [0m[49m  [0m[49m  [0m[49m  [0m[49m  [0m[49m  [0m[49m  [0m[7m  [0m
[7m  [0m[7m  [0m[7m  [0m[7m  [0m[7m  [0m[7m  [0m[7m  [0m[7m  [0m[7m  [0m[49m  [0m[7m  [0m[7m  [0m[49m  [0m[7m  [0m[7m  [0m[7m  [0m[7m  [0m[7m  [0m[7m  [0m[7m  [0m[7m  [0m[7m  [0m[7m  [0m[7m  [0m[7m  [0m[7m  [0m[7m  [0m
[7m  [0m[49m  [0m[49m  [0m[49m  [0m[7m  [0m[49m  [0m[49m  [0m[49m  [0m[49m  [0m[49m  [0m[7m  [0m[7m  [0m[7m  [0m[49m  [0m[49m  [0m[7m  [0m[49m  [0m[7m  [0m[49m  [0m[49m  [0m[7m  [0m[7m  [0m[7m  [0m[49m  [0m[7m  [0m[7m  [0m[7m  [0m
[7m  [0m[49m  [0m[49m  [0m[7m  [0m[49m  [0m[7m  [0m[49m  [0m[7m  [0m[7m  [0m[7m  [0m[49m  [0m[7m  [0m[49m  [0m[49m  [0m[7m  [0m[7m  [0m[7m  [0m[7m  [0m[49m  [0m[7m  [0m[49m  [0m[7m  [0m[7m  [0m[7m  [0m[49m  [0m[49m  [0m[7m  [0m
[7m  [0m[49m  [0m[49m  [0m[49m  [0m[49m  [0m[49m  [0m[7m  [0m[49m  [0m[7m  [0m[7m  [0m[7m  [0m[49m  [0m[49m  [0m[49m  [0m[7m  [0m[7m  [0m[7m  [0m[7m  [0m[49m  [0m[49m  [0m[7m  [0m[49m  [0m[49m  [0m[49m  [0m[49m  [0m[49m  [0m[7m  [0m
[7m  [0m[7m  [0m[49m  [0m[7m  [0m[49m  [0m[49m  [0m[49m  [0m[7m  [0m[7m  [0m[7m  [0m[49m  [0m[49m  [0m[7m  [0m[49m  [0m[7m  [0m[7m  [0m[49m  [0m[49m  [0m[7m  [0m[7m  [0m[49m  [0m[7m  [0m[7m  [0m[7m  [0m[49m  [0m[49m  [0m[7m  [0m
[7m  [0m[7m  [0m[7m  [0m[49m  [0m[49m  [0m[49m  [0m[49m  [0m[49m  [0m[7m  [0m[49m  [0m[7m  [0m[49m  [0m[49m  [0m[7m  [0m[49m  [0m[7m  [0m[49m  [0m[49m  [0m[7m  [0m[49m  [0m[7m  [0m[49m  [0m[7m  [0m[49m  [0m[7m  [0m[7m  [0m[7m  [0m
[7m  [0m[7m  [0m[7m  [0m[49m  [0m[49m  [0m[49m  [0m[49m  [0m[7m  [0m[49m  [0m[7m  [0m[49m  [0m[49m  [0m[49m  [0m[7m  [0m[49m  [0m[7m  [0m[49m  [0m[7m  [0m[49m  [0m[49m  [0m[49m  [0m[7m  [0m[7m  [0m[7m  [0m[49m  [0m[49m  [0m[7m  [0m
[7m  [0m[49m  [0m[7m  [0m[49m  [0m[7m  [0m[7m  [0m[49m  [0m[49m  [0m[49m  [0m[7m  [0m[49m  [0m[7m  [0m[7m  [0m[7m  [0m[7m  [0m[7m  [0m[7m  [0m[49m  [0m[7m  [0m[7m  [0m[7m  [0m[7m  [0m[7m  [0m[7m  [0m[7m  [0m[7m  [0m[7m  [0m
[7m  [0m[7m  [0m[49m  [0m[49m  [0m[49m  [0m[7m  [0m[49m  [0m[7m  [0m[7m  [0m[49m  [0m[7m  [0m[49m  [0m[49m  [0m[7m  [0m[7m  [0m[7m  [0m[49m  [0m[49m  [0m[49m  [0m[7m  [0m[49m  [0m[49m  [0m[49m  [0m[7m  [0m[7m  [0m[7m  [0m[7m  [0m
[7m  [0m[49m  [0m[7m  [0m[7m  [0m[7m  [0m[49m  [0m[49m  [0m[49m  [0m[49m  [0m[7m  [0m[7m  [0m[7m  [0m[7m  [0m[49m  [0m[49m  [0m[7m  [0m[7m  [0m[49m  [0m[49m  [0m[49m  [0m[49m  [0m[49m  [0m[49m  [0m[7m  [0m[7m  [0m[49m  [0m[7m  [0m
[7m  [0m[7m  [0m[7m  [0m[7m  [0m[7m  [0m[7m  [0m[7m  [0m[7m  [0m[7m  [0m[49m  [0m[7m  [0m[49m  [0m[49m  [0m[49m  [0m[49m  [0m[7m  [0m[49m  [0m[49m  [0m[7m  [0m[7m  [0m[7m  [0m[49m  [0m[7m  [0m[49m  [0m[7m  [0m[49m  [0m[7m  [0m
[7m  [0m[49m  [0m[49m  [0m[49m  [0m[49m  [0m[49m  [0m[49m  [0m[49m  [0m[7m  [0m[49m  [0m[49m  [0m[7m  [0m[49m  [0m[49m  [0m[7m  [0m[49m  [0m[7m  [0m[49m  [0m[7m  [0m[49m  [0m[7m  [0m[49m  [0m[49m  [0m[49m  [0m[7m  [0m[7m  [0m[7m  [0m
[7m  [0m[49m  [0m[7m  [0m[7m  [0m[7m  [0m[7m  [0m[7m  [0m[49m  [0m[7m  [0m[49m  [0m[7m  [0m[7m  [0m[7m  [0m[49m  [0m[49m  [0m[7m  [0m[7m  [0m[49m  [0m[7m  [0m[7m  [0m[7m  [0m[49m  [0m[7m  [0m[49m  [0m[7m  [0m[49m  [0m[7m  [0m
[7m  [0m[49m  [0m[7m  [0m[49m  [0m[49m  [0m[49m  [0m[7m  [0m[49m  [0m[7m  [0m[49m  [0m[49m  [0m[7m  [0m[49m  [0m[7m  [0m[7m  [0m[49m  [0m[7m  [0m[49m  [0m[49m  [0m[49m  [0m[49m  [0m[49m  [0m[49m  [0m[49m  [0m[49m  [0m[7m  [0m[7m  [0m
[7m  [0m[49m  [0m[7m  [0m[49m  [0m[49m  [0m[49m  [0m[7m  [0m[49m  [0m[7m  [0m[7m  [0m[7m  [0m[7m  [0m[49m  [0m[7m  [0m[7m  [0m[7m  [0m[7m  [0m[49m  [0m[49m  [0m[7m  [0m[7m  [0m[49m  [0m[49m  [0m[7m  [0m[49m  [0m[7m  [0m[7m  [0m
[7m  [0m[49m  [0m[7m  [0m[49m  [0m[49m  [0m[49m  [0m[7m  [0m[49m  [0m[7m  [0m[49m  [0m[7m  [0m[7m  [0m[7m  [0m[7m  [0m[49m  [0m[7m  [0m[7m  [0m[49m  [0m[7m  [0m[49m  [0m[7m  [0m[49m  [0m[49m  [0m[49m  [0m[7m  [0m[49m  [0m[7m  [0m
[7m  [0m[49m  [0m[7m  [0m[7m  [0m[7m  [0m[7m  [0m[7m  [0m[49m  [0m[7m  [0m[49m  [0m[7m  [0m[49m  [0m[49m  [0m[7m  [0m[7m  [0m[7m  [0m[7m  [0m[49m  [0m[49m  [0m[7m  [0m[49m  [0m[7m  [0m[7m  [0m[7m  [0m[49m  [0m[49m  [0m[7m  [0m
[7m  [0m[49m  [0m[49m  [0m[49m  [0m[49m  [0m[49m  [0m[49m  [0m[49m  [0m[7m  [0m[49m  [0m[7m  [0m[7m  [0m[7m  [0m[49m  [0m[7m  [0m[7m  [0m[49m  [0m[49m  [0m[7m  [0m[49m  [0m[49m  [0m[49m  [0m[49m  [0m[7m  [0m[7m  [0m[49m  [0m[7m  [0m
[7m  [0m[7m  [0m[7m  [0m[7m  [0m[7m  [0m[7m  [0m[7m  [0m[7m  [0m[7m  [0m[7m  [0m[7m  [0m[7m  [0m[7m  [0m[7m  [0m[7m  [0m[7m  [0m[7m  [0m[7m  [0m[7m  [0m[7m  [0m[7m  [0m[7m  [0m[7m  [0m[7m  [0m[7m  [0m[7m  [0m[7m  [0m

06c3b611211546.lhr.life tunneled with tls termination, https://06c3b611211546.lhr.life
create an account and add your key for a longer lasting domain name. see https://localhost.run/docs/forever-free/ for more information.
Open your tunnel address on your mobile with this QR:

[7m  [0m[7m  [0m[7m  [0m[7m  [0m[7m  [0m[7m  [0m[7m  [0m[7m  [0m[7m  [0m[7m  [0m[7m  [0m[7m  [0m[7m  [0m[7m  [0m[7m  [0m[7m  [0m[7m  [0m[7m  [0m[7m  [0m[7m  [0m[7m  [0m[7m  [0m[7m  [0m[7m  [0m[7m  [0m[7m  [0m[7m  [0m
[7m  [0m[49m  [0m[49m  [0m[49m  [0m[49m  [0m[49m  [0m[49m  [0m[49m  [0m[7m  [0m[7m  [0m[7m  [0m[49m  [0m[7m  [0m[7m  [0m[49m  [0m[7m  [0m[7m  [0m[49m  [0m[7m  [0m[49m  [0m[49m  [0m[49m  [0m[49m  [0m[49m  [0m[49m  [0m[49m  [0m[7m  [0m
[7m  [0m[49m  [0m[7m  [0m[7m  [0m[7m  [0m[7m  [0m[7m  [0m[49m  [0m[7m  [0m[7m  [0m[49m  [0m[7m  [0m[7m  [0m[7m  [0m[49m  [0m[7m  [0m[49m  [0m[49m  [0m[7m  [0m[49m  [0m[7m  [0m[7m  [0m[7m  [0m[7m  [0m[7m  [0m[49m  [0m[7m  [0m
[7m  [0m[49m  [0m[7m  [0m[49m  [0m[49m  [0m[49m  [0m[7m  [0m[49m  [0m[7m  [0m[49m  [0m[7m  [0m[7m  [0m[49m  [0m[7m  [0m[49m  [0m[49m  [0m[49m  [0m[49m  [0m[7m  [0m[49m  [0m[7m  [0m[49m  [0m[49m  [0m[49m  [0m[7m  [0m[49m  [0m[7m  [0m
[7m  [0m[49m  [0m[7m  [0m[49m  [0m[49m  [0m[49m  [0m[7m  [0m[49m  [0m[7m  [0m[7m  [0m[49m  [0m[7m  [0m[7m  [0m[49m  [0m[7m  [0m[49m  [0m[7m  [0m[49m  [0m[7m  [0m[49m  [0m[7m  [0m[49m  [0m[49m  [0m[49m  [0m[7m  [0m[49m  [0m[7m  [0m
[7m  [0m[49m  [0m[7m  [0m[49m  [0m[49m  [0m[49m  [0m[7m  [0m[49m  [0m[7m  [0m[7m  [0m[49m  [0m[7m  [0m[7m  [0m[49m  [0m[49m  [0m[49m  [0m[49m  [0m[49m  [0m[7m  [0m[49m  [0m[7m  [0m[49m  [0m[49m  [0m[49m  [0m[7m  [0m[49m  [0m[7m  [0m
[7m  [0m[49m  [0m[7m  [0m[7m  [0m[7m  [0m[7m  [0m[7m  [0m[49m  [0m[7m  [0m[7m  [0m[7m  [0m[49m  [0m[49m  [0m[49m  [0m[7m  [0m[49m  [0m[7m  [0m[49m  [0m[7m  [0m[49m  [0m[7m  [0m[7m  [0m[7m  [0m[7m  [0m[7m  [0m[49m  [0m[7m  [0m
[7m  [0m[49m  [0m[49m  [0m[49m  [0m[49m  [0m[49m  [0m[49m  [0m[49m  [0m[7m  [0m[49m  [0m[7m  [0m[49m  [0m[7m  [0m[49m  [0m[7m  [0m[49m  [0m[7m  [0m[49m  [0m[7m  [0m[49m  [0m[49m  [0m[49m  [0m[49m  [0m[49m  [0m[49m  [0m[49m  [0m[7m  [0m
[7m  [0m[7m  [0m[7m  [0m[7m  [0m[7m  [0m[7m  [0m[7m  [0m[7m  [0m[7m  [0m[49m  [0m[7m  [0m[7m  [0m[49m  [0m[7m  [0m[7m  [0m[7m  [0m[7m  [0m[7m  [0m[7m  [0m[7m  [0m[7m  [0m[7m  [0m[7m  [0m[7m  [0m[7m  [0m[7m  [0m[7m  [0m
[7m  [0m[49m  [0m[49m  [0m[49m  [0m[7m  [0m[49m  [0m[49m  [0m[49m  [0m[49m  [0m[49m  [0m[7m  [0m[7m  [0m[7m  [0m[49m  [0m[49m  [0m[7m  [0m[49m  [0m[7m  [0m[49m  [0m[49m  [0m[7m  [0m[7m  [0m[7m  [0m[49m  [0m[7m  [0m[7m  [0m[7m  [0m
[7m  [0m[49m  [0m[49m  [0m[49m  [0m[7m  [0m[7m  [0m[7m  [0m[7m  [0m[7m  [0m[49m  [0m[49m  [0m[7m  [0m[49m  [0m[49m  [0m[7m  [0m[7m  [0m[7m  [0m[7m  [0m[7m  [0m[7m  [0m[7m  [0m[49m  [0m[7m  [0m[7m  [0m[49m  [0m[49m  [0m[7m  [0m
[7m  [0m[49m  [0m[7m  [0m[49m  [0m[49m  [0m[49m  [0m[49m  [0m[49m  [0m[7m  [0m[7m  [0m[7m  [0m[49m  [0m[49m  [0m[49m  [0m[7m  [0m[7m  [0m[49m  [0m[49m  [0m[49m  [0m[49m  [0m[49m  [0m[7m  [0m[49m  [0m[49m  [0m[49m  [0m[49m  [0m[7m  [0m
[7m  [0m[7m  [0m[49m  [0m[49m  [0m[7m  [0m[49m  [0m[7m  [0m[7m  [0m[7m  [0m[49m  [0m[49m  [0m[49m  [0m[7m  [0m[49m  [0m[7m  [0m[7m  [0m[7m  [0m[49m  [0m[49m  [0m[7m  [0m[7m  [0m[7m  [0m[7m  [0m[7m  [0m[49m  [0m[49m  [0m[7m  [0m
[7m  [0m[49m  [0m[49m  [0m[7m  [0m[7m  [0m[7m  [0m[49m  [0m[49m  [0m[7m  [0m[49m  [0m[7m  [0m[49m  [0m[49m  [0m[7m  [0m[49m  [0m[7m  [0m[49m  [0m[49m  [0m[7m  [0m[49m  [0m[7m  [0m[7m  [0m[7m  [0m[49m  [0m[7m  [0m[7m  [0m[7m  [0m
[7m  [0m[7m  [0m[7m  [0m[7m  [0m[7m  [0m[49m  [0m[7m  [0m[7m  [0m[7m  [0m[7m  [0m[7m  [0m[49m  [0m[49m  [0m[7m  [0m[49m  [0m[7m  [0m[7m  [0m[7m  [0m[7m  [0m[7m  [0m[7m  [0m[49m  [0m[7m  [0m[7m  [0m[49m  [0m[49m  [0m[7m  [0m
[7m  [0m[49m  [0m[7m  [0m[49m  [0m[49m  [0m[49m  [0m[7m  [0m[49m  [0m[49m  [0m[7m  [0m[49m  [0m[49m  [0m[7m  [0m[7m  [0m[7m  [0m[7m  [0m[7m  [0m[49m  [0m[49m  [0m[49m  [0m[49m  [0m[7m  [0m[7m  [0m[7m  [0m[7m  [0m[7m  [0m[7m  [0m
[7m  [0m[7m  [0m[49m  [0m[7m  [0m[49m  [0m[49m  [0m[7m  [0m[7m  [0m[7m  [0m[49m  [0m[49m  [0m[49m  [0m[49m  [0m[7m  [0m[7m  [0m[7m  [0m[49m  [0m[49m  [0m[7m  [0m[49m  [0m[49m  [0m[7m  [0m[49m  [0m[7m  [0m[7m  [0m[7m  [0m[7m  [0m
[7m  [0m[49m  [0m[7m  [0m[49m  [0m[7m  [0m[7m  [0m[49m  [0m[49m  [0m[7m  [0m[7m  [0m[49m  [0m[7m  [0m[7m  [0m[49m  [0m[49m  [0m[7m  [0m[7m  [0m[49m  [0m[49m  [0m[49m  [0m[49m  [0m[49m  [0m[49m  [0m[7m  [0m[7m  [0m[49m  [0m[7m  [0m
[7m  [0m[7m  [0m[7m  [0m[7m  [0m[7m  [0m[7m  [0m[7m  [0m[7m  [0m[7m  [0m[49m  [0m[7m  [0m[49m  [0m[49m  [0m[49m  [0m[49m  [0m[7m  [0m[49m  [0m[49m  [0m[7m  [0m[7m  [0m[7m  [0m[49m  [0m[7m  [0m[49m  [0m[7m  [0m[49m  [0m[7m  [0m
[7m  [0m[49m  [0m[49m  [0m[49m  [0m[49m  [0m[49m  [0m[49m  [0m[49m  [0m[7m  [0m[49m  [0m[49m  [0m[7m  [0m[49m  [0m[49m  [0m[7m  [0m[49m  [0m[49m  [0m[49m  [0m[7m  [0m[49m  [0m[7m  [0m[49m  [0m[49m  [0m[49m  [0m[7m  [0m[7m  [0m[7m  [0m
[7m  [0m[49m  [0m[7m  [0m[7m  [0m[7m  [0m[7m  [0m[7m  [0m[49m  [0m[7m  [0m[49m  [0m[49m  [0m[7m  [0m[7m  [0m[49m  [0m[49m  [0m[7m  [0m[7m  [0m[49m  [0m[7m  [0m[7m  [0m[7m  [0m[49m  [0m[7m  [0m[49m  [0m[7m  [0m[49m  [0m[7m  [0m
[7m  [0m[49m  [0m[7m  [0m[49m  [0m[49m  [0m[49m  [0m[7m  [0m[49m  [0m[7m  [0m[49m  [0m[7m  [0m[49m  [0m[49m  [0m[7m  [0m[7m  [0m[49m  [0m[7m  [0m[49m  [0m[49m  [0m[49m  [0m[49m  [0m[49m  [0m[49m  [0m[49m  [0m[49m  [0m[7m  [0m[7m  [0m
[7m  [0m[49m  [0m[7m  [0m[49m  [0m[49m  [0m[49m  [0m[7m  [0m[49m  [0m[7m  [0m[7m  [0m[7m  [0m[49m  [0m[49m  [0m[7m  [0m[7m  [0m[7m  [0m[49m  [0m[7m  [0m[49m  [0m[7m  [0m[49m  [0m[7m  [0m[49m  [0m[7m  [0m[49m  [0m[7m  [0m[7m  [0m
[7m  [0m[49m  [0m[7m  [0m[49m  [0m[49m  [0m[49m  [0m[7m  [0m[49m  [0m[7m  [0m[49m  [0m[7m  [0m[49m  [0m[7m  [0m[7m  [0m[49m  [0m[7m  [0m[7m  [0m[49m  [0m[7m  [0m[49m  [0m[49m  [0m[49m  [0m[7m  [0m[49m  [0m[7m  [0m[49m  [0m[7m  [0m
[7m  [0m[49m  [0m[7m  [0m[7m  [0m[7m  [0m[7m  [0m[7m  [0m[49m  [0m[7m  [0m[49m  [0m[49m  [0m[7m  [0m[49m  [0m[7m  [0m[7m  [0m[7m  [0m[7m  [0m[49m  [0m[7m  [0m[7m  [0m[49m  [0m[49m  [0m[49m  [0m[7m  [0m[49m  [0m[49m  [0m[7m  [0m
[7m  [0m[49m  [0m[49m  [0m[49m  [0m[49m  [0m[49m  [0m[49m  [0m[49m  [0m[7m  [0m[49m  [0m[7m  [0m[7m  [0m[7m  [0m[49m  [0m[7m  [0m[7m  [0m[7m  [0m[7m  [0m[49m  [0m[49m  [0m[49m  [0m[49m  [0m[7m  [0m[49m  [0m[7m  [0m[49m  [0m[7m  [0m
[7m  [0m[7m  [0m[7m  [0m[7m  [0m[7m  [0m[7m  [0m[7m  [0m[7m  [0m[7m  [0m[7m  [0m[7m  [0m[7m  [0m[7m  [0m[7m  [0m[7m  [0m[7m  [0m[7m  [0m[7m  [0m[7m  [0m[7m  [0m[7m  [0m[7m  [0m[7m  [0m[7m  [0m[7m  [0m[7m  [0m[7m  [0m

8a0389450c9f8c.lhr.life tunneled with tls termination, https://8a0389450c9f8c.lhr.life
create an account and add your key for a longer lasting domain name. see https://localhost.run/docs/forever-free/ for more information.
Open your tunnel address on your mobile with this QR:

[7m  [0m[7m  [0m[7m  [0m[7m  [0m[7m  [0m[7m  [0m[7m  [0m[7m  [0m[7m  [0m[7m  [0m[7m  [0m[7m  [0m[7m  [0m[7m  [0m[7m  [0m[7m  [0m[7m  [0m[7m  [0m[7m  [0m[7m  [0m[7m  [0m[7m  [0m[7m  [0m[7m  [0m[7m  [0m[7m  [0m[7m  [0m
[7m  [0m[49m  [0m[49m  [0m[49m  [0m[49m  [0m[49m  [0m[49m  [0m[49m  [0m[7m  [0m[49m  [0m[49m  [0m[7m  [0m[7m  [0m[7m  [0m[49m  [0m[49m  [0m[49m  [0m[7m  [0m[7m  [0m[49m  [0m[49m  [0m[49m  [0m[49m  [0m[49m  [0m[49m  [0m[49m  [0m[7m  [0m
[7m  [0m[49m  [0m[7m  [0m[7m  [0m[7m  [0m[7m  [0m[7m  [0m[49m  [0m[7m  [0m[7m  [0m[7m  [0m[7m  [0m[7m  [0m[7m  [0m[7m  [0m[49m  [0m[7m  [0m[49m  [0m[7m  [0m[49m  [0m[7m  [0m[7m  [0m[7m  [0m[7m  [0m[7m  [0m[49m  [0m[7m  [0m
[7m  [0m[49m  [0m[7m  [0m[49m  [0m[49m  [0m[49m  [0m[7m  [0m[49m  [0m[7m  [0m[49m  [0m[7m  [0m[7m  [0m[49m  [0m[49m  [0m[7m  [0m[7m  [0m[49m  [0m[49m  [0m[7m  [0m[49m  [0m[7m  [0m[49m  [0m[49m  [0m[49m  [0m[7m  [0m[49m  [0m[7m  [0m
[7m  [0m[49m  [0m[7m  [0m[49m  [0m[49m  [0m[49m  [0m[7m  [0m[49m  [0m[7m  [0m[49m  [0m[49m  [0m[7m  [0m[49m  [0m[7m  [0m[49m  [0m[49m  [0m[7m  [0m[49m  [0m[7m  [0m[49m  [0m[7m  [0m[49m  [0m[49m  [0m[49m  [0m[7m  [0m[49m  [0m[7m  [0m
[7m  [0m[49m  [0m[7m  [0m[49m  [0m[49m  [0m[49m  [0m[7m  [0m[49m  [0m[7m  [0m[49m  [0m[49m  [0m[49m  [0m[49m  [0m[7m  [0m[49m  [0m[49m  [0m[49m  [0m[7m  [0m[7m  [0m[49m  [0m[7m  [0m[49m  [0m[49m  [0m[49m  [0m[7m  [0m[49m  [0m[7m  [0m
[7m  [0m[49m  [0m[7m  [0m[7m  [0m[7m  [0m[7m  [0m[7m  [0m[49m  [0m[7m  [0m[7m  [0m[49m  [0m[7m  [0m[7m  [0m[49m  [0m[7m  [0m[49m  [0m[49m  [0m[7m  [0m[7m  [0m[49m  [0m[7m  [0m[7m  [0m[7m  [0m[7m  [0m[7m  [0m[49m  [0m[7m  [0m
[7m  [0m[49m  [0m[49m  [0m[49m  [0m[49m  [0m[49m  [0m[49m  [0m[49m  [0m[7m  [0m[49m  [0m[7m  [0m[49m  [0m[7m  [0m[49m  [0m[7m  [0m[49m  [0m[7m  [0m[49m  [0m[7m  [0m[49m  [0m[49m  [0m[49m  [0m[49m  [0m[49m  [0m[49m  [0m[49m  [0m[7m  [0m
[7m  [0m[7m  [0m[7m  [0m[7m  [0m[7m  [0m[7m  [0m[7m  [0m[7m  [0m[7m  [0m[7m  [0m[49m  [0m[7m  [0m[49m  [0m[7m  [0m[49m  [0m[49m  [0m[49m  [0m[7m  [0m[7m  [0m[7m  [0m[7m  [0m[7m  [0m[7m  [0m[7m  [0m[7m  [0m[7m  [0m[7m  [0m
[7m  [0m[49m  [0m[49m  [0m[49m  [0m[49m  [0m[7m  [0m[7m  [0m[49m  [0m[7m  [0m[49m  [0m[7m  [0m[7m  [0m[7m  [0m[7m  [0m[7m  [0m[49m  [0m[49m  [0m[7m  [0m[49m  [0m[7m  [0m[7m  [0m[49m  [0m[49m  [0m[49m  [0m[7m  [0m[49m  [0m[7m  [0m
[7m  [0m[49m  [0m[7m  [0m[49m  [0m[49m  [0m[7m  [0m[7m  [0m[7m  [0m[7m  [0m[7m  [0m[49m  [0m[7m  [0m[7m  [0m[7m  [0m[49m  [0m[7m  [0m[7m  [0m[7m  [0m[7m  [0m[49m  [0m[49m  [0m[49m  [0m[7m  [0m[7m  [0m[7m  [0m[7m  [0m[7m  [0m
[7m  [0m[7m  [0m[49m  [0m[7m  [0m[49m  [0m[7m  [0m[7m  [0m[49m  [0m[7m  [0m[7m  [0m[7m  [0m[7m  [0m[7m  [0m[7m  [0m[7m  [0m[7m  [0m[7m  [0m[49m  [0m[7m  [0m[7m  [0m[49m  [0m[49m  [0m[49m  [0m[7m  [0m[7m  [0m[7m  [0m[7m  [0m
[7m  [0m[49m  [0m[7m  [0m[49m  [0m[7m  [0m[49m  [0m[7m  [0m[7m  [0m[7m  [0m[49m  [0m[7m  [0m[7m  [0m[49m  [0m[49m  [0m[7m  [0m[7m  [0m[7m  [0m[7m  [0m[7m  [0m[7m  [0m[7m  [0m[7m  [0m[49m  [0m[49m  [0m[7m  [0m[49m  [0m[7m  [0m
[7m  [0m[49m  [0m[49m  [0m[49m  [0m[49m  [0m[49m  [0m[49m  [0m[49m  [0m[7m  [0m[7m  [0m[49m  [0m[7m  [0m[49m  [0m[7m  [0m[49m  [0m[49m  [0m[7m  [0m[49m  [0m[49m  [0m[49m  [0m[7m  [0m[49m  [0m[49m  [0m[7m  [0m[7m  [0m[7m  [0m[7m  [0m
[7m  [0m[7m  [0m[7m  [0m[7m  [0m[49m  [0m[7m  [0m[7m  [0m[7m  [0m[7m  [0m[49m  [0m[49m  [0m[49m  [0m[49m  [0m[7m  [0m[7m  [0m[49m  [0m[7m  [0m[49m  [0m[7m  [0m[7m  [0m[49m  [0m[49m  [0m[49m  [0m[7m  [0m[49m  [0m[49m  [0m[7m  [0m
[7m  [0m[7m  [0m[49m  [0m[49m  [0m[7m  [0m[49m  [0m[7m  [0m[49m  [0m[49m  [0m[7m  [0m[7m  [0m[7m  [0m[7m  [0m[49m  [0m[49m  [0m[49m  [0m[7m  [0m[49m  [0m[49m  [0m[49m  [0m[49m  [0m[7m  [0m[7m  [0m[7m  [0m[7m  [0m[49m  [0m[7m  [0m
[7m  [0m[49m  [0m[7m  [0m[7m  [0m[7m  [0m[49m  [0m[7m  [0m[7m  [0m[7m  [0m[49m  [0m[49m  [0m[49m  [0m[7m  [0m[49m  [0m[49m  [0m[7m  [0m[49m  [0m[7m  [0m[7m  [0m[49m  [0m[7m  [0m[7m  [0m[49m  [0m[7m  [0m[49m  [0m[49m  [0m[7m  [0m
[7m  [0m[7m  [0m[7m  [0m[49m  [0m[49m  [0m[7m  [0m[7m  [0m[49m  [0m[7m  [0m[7m  [0m[7m  [0m[7m  [0m[49m  [0m[7m  [0m[49m  [0m[7m  [0m[49m  [0m[49m  [0m[49m  [0m[49m  [0m[49m  [0m[49m  [0m[49m  [0m[49m  [0m[49m  [0m[7m  [0m[7m  [0m
[7m  [0m[7m  [0m[7m  [0m[7m  [0m[7m  [0m[7m  [0m[7m  [0m[7m  [0m[7m  [0m[49m  [0m[49m  [0m[7m  [0m[7m  [0m[49m  [0m[49m  [0m[7m  [0m[7m  [0m[49m  [0m[7m  [0m[7m  [0m[7m  [0m[49m  [0m[49m  [0m[7m  [0m[49m  [0m[49m  [0m[7m  [0m
[7m  [0m[49m  [0m[49m  [0m[49m  [0m[49m  [0m[49m  [0m[49m  [0m[49m  [0m[7m  [0m[7m  [0m[7m  [0m[7m  [0m[49m  [0m[49m  [0m[7m  [0m[7m  [0m[49m  [0m[49m  [0m[7m  [0m[49m  [0m[7m  [0m[49m  [0m[7m  [0m[7m  [0m[7m  [0m[7m  [0m[7m  [0m
[7m  [0m[49m  [0m[7m  [0m[7m  [0m[7m  [0m[7m  [0m[7m  [0m[49m  [0m[7m  [0m[7m  [0m[49m  [0m[49m  [0m[7m  [0m[49m  [0m[7m  [0m[49m  [0m[49m  [0m[49m  [0m[7m  [0m[7m  [0m[7m  [0m[49m  [0m[49m  [0m[49m  [0m[7m  [0m[49m  [0m[7m  [0m
[7m  [0m[49m  [0m[7m  [0m[49m  [0m[49m  [0m[49m  [0m[7m  [0m[49m  [0m[7m  [0m[7m  [0m[49m  [0m[49m  [0m[49m  [0m[49m  [0m[49m  [0m[7m  [0m[7m  [0m[49m  [0m[49m  [0m[49m  [0m[49m  [0m[49m  [0m[49m  [0m[49m  [0m[49m  [0m[49m  [0m[7m  [0m
[7m  [0m[49m  [0m[7m  [0m[49m  [0m[49m  [0m[49m  [0m[7m  [0m[49m  [0m[7m  [0m[49m  [0m[7m  [0m[7m  [0m[7m  [0m[49m  [0m[49m  [0m[7m  [0m[7m  [0m[49m  [0m[7m  [0m[7m  [0m[7m  [0m[7m  [0m[49m  [0m[7m  [0m[7m  [0m[49m  [0m[7m  [0m
[7m  [0m[49m  [0m[7m  [0m[49m  [0m[49m  [0m[49m  [0m[7m  [0m[49m  [0m[7m  [0m[49m  [0m[49m  [0m[7m  [0m[49m  [0m[49m  [0m[49m  [0m[7m  [0m[7m  [0m[7m  [0m[49m  [0m[7m  [0m[7m  [0m[49m  [0m[49m  [0m[7m  [0m[49m  [0m[7m  [0m[7m  [0m
[7m  [0m[49m  [0m[7m  [0m[7m  [0m[7m  [0m[7m  [0m[7m  [0m[49m  [0m[7m  [0m[49m  [0m[49m  [0m[49m  [0m[7m  [0m[7m  [0m[7m  [0m[7m  [0m[7m  [0m[49m  [0m[7m  [0m[7m  [0m[49m  [0m[49m  [0m[49m  [0m[49m  [0m[7m  [0m[49m  [0m[7m  [0m
[7m  [0m[49m  [0m[49m  [0m[49m  [0m[49m  [0m[49m  [0m[49m  [0m[49m  [0m[7m  [0m[49m  [0m[49m  [0m[49m  [0m[7m  [0m[49m  [0m[7m  [0m[49m  [0m[7m  [0m[49m  [0m[7m  [0m[49m  [0m[7m  [0m[7m  [0m[7m  [0m[49m  [0m[7m  [0m[49m  [0m[7m  [0m
[7m  [0m[7m  [0m[7m  [0m[7m  [0m[7m  [0m[7m  [0m[7m  [0m[7m  [0m[7m  [0m[7m  [0m[7m  [0m[7m  [0m[7m  [0m[7m  [0m[7m  [0m[7m  [0m[7m  [0m[7m  [0m[7m  [0m[7m  [0m[7m  [0m[7m  [0m[7m  [0m[7m  [0m[7m  [0m[7m  [0m[7m  [0m

39b12e580552a8.lhr.life tunneled with tls termination, https://39b12e580552a8.lhr.life
create an account and add your key for a longer lasting domain name. see https://localhost.run/docs/forever-free/ for more information.
Open your tunnel address on your mobile with this QR:

[7m  [0m[7m  [0m[7m  [0m[7m  [0m[7m  [0m[7m  [0m[7m  [0m[7m  [0m[7m  [0m[7m  [0m[7m  [0m[7m  [0m[7m  [0m[7m  [0m[7m  [0m[7m  [0m[7m  [0m[7m  [0m[7m  [0m[7m  [0m[7m  [0m[7m  [0m[7m  [0m[7m  [0m[7m  [0m[7m  [0m[7m  [0m
[7m  [0m[49m  [0m[49m  [0m[49m  [0m[49m  [0m[49m  [0m[49m  [0m[49m  [0m[7m  [0m[7m  [0m[7m  [0m[49m  [0m[7m  [0m[7m  [0m[49m  [0m[7m  [0m[7m  [0m[49m  [0m[7m  [0m[49m  [0m[49m  [0m[49m  [0m[49m  [0m[49m  [0m[49m  [0m[49m  [0m[7m  [0m
[7m  [0m[49m  [0m[7m  [0m[7m  [0m[7m  [0m[7m  [0m[7m  [0m[49m  [0m[7m  [0m[49m  [0m[49m  [0m[49m  [0m[7m  [0m[7m  [0m[7m  [0m[7m  [0m[49m  [0m[7m  [0m[7m  [0m[49m  [0m[7m  [0m[7m  [0m[7m  [0m[7m  [0m[7m  [0m[49m  [0m[7m  [0m
[7m  [0m[49m  [0m[7m  [0m[49m  [0m[49m  [0m[49m  [0m[7m  [0m[49m  [0m[7m  [0m[49m  [0m[7m  [0m[7m  [0m[7m  [0m[7m  [0m[49m  [0m[7m  [0m[49m  [0m[49m  [0m[7m  [0m[49m  [0m[7m  [0m[49m  [0m[49m  [0m[49m  [0m[7m  [0m[49m  [0m[7m  [0m
[7m  [0m[49m  [0m[7m  [0m[49m  [0m[49m  [0m[49m  [0m[7m  [0m[49m  [0m[7m  [0m[7m  [0m[49m  [0m[7m  [0m[7m  [0m[49m  [0m[7m  [0m[49m  [0m[7m  [0m[49m  [0m[7m  [0m[49m  [0m[7m  [0m[49m  [0m[49m  [0m[49m  [0m[7m  [0m[49m  [0m[7m  [0m
[7m  [0m[49m  [0m[7m  [0m[49m  [0m[49m  [0m[49m  [0m[7m  [0m[49m  [0m[7m  [0m[49m  [0m[49m  [0m[49m  [0m[7m  [0m[49m  [0m[7m  [0m[49m  [0m[49m  [0m[7m  [0m[7m  [0m[49m  [0m[7m  [0m[49m  [0m[49m  [0m[49m  [0m[7m  [0m[49m  [0m[7m  [0m
[7m  [0m[49m  [0m[7m  [0m[7m  [0m[7m  [0m[7m  [0m[7m  [0m[49m  [0m[7m  [0m[49m  [0m[7m  [0m[49m  [0m[7m  [0m[49m  [0m[7m  [0m[7m  [0m[7m  [0m[49m  [0m[7m  [0m[49m  [0m[7m  [0m[7m  [0m[7m  [0m[7m  [0m[7m  [0m[49m  [0m[7m  [0m
[7m  [0m[49m  [0m[49m  [0m[49m  [0m[49m  [0m[49m  [0m[49m  [0m[49m  [0m[7m  [0m[49m  [0m[7m  [0m[49m  [0m[7m  [0m[49m  [0m[7m  [0m[49m  [0m[7m  [0m[49m  [0m[7m  [0m[49m  [0m[49m  [0m[49m  [0m[49m  [0m[49m  [0m[49m  [0m[49m  [0m[7m  [0m
[7m  [0m[7m  [0m[7m  [0m[7m  [0m[7m  [0m[7m  [0m[7m  [0m[7m  [0m[7m  [0m[49m  [0m[7m  [0m[49m  [0m[49m  [0m[7m  [0m[49m  [0m[7m  [0m[7m  [0m[49m  [0m[7m  [0m[7m  [0m[7m  [0m[7m  [0m[7m  [0m[7m  [0m[7m  [0m[7m  [0m[7m  [0m
[7m  [0m[49m  [0m[49m  [0m[7m  [0m[49m  [0m[7m  [0m[7m  [0m[49m  [0m[49m  [0m[7m  [0m[7m  [0m[7m  [0m[49m  [0m[49m  [0m[49m  [0m[49m  [0m[49m  [0m[7m  [0m[7m  [0m[49m  [0m[49m  [0m[49m  [0m[7m  [0m[49m  [0m[49m  [0m[7m  [0m[7m  [0m
[7m  [0m[49m  [0m[7m  [0m[7m  [0m[7m  [0m[49m  [0m[49m  [0m[7m  [0m[49m  [0m[49m  [0m[49m  [0m[7m  [0m[49m  [0m[49m  [0m[7m  [0m[7m  [0m[7m  [0m[7m  [0m[49m  [0m[49m  [0m[49m  [0m[49m  [0m[7m  [0m[7m  [0m[49m  [0m[49m  [0m[7m  [0m
[7m  [0m[49m  [0m[7m  [0m[49m  [0m[7m  [0m[49m  [0m[7m  [0m[49m  [0m[49m  [0m[49m  [0m[7m  [0m[7m  [0m[49m  [0m[49m  [0m[49m  [0m[7m  [0m[49m  [0m[7m  [0m[7m  [0m[49m  [0m[7m  [0m[49m  [0m[49m  [0m[7m  [0m[49m  [0m[49m  [0m[7m  [0m
[7m  [0m[49m  [0m[7m  [0m[7m  [0m[7m  [0m[49m  [0m[49m  [0m[7m  [0m[49m  [0m[7m  [0m[49m  [0m[49m  [0m[49m  [0m[49m  [0m[7m  [0m[49m  [0m[7m  [0m[7m  [0m[7m  [0m[7m  [0m[49m  [0m[49m  [0m[7m  [0m[7m  [0m[7m  [0m[49m  [0m[7m  [0m
[7m  [0m[7m  [0m[49m  [0m[7m  [0m[7m  [0m[7m  [0m[49m  [0m[49m  [0m[49m  [0m[7m  [0m[7m  [0m[49m  [0m[49m  [0m[7m  [0m[49m  [0m[7m  [0m[7m  [0m[7m  [0m[49m  [0m[49m  [0m[7m  [0m[49m  [0m[7m  [0m[49m  [0m[7m  [0m[7m  [0m[7m  [0m
[7m  [0m[7m  [0m[7m  [0m[49m  [0m[7m  [0m[49m  [0m[7m  [0m[7m  [0m[49m  [0m[7m  [0m[7m  [0m[7m  [0m[49m  [0m[7m  [0m[7m  [0m[7m  [0m[7m  [0m[7m  [0m[7m  [0m[49m  [0m[7m  [0m[7m  [0m[7m  [0m[49m  [0m[49m  [0m[49m  [0m[7m  [0m
[7m  [0m[49m  [0m[7m  [0m[49m  [0m[49m  [0m[7m  [0m[7m  [0m[49m  [0m[7m  [0m[7m  [0m[49m  [0m[7m  [0m[49m  [0m[7m  [0m[7m  [0m[49m  [0m[7m  [0m[49m  [0m[7m  [0m[49m  [0m[7m  [0m[49m  [0m[7m  [0m[7m  [0m[49m  [0m[7m  [0m[7m  [0m
[7m  [0m[7m  [0m[49m  [0m[49m  [0m[49m  [0m[49m  [0m[7m  [0m[7m  [0m[49m  [0m[49m  [0m[7m  [0m[49m  [0m[49m  [0m[7m  [0m[7m  [0m[7m  [0m[7m  [0m[49m  [0m[49m  [0m[7m  [0m[7m  [0m[49m  [0m[49m  [0m[7m  [0m[7m  [0m[7m  [0m[7m  [0m
[7m  [0m[49m  [0m[49m  [0m[7m  [0m[7m  [0m[49m  [0m[7m  [0m[49m  [0m[49m  [0m[49m  [0m[49m  [0m[7m  [0m[7m  [0m[49m  [0m[7m  [0m[7m  [0m[7m  [0m[49m  [0m[49m  [0m[49m  [0m[49m  [0m[49m  [0m[49m  [0m[49m  [0m[7m  [0m[49m  [0m[7m  [0m
[7m  [0m[7m  [0m[7m  [0m[7m  [0m[7m  [0m[7m  [0m[7m  [0m[7m  [0m[7m  [0m[49m  [0m[49m  [0m[7m  [0m[7m  [0m[49m  [0m[49m  [0m[49m  [0m[49m  [0m[49m  [0m[7m  [0m[7m  [0m[7m  [0m[49m  [0m[7m  [0m[49m  [0m[49m  [0m[49m  [0m[7m  [0m
[7m  [0m[49m  [0m[49m  [0m[49m  [0m[49m  [0m[49m  [0m[49m  [0m[49m  [0m[7m  [0m[49m  [0m[49m  [0m[49m  [0m[49m  [0m[49m  [0m[7m  [0m[49m  [0m[7m  [0m[49m  [0m[7m  [0m[49m  [0m[7m  [0m[49m  [0m[49m  [0m[49m  [0m[7m  [0m[7m  [0m[7m  [0m
[7m  [0m[49m  [0m[7m  [0m[7m  [0m[7m  [0m[7m  [0m[7m  [0m[49m  [0m[7m  [0m[7m  [0m[7m  [0m[7m  [0m[7m  [0m[49m  [0m[7m  [0m[7m  [0m[7m  [0m[49m  [0m[7m  [0m[7m  [0m[7m  [0m[49m  [0m[7m  [0m[7m  [0m[7m  [0m[49m  [0m[7m  [0m
[7m  [0m[49m  [0m[7m  [0m[49m  [0m[49m  [0m[49m  [0m[7m  [0m[49m  [0m[7m  [0m[7m  [0m[7m  [0m[49m  [0m[7m  [0m[7m  [0m[7m  [0m[7m  [0m[49m  [0m[49m  [0m[49m  [0m[49m  [0m[49m  [0m[49m  [0m[49m  [0m[49m  [0m[7m  [0m[7m  [0m[7m  [0m
[7m  [0m[49m  [0m[7m  [0m[49m  [0m[49m  [0m[49m  [0m[7m  [0m[49m  [0m[7m  [0m[49m  [0m[49m  [0m[49m  [0m[49m  [0m[7m  [0m[7m  [0m[7m  [0m[7m  [0m[7m  [0m[49m  [0m[49m  [0m[7m  [0m[49m  [0m[49m  [0m[7m  [0m[49m  [0m[7m  [0m[7m  [0m
[7m  [0m[49m  [0m[7m  [0m[49m  [0m[49m  [0m[49m  [0m[7m  [0m[49m  [0m[7m  [0m[7m  [0m[49m  [0m[49m  [0m[7m  [0m[7m  [0m[7m  [0m[7m  [0m[7m  [0m[7m  [0m[7m  [0m[49m  [0m[49m  [0m[49m  [0m[7m  [0m[7m  [0m[7m  [0m[49m  [0m[7m  [0m
[7m  [0m[49m  [0m[7m  [0m[7m  [0m[7m  [0m[7m  [0m[7m  [0m[49m  [0m[7m  [0m[49m  [0m[49m  [0m[49m  [0m[7m  [0m[7m  [0m[7m  [0m[49m  [0m[7m  [0m[7m  [0m[7m  [0m[7m  [0m[49m  [0m[49m  [0m[49m  [0m[49m  [0m[7m  [0m[49m  [0m[7m  [0m
[7m  [0m[49m  [0m[49m  [0m[49m  [0m[49m  [0m[49m  [0m[49m  [0m[49m  [0m[7m  [0m[49m  [0m[7m  [0m[7m  [0m[7m  [0m[49m  [0m[7m  [0m[7m  [0m[49m  [0m[49m  [0m[7m  [0m[49m  [0m[7m  [0m[49m  [0m[49m  [0m[49m  [0m[7m  [0m[49m  [0m[7m  [0m
[7m  [0m[7m  [0m[7m  [0m[7m  [0m[7m  [0m[7m  [0m[7m  [0m[7m  [0m[7m  [0m[7m  [0m[7m  [0m[7m  [0m[7m  [0m[7m  [0m[7m  [0m[7m  [0m[7m  [0m[7m  [0m[7m  [0m[7m  [0m[7m  [0m[7m  [0m[7m  [0m[7m  [0m[7m  [0m[7m  [0m[7m  [0m

ce7e9e0517aee4.lhr.life tunneled with tls termination, https://ce7e9e0517aee4.lhr.life
create an account and add your key for a longer lasting domain name. see https://localhost.run/docs/forever-free/ for more information.
Open your tunnel address on your mobile with this QR:

[7m  [0m[7m  [0m[7m  [0m[7m  [0m[7m  [0m[7m  [0m[7m  [0m[7m  [0m[7m  [0m[7m  [0m[7m  [0m[7m  [0m[7m  [0m[7m  [0m[7m  [0m[7m  [0m[7m  [0m[7m  [0m[7m  [0m[7m  [0m[7m  [0m[7m  [0m[7m  [0m[7m  [0m[7m  [0m[7m  [0m[7m  [0m
[7m  [0m[49m  [0m[49m  [0m[49m  [0m[49m  [0m[49m  [0m[49m  [0m[49m  [0m[7m  [0m[7m  [0m[7m  [0m[49m  [0m[7m  [0m[7m  [0m[49m  [0m[7m  [0m[7m  [0m[49m  [0m[7m  [0m[49m  [0m[49m  [0m[49m  [0m[49m  [0m[49m  [0m[49m  [0m[49m  [0m[7m  [0m
[7m  [0m[49m  [0m[7m  [0m[7m  [0m[7m  [0m[7m  [0m[7m  [0m[49m  [0m[7m  [0m[49m  [0m[49m  [0m[49m  [0m[7m  [0m[7m  [0m[7m  [0m[7m  [0m[49m  [0m[7m  [0m[7m  [0m[49m  [0m[7m  [0m[7m  [0m[7m  [0m[7m  [0m[7m  [0m[49m  [0m[7m  [0m
[7m  [0m[49m  [0m[7m  [0m[49m  [0m[49m  [0m[49m  [0m[7m  [0m[49m  [0m[7m  [0m[49m  [0m[7m  [0m[7m  [0m[7m  [0m[7m  [0m[49m  [0m[7m  [0m[49m  [0m[49m  [0m[7m  [0m[49m  [0m[7m  [0m[49m  [0m[49m  [0m[49m  [0m[7m  [0m[49m  [0m[7m  [0m
[7m  [0m[49m  [0m[7m  [0m[49m  [0m[49m  [0m[49m  [0m[7m  [0m[49m  [0m[7m  [0m[7m  [0m[49m  [0m[7m  [0m[7m  [0m[49m  [0m[7m  [0m[49m  [0m[7m  [0m[49m  [0m[7m  [0m[49m  [0m[7m  [0m[49m  [0m[49m  [0m[49m  [0m[7m  [0m[49m  [0m[7m  [0m
[7m  [0m[49m  [0m[7m  [0m[49m  [0m[49m  [0m[49m  [0m[7m  [0m[49m  [0m[7m  [0m[49m  [0m[49m  [0m[49m  [0m[7m  [0m[49m  [0m[7m  [0m[49m  [0m[49m  [0m[7m  [0m[7m  [0m[49m  [0m[7m  [0m[49m  [0m[49m  [0m[49m  [0m[7m  [0m[49m  [0m[7m  [0m
[7m  [0m[49m  [0m[7m  [0m[7m  [0m[7m  [0m[7m  [0m[7m  [0m[49m  [0m[7m  [0m[49m  [0m[7m  [0m[49m  [0m[7m  [0m[49m  [0m[7m  [0m[7m  [0m[7m  [0m[49m  [0m[7m  [0m[49m  [0m[7m  [0m[7m  [0m[7m  [0m[7m  [0m[7m  [0m[49m  [0m[7m  [0m
[7m  [0m[49m  [0m[49m  [0m[49m  [0m[49m  [0m[49m  [0m[49m  [0m[49m  [0m[7m  [0m[49m  [0m[7m  [0m[49m  [0m[7m  [0m[49m  [0m[7m  [0m[49m  [0m[7m  [0m[49m  [0m[7m  [0m[49m  [0m[49m  [0m[49m  [0m[49m  [0m[49m  [0m[49m  [0m[49m  [0m[7m  [0m
[7m  [0m[7m  [0m[7m  [0m[7m  [0m[7m  [0m[7m  [0m[7m  [0m[7m  [0m[7m  [0m[49m  [0m[7m  [0m[49m  [0m[49m  [0m[7m  [0m[49m  [0m[7m  [0m[7m  [0m[49m  [0m[7m  [0m[7m  [0m[7m  [0m[7m  [0m[7m  [0m[7m  [0m[7m  [0m[7m  [0m[7m  [0m
[7m  [0m[49m  [0m[49m  [0m[7m  [0m[49m  [0m[7m  [0m[7m  [0m[49m  [0m[49m  [0m[7m  [0m[7m  [0m[7m  [0m[49m  [0m[49m  [0m[49m  [0m[49m  [0m[49m  [0m[7m  [0m[7m  [0m[49m  [0m[49m  [0m[49m  [0m[7m  [0m[49m  [0m[49m  [0m[7m  [0m[7m  [0m
[7m  [0m[49m  [0m[7m  [0m[49m  [0m[49m  [0m[49m  [0m[7m  [0m[7m  [0m[49m  [0m[49m  [0m[49m  [0m[7m  [0m[49m  [0m[49m  [0m[7m  [0m[7m  [0m[7m  [0m[7m  [0m[49m  [0m[7m  [0m[49m  [0m[49m  [0m[7m  [0m[7m  [0m[49m  [0m[49m  [0m[7m  [0m
[7m  [0m[49m  [0m[7m  [0m[7m  [0m[7m  [0m[7m  [0m[49m  [0m[49m  [0m[49m  [0m[7m  [0m[7m  [0m[7m  [0m[49m  [0m[49m  [0m[49m  [0m[7m  [0m[49m  [0m[7m  [0m[49m  [0m[7m  [0m[49m  [0m[7m  [0m[49m  [0m[7m  [0m[49m  [0m[49m  [0m[7m  [0m
[7m  [0m[7m  [0m[7m  [0m[7m  [0m[7m  [0m[49m  [0m[49m  [0m[7m  [0m[49m  [0m[7m  [0m[49m  [0m[49m  [0m[49m  [0m[49m  [0m[7m  [0m[49m  [0m[7m  [0m[49m  [0m[7m  [0m[7m  [0m[7m  [0m[49m  [0m[7m  [0m[7m  [0m[7m  [0m[49m  [0m[7m  [0m
[7m  [0m[7m  [0m[7m  [0m[7m  [0m[49m  [0m[49m  [0m[49m  [0m[49m  [0m[7m  [0m[49m  [0m[7m  [0m[49m  [0m[49m  [0m[7m  [0m[49m  [0m[7m  [0m[49m  [0m[7m  [0m[7m  [0m[49m  [0m[7m  [0m[7m  [0m[7m  [0m[49m  [0m[7m  [0m[7m  [0m[7m  [0m
[7m  [0m[7m  [0m[49m  [0m[7m  [0m[49m  [0m[7m  [0m[7m  [0m[7m  [0m[49m  [0m[7m  [0m[49m  [0m[7m  [0m[49m  [0m[7m  [0m[7m  [0m[7m  [0m[49m  [0m[49m  [0m[49m  [0m[7m  [0m[7m  [0m[7m  [0m[7m  [0m[49m  [0m[49m  [0m[49m  [0m[7m  [0m
[7m  [0m[49m  [0m[7m  [0m[49m  [0m[7m  [0m[49m  [0m[7m  [0m[49m  [0m[49m  [0m[49m  [0m[7m  [0m[49m  [0m[49m  [0m[7m  [0m[7m  [0m[49m  [0m[49m  [0m[49m  [0m[49m  [0m[49m  [0m[49m  [0m[7m  [0m[7m  [0m[7m  [0m[49m  [0m[7m  [0m[7m  [0m
[7m  [0m[7m  [0m[49m  [0m[49m  [0m[49m  [0m[7m  [0m[49m  [0m[7m  [0m[7m  [0m[49m  [0m[7m  [0m[7m  [0m[49m  [0m[7m  [0m[7m  [0m[7m  [0m[49m  [0m[7m  [0m[49m  [0m[49m  [0m[49m  [0m[49m  [0m[49m  [0m[7m  [0m[7m  [0m[7m  [0m[7m  [0m
[7m  [0m[49m  [0m[49m  [0m[7m  [0m[49m  [0m[49m  [0m[49m  [0m[49m  [0m[7m  [0m[49m  [0m[7m  [0m[49m  [0m[7m  [0m[49m  [0m[7m  [0m[7m  [0m[7m  [0m[49m  [0m[49m  [0m[49m  [0m[49m  [0m[49m  [0m[49m  [0m[49m  [0m[7m  [0m[49m  [0m[7m  [0m
[7m  [0m[7m  [0m[7m  [0m[7m  [0m[7m  [0m[7m  [0m[7m  [0m[7m  [0m[7m  [0m[49m  [0m[49m  [0m[49m  [0m[7m  [0m[49m  [0m[49m  [0m[49m  [0m[49m  [0m[49m  [0m[7m  [0m[7m  [0m[7m  [0m[49m  [0m[7m  [0m[49m  [0m[49m  [0m[49m  [0m[7m  [0m
[7m  [0m[49m  [0m[49m  [0m[49m  [0m[49m  [0m[49m  [0m[49m  [0m[49m  [0m[7m  [0m[49m  [0m[49m  [0m[7m  [0m[49m  [0m[49m  [0m[7m  [0m[49m  [0m[49m  [0m[49m  [0m[7m  [0m[49m  [0m[7m  [0m[49m  [0m[49m  [0m[49m  [0m[7m  [0m[7m  [0m[7m  [0m
[7m  [0m[49m  [0m[7m  [0m[7m  [0m[7m  [0m[7m  [0m[7m  [0m[49m  [0m[7m  [0m[7m  [0m[7m  [0m[49m  [0m[7m  [0m[49m  [0m[7m  [0m[7m  [0m[49m  [0m[49m  [0m[7m  [0m[7m  [0m[7m  [0m[49m  [0m[7m  [0m[7m  [0m[7m  [0m[49m  [0m[7m  [0m
[7m  [0m[49m  [0m[7m  [0m[49m  [0m[49m  [0m[49m  [0m[7m  [0m[49m  [0m[7m  [0m[7m  [0m[49m  [0m[49m  [0m[7m  [0m[7m  [0m[7m  [0m[7m  [0m[49m  [0m[49m  [0m[49m  [0m[49m  [0m[49m  [0m[49m  [0m[49m  [0m[49m  [0m[7m  [0m[7m  [0m[7m  [0m
[7m  [0m[49m  [0m[7m  [0m[49m  [0m[49m  [0m[49m  [0m[7m  [0m[49m  [0m[7m  [0m[49m  [0m[7m  [0m[49m  [0m[49m  [0m[7m  [0m[7m  [0m[7m  [0m[7m  [0m[49m  [0m[49m  [0m[49m  [0m[49m  [0m[49m  [0m[49m  [0m[7m  [0m[49m  [0m[7m  [0m[7m  [0m
[7m  [0m[49m  [0m[7m  [0m[49m  [0m[49m  [0m[49m  [0m[7m  [0m[49m  [0m[7m  [0m[7m  [0m[49m  [0m[7m  [0m[7m  [0m[7m  [0m[7m  [0m[7m  [0m[7m  [0m[7m  [0m[7m  [0m[49m  [0m[49m  [0m[49m  [0m[7m  [0m[49m  [0m[7m  [0m[49m  [0m[7m  [0m
[7m  [0m[49m  [0m[7m  [0m[7m  [0m[7m  [0m[7m  [0m[7m  [0m[49m  [0m[7m  [0m[49m  [0m[49m  [0m[7m  [0m[7m  [0m[7m  [0m[7m  [0m[49m  [0m[49m  [0m[7m  [0m[7m  [0m[7m  [0m[49m  [0m[7m  [0m[49m  [0m[7m  [0m[7m  [0m[49m  [0m[7m  [0m
[7m  [0m[49m  [0m[49m  [0m[49m  [0m[49m  [0m[49m  [0m[49m  [0m[49m  [0m[7m  [0m[49m  [0m[49m  [0m[7m  [0m[7m  [0m[49m  [0m[7m  [0m[7m  [0m[49m  [0m[49m  [0m[49m  [0m[7m  [0m[7m  [0m[7m  [0m[7m  [0m[7m  [0m[7m  [0m[49m  [0m[7m  [0m
[7m  [0m[7m  [0m[7m  [0m[7m  [0m[7m  [0m[7m  [0m[7m  [0m[7m  [0m[7m  [0m[7m  [0m[7m  [0m[7m  [0m[7m  [0m[7m  [0m[7m  [0m[7m  [0m[7m  [0m[7m  [0m[7m  [0m[7m  [0m[7m  [0m[7m  [0m[7m  [0m[7m  [0m[7m  [0m[7m  [0m[7m  [0m

7938345943fb99.lhr.life tunneled with tls termination, https://7938345943fb99.lhr.life
create an account and add your key for a longer lasting domain name. see https://localhost.run/docs/forever-free/ for more information.
Open your tunnel address on your mobile with this QR:

[7m  [0m[7m  [0m[7m  [0m[7m  [0m[7m  [0m[7m  [0m[7m  [0m[7m  [0m[7m  [0m[7m  [0m[7m  [0m[7m  [0m[7m  [0m[7m  [0m[7m  [0m[7m  [0m[7m  [0m[7m  [0m[7m  [0m[7m  [0m[7m  [0m[7m  [0m[7m  [0m[7m  [0m[7m  [0m[7m  [0m[7m  [0m
[7m  [0m[49m  [0m[49m  [0m[49m  [0m[49m  [0m[49m  [0m[49m  [0m[49m  [0m[7m  [0m[7m  [0m[7m  [0m[49m  [0m[7m  [0m[7m  [0m[49m  [0m[7m  [0m[7m  [0m[49m  [0m[7m  [0m[49m  [0m[49m  [0m[49m  [0m[49m  [0m[49m  [0m[49m  [0m[49m  [0m[7m  [0m
[7m  [0m[49m  [0m[7m  [0m[7m  [0m[7m  [0m[7m  [0m[7m  [0m[49m  [0m[7m  [0m[49m  [0m[49m  [0m[49m  [0m[7m  [0m[7m  [0m[7m  [0m[7m  [0m[49m  [0m[7m  [0m[7m  [0m[49m  [0m[7m  [0m[7m  [0m[7m  [0m[7m  [0m[7m  [0m[49m  [0m[7m  [0m
[7m  [0m[49m  [0m[7m  [0m[49m  [0m[49m  [0m[49m  [0m[7m  [0m[49m  [0m[7m  [0m[49m  [0m[7m  [0m[7m  [0m[7m  [0m[7m  [0m[49m  [0m[7m  [0m[49m  [0m[49m  [0m[7m  [0m[49m  [0m[7m  [0m[49m  [0m[49m  [0m[49m  [0m[7m  [0m[49m  [0m[7m  [0m
[7m  [0m[49m  [0m[7m  [0m[49m  [0m[49m  [0m[49m  [0m[7m  [0m[49m  [0m[7m  [0m[7m  [0m[49m  [0m[7m  [0m[7m  [0m[49m  [0m[7m  [0m[49m  [0m[7m  [0m[49m  [0m[7m  [0m[49m  [0m[7m  [0m[49m  [0m[49m  [0m[49m  [0m[7m  [0m[49m  [0m[7m  [0m
[7m  [0m[49m  [0m[7m  [0m[49m  [0m[49m  [0m[49m  [0m[7m  [0m[49m  [0m[7m  [0m[49m  [0m[49m  [0m[49m  [0m[7m  [0m[49m  [0m[7m  [0m[49m  [0m[49m  [0m[7m  [0m[7m  [0m[49m  [0m[7m  [0m[49m  [0m[49m  [0m[49m  [0m[7m  [0m[49m  [0m[7m  [0m
[7m  [0m[49m  [0m[7m  [0m[7m  [0m[7m  [0m[7m  [0m[7m  [0m[49m  [0m[7m  [0m[49m  [0m[7m  [0m[49m  [0m[7m  [0m[49m  [0m[7m  [0m[7m  [0m[7m  [0m[49m  [0m[7m  [0m[49m  [0m[7m  [0m[7m  [0m[7m  [0m[7m  [0m[7m  [0m[49m  [0m[7m  [0m
[7m  [0m[49m  [0m[49m  [0m[49m  [0m[49m  [0m[49m  [0m[49m  [0m[49m  [0m[7m  [0m[49m  [0m[7m  [0m[49m  [0m[7m  [0m[49m  [0m[7m  [0m[49m  [0m[7m  [0m[49m  [0m[7m  [0m[49m  [0m[49m  [0m[49m  [0m[49m  [0m[49m  [0m[49m  [0m[49m  [0m[7m  [0m
[7m  [0m[7m  [0m[7m  [0m[7m  [0m[7m  [0m[7m  [0m[7m  [0m[7m  [0m[7m  [0m[49m  [0m[7m  [0m[49m  [0m[49m  [0m[7m  [0m[49m  [0m[7m  [0m[7m  [0m[49m  [0m[7m  [0m[7m  [0m[7m  [0m[7m  [0m[7m  [0m[7m  [0m[7m  [0m[7m  [0m[7m  [0m
[7m  [0m[49m  [0m[49m  [0m[7m  [0m[49m  [0m[7m  [0m[7m  [0m[49m  [0m[49m  [0m[7m  [0m[7m  [0m[7m  [0m[49m  [0m[49m  [0m[49m  [0m[49m  [0m[49m  [0m[7m  [0m[7m  [0m[49m  [0m[49m  [0m[49m  [0m[7m  [0m[49m  [0m[49m  [0m[7m  [0m[7m  [0m
[7m  [0m[7m  [0m[7m  [0m[7m  [0m[49m  [0m[7m  [0m[7m  [0m[7m  [0m[7m  [0m[49m  [0m[49m  [0m[7m  [0m[49m  [0m[49m  [0m[7m  [0m[7m  [0m[7m  [0m[7m  [0m[49m  [0m[49m  [0m[49m  [0m[7m  [0m[7m  [0m[7m  [0m[49m  [0m[49m  [0m[7m  [0m
[7m  [0m[7m  [0m[49m  [0m[49m  [0m[7m  [0m[49m  [0m[7m  [0m[49m  [0m[49m  [0m[49m  [0m[7m  [0m[7m  [0m[49m  [0m[49m  [0m[49m  [0m[7m  [0m[49m  [0m[49m  [0m[49m  [0m[7m  [0m[49m  [0m[7m  [0m[49m  [0m[7m  [0m[49m  [0m[49m  [0m[7m  [0m
[7m  [0m[7m  [0m[49m  [0m[49m  [0m[49m  [0m[7m  [0m[7m  [0m[7m  [0m[7m  [0m[7m  [0m[49m  [0m[49m  [0m[49m  [0m[49m  [0m[7m  [0m[49m  [0m[7m  [0m[49m  [0m[7m  [0m[7m  [0m[49m  [0m[49m  [0m[7m  [0m[7m  [0m[7m  [0m[49m  [0m[7m  [0m
[7m  [0m[49m  [0m[7m  [0m[49m  [0m[49m  [0m[49m  [0m[7m  [0m[49m  [0m[49m  [0m[7m  [0m[7m  [0m[49m  [0m[49m  [0m[7m  [0m[49m  [0m[7m  [0m[7m  [0m[49m  [0m[49m  [0m[49m  [0m[7m  [0m[7m  [0m[7m  [0m[49m  [0m[7m  [0m[7m  [0m[7m  [0m
[7m  [0m[7m  [0m[49m  [0m[49m  [0m[49m  [0m[7m  [0m[7m  [0m[7m  [0m[7m  [0m[7m  [0m[7m  [0m[7m  [0m[49m  [0m[7m  [0m[7m  [0m[7m  [0m[7m  [0m[7m  [0m[7m  [0m[49m  [0m[49m  [0m[49m  [0m[7m  [0m[49m  [0m[49m  [0m[49m  [0m[7m  [0m
[7m  [0m[49m  [0m[7m  [0m[7m  [0m[49m  [0m[49m  [0m[49m  [0m[49m  [0m[7m  [0m[49m  [0m[7m  [0m[7m  [0m[49m  [0m[7m  [0m[7m  [0m[49m  [0m[7m  [0m[49m  [0m[7m  [0m[49m  [0m[49m  [0m[7m  [0m[7m  [0m[7m  [0m[49m  [0m[7m  [0m[7m  [0m
[7m  [0m[7m  [0m[49m  [0m[7m  [0m[49m  [0m[7m  [0m[49m  [0m[7m  [0m[7m  [0m[7m  [0m[7m  [0m[7m  [0m[49m  [0m[7m  [0m[7m  [0m[7m  [0m[49m  [0m[49m  [0m[7m  [0m[7m  [0m[49m  [0m[7m  [0m[49m  [0m[7m  [0m[7m  [0m[7m  [0m[7m  [0m
[7m  [0m[49m  [0m[49m  [0m[49m  [0m[7m  [0m[7m  [0m[7m  [0m[49m  [0m[7m  [0m[7m  [0m[49m  [0m[7m  [0m[7m  [0m[49m  [0m[7m  [0m[7m  [0m[49m  [0m[49m  [0m[49m  [0m[49m  [0m[49m  [0m[49m  [0m[49m  [0m[49m  [0m[7m  [0m[49m  [0m[7m  [0m
[7m  [0m[7m  [0m[7m  [0m[7m  [0m[7m  [0m[7m  [0m[7m  [0m[7m  [0m[7m  [0m[49m  [0m[49m  [0m[7m  [0m[7m  [0m[49m  [0m[49m  [0m[49m  [0m[7m  [0m[49m  [0m[7m  [0m[7m  [0m[7m  [0m[49m  [0m[7m  [0m[49m  [0m[49m  [0m[49m  [0m[7m  [0m
[7m  [0m[49m  [0m[49m  [0m[49m  [0m[49m  [0m[49m  [0m[49m  [0m[49m  [0m[7m  [0m[49m  [0m[7m  [0m[7m  [0m[49m  [0m[49m  [0m[7m  [0m[49m  [0m[7m  [0m[49m  [0m[7m  [0m[49m  [0m[7m  [0m[49m  [0m[49m  [0m[49m  [0m[7m  [0m[7m  [0m[7m  [0m
[7m  [0m[49m  [0m[7m  [0m[7m  [0m[7m  [0m[7m  [0m[7m  [0m[49m  [0m[7m  [0m[7m  [0m[7m  [0m[7m  [0m[7m  [0m[49m  [0m[7m  [0m[7m  [0m[7m  [0m[49m  [0m[7m  [0m[7m  [0m[7m  [0m[49m  [0m[7m  [0m[7m  [0m[7m  [0m[49m  [0m[7m  [0m
[7m  [0m[49m  [0m[7m  [0m[49m  [0m[49m  [0m[49m  [0m[7m  [0m[49m  [0m[7m  [0m[7m  [0m[49m  [0m[49m  [0m[7m  [0m[7m  [0m[7m  [0m[7m  [0m[7m  [0m[49m  [0m[49m  [0m[49m  [0m[49m  [0m[49m  [0m[49m  [0m[49m  [0m[7m  [0m[7m  [0m[7m  [0m
[7m  [0m[49m  [0m[7m  [0m[49m  [0m[49m  [0m[49m  [0m[7m  [0m[49m  [0m[7m  [0m[49m  [0m[49m  [0m[7m  [0m[49m  [0m[7m  [0m[7m  [0m[7m  [0m[7m  [0m[7m  [0m[49m  [0m[7m  [0m[7m  [0m[7m  [0m[49m  [0m[7m  [0m[49m  [0m[7m  [0m[7m  [0m
[7m  [0m[49m  [0m[7m  [0m[49m  [0m[49m  [0m[49m  [0m[7m  [0m[49m  [0m[7m  [0m[7m  [0m[49m  [0m[49m  [0m[7m  [0m[7m  [0m[7m  [0m[7m  [0m[49m  [0m[7m  [0m[7m  [0m[49m  [0m[49m  [0m[49m  [0m[49m  [0m[7m  [0m[7m  [0m[49m  [0m[7m  [0m
[7m  [0m[49m  [0m[7m  [0m[7m  [0m[7m  [0m[7m  [0m[7m  [0m[49m  [0m[7m  [0m[49m  [0m[7m  [0m[7m  [0m[7m  [0m[7m  [0m[7m  [0m[49m  [0m[7m  [0m[49m  [0m[7m  [0m[49m  [0m[49m  [0m[49m  [0m[7m  [0m[7m  [0m[7m  [0m[49m  [0m[7m  [0m
[7m  [0m[49m  [0m[49m  [0m[49m  [0m[49m  [0m[49m  [0m[49m  [0m[49m  [0m[7m  [0m[49m  [0m[49m  [0m[7m  [0m[7m  [0m[49m  [0m[7m  [0m[7m  [0m[49m  [0m[49m  [0m[49m  [0m[7m  [0m[49m  [0m[49m  [0m[7m  [0m[49m  [0m[7m  [0m[49m  [0m[7m  [0m
[7m  [0m[7m  [0m[7m  [0m[7m  [0m[7m  [0m[7m  [0m[7m  [0m[7m  [0m[7m  [0m[7m  [0m[7m  [0m[7m  [0m[7m  [0m[7m  [0m[7m  [0m[7m  [0m[7m  [0m[7m  [0m[7m  [0m[7m  [0m[7m  [0m[7m  [0m[7m  [0m[7m  [0m[7m  [0m[7m  [0m[7m  [0m

4b8c6f89cf1e1f.lhr.life tunneled with tls termination, https://4b8c6f89cf1e1f.lhr.life
create an account and add your key for a longer lasting domain name. see https://localhost.run/docs/forever-free/ for more information.
Open your tunnel address on your mobile with this QR:

[7m  [0m[7m  [0m[7m  [0m[7m  [0m[7m  [0m[7m  [0m[7m  [0m[7m  [0m[7m  [0m[7m  [0m[7m  [0m[7m  [0m[7m  [0m[7m  [0m[7m  [0m[7m  [0m[7m  [0m[7m  [0m[7m  [0m[7m  [0m[7m  [0m[7m  [0m[7m  [0m[7m  [0m[7m  [0m[7m  [0m[7m  [0m
[7m  [0m[49m  [0m[49m  [0m[49m  [0m[49m  [0m[49m  [0m[49m  [0m[49m  [0m[7m  [0m[7m  [0m[7m  [0m[49m  [0m[7m  [0m[7m  [0m[49m  [0m[7m  [0m[7m  [0m[49m  [0m[7m  [0m[49m  [0m[49m  [0m[49m  [0m[49m  [0m[49m  [0m[49m  [0m[49m  [0m[7m  [0m
[7m  [0m[49m  [0m[7m  [0m[7m  [0m[7m  [0m[7m  [0m[7m  [0m[49m  [0m[7m  [0m[49m  [0m[49m  [0m[49m  [0m[7m  [0m[7m  [0m[7m  [0m[7m  [0m[49m  [0m[7m  [0m[7m  [0m[49m  [0m[7m  [0m[7m  [0m[7m  [0m[7m  [0m[7m  [0m[49m  [0m[7m  [0m
[7m  [0m[49m  [0m[7m  [0m[49m  [0m[49m  [0m[49m  [0m[7m  [0m[49m  [0m[7m  [0m[49m  [0m[7m  [0m[7m  [0m[7m  [0m[7m  [0m[49m  [0m[7m  [0m[49m  [0m[49m  [0m[7m  [0m[49m  [0m[7m  [0m[49m  [0m[49m  [0m[49m  [0m[7m  [0m[49m  [0m[7m  [0m
[7m  [0m[49m  [0m[7m  [0m[49m  [0m[49m  [0m[49m  [0m[7m  [0m[49m  [0m[7m  [0m[7m  [0m[49m  [0m[7m  [0m[7m  [0m[49m  [0m[7m  [0m[49m  [0m[7m  [0m[49m  [0m[7m  [0m[49m  [0m[7m  [0m[49m  [0m[49m  [0m[49m  [0m[7m  [0m[49m  [0m[7m  [0m
[7m  [0m[49m  [0m[7m  [0m[49m  [0m[49m  [0m[49m  [0m[7m  [0m[49m  [0m[7m  [0m[49m  [0m[49m  [0m[49m  [0m[7m  [0m[49m  [0m[7m  [0m[49m  [0m[49m  [0m[7m  [0m[7m  [0m[49m  [0m[7m  [0m[49m  [0m[49m  [0m[49m  [0m[7m  [0m[49m  [0m[7m  [0m
[7m  [0m[49m  [0m[7m  [0m[7m  [0m[7m  [0m[7m  [0m[7m  [0m[49m  [0m[7m  [0m[49m  [0m[7m  [0m[49m  [0m[7m  [0m[49m  [0m[7m  [0m[7m  [0m[7m  [0m[49m  [0m[7m  [0m[49m  [0m[7m  [0m[7m  [0m[7m  [0m[7m  [0m[7m  [0m[49m  [0m[7m  [0m
[7m  [0m[49m  [0m[49m  [0m[49m  [0m[49m  [0m[49m  [0m[49m  [0m[49m  [0m[7m  [0m[49m  [0m[7m  [0m[49m  [0m[7m  [0m[49m  [0m[7m  [0m[49m  [0m[7m  [0m[49m  [0m[7m  [0m[49m  [0m[49m  [0m[49m  [0m[49m  [0m[49m  [0m[49m  [0m[49m  [0m[7m  [0m
[7m  [0m[7m  [0m[7m  [0m[7m  [0m[7m  [0m[7m  [0m[7m  [0m[7m  [0m[7m  [0m[49m  [0m[7m  [0m[49m  [0m[49m  [0m[7m  [0m[49m  [0m[7m  [0m[7m  [0m[49m  [0m[7m  [0m[7m  [0m[7m  [0m[7m  [0m[7m  [0m[7m  [0m[7m  [0m[7m  [0m[7m  [0m
[7m  [0m[49m  [0m[49m  [0m[7m  [0m[49m  [0m[7m  [0m[7m  [0m[49m  [0m[49m  [0m[7m  [0m[7m  [0m[7m  [0m[49m  [0m[49m  [0m[49m  [0m[49m  [0m[49m  [0m[7m  [0m[7m  [0m[49m  [0m[49m  [0m[49m  [0m[7m  [0m[49m  [0m[49m  [0m[7m  [0m[7m  [0m
[7m  [0m[7m  [0m[7m  [0m[49m  [0m[49m  [0m[49m  [0m[49m  [0m[7m  [0m[49m  [0m[49m  [0m[49m  [0m[7m  [0m[49m  [0m[49m  [0m[7m  [0m[7m  [0m[7m  [0m[7m  [0m[7m  [0m[49m  [0m[7m  [0m[7m  [0m[7m  [0m[7m  [0m[49m  [0m[49m  [0m[7m  [0m
[7m  [0m[7m  [0m[7m  [0m[7m  [0m[49m  [0m[49m  [0m[7m  [0m[49m  [0m[49m  [0m[49m  [0m[7m  [0m[7m  [0m[49m  [0m[49m  [0m[49m  [0m[7m  [0m[7m  [0m[49m  [0m[49m  [0m[49m  [0m[49m  [0m[49m  [0m[49m  [0m[7m  [0m[49m  [0m[49m  [0m[7m  [0m
[7m  [0m[49m  [0m[49m  [0m[7m  [0m[7m  [0m[7m  [0m[7m  [0m[7m  [0m[49m  [0m[49m  [0m[49m  [0m[49m  [0m[49m  [0m[49m  [0m[7m  [0m[49m  [0m[7m  [0m[49m  [0m[7m  [0m[7m  [0m[7m  [0m[49m  [0m[7m  [0m[7m  [0m[7m  [0m[49m  [0m[7m  [0m
[7m  [0m[49m  [0m[49m  [0m[7m  [0m[7m  [0m[49m  [0m[49m  [0m[49m  [0m[7m  [0m[49m  [0m[7m  [0m[49m  [0m[49m  [0m[7m  [0m[49m  [0m[7m  [0m[49m  [0m[49m  [0m[7m  [0m[7m  [0m[7m  [0m[49m  [0m[7m  [0m[49m  [0m[7m  [0m[7m  [0m[7m  [0m
[7m  [0m[7m  [0m[49m  [0m[7m  [0m[49m  [0m[7m  [0m[49m  [0m[7m  [0m[49m  [0m[49m  [0m[7m  [0m[7m  [0m[49m  [0m[7m  [0m[7m  [0m[7m  [0m[49m  [0m[49m  [0m[7m  [0m[49m  [0m[7m  [0m[49m  [0m[7m  [0m[49m  [0m[49m  [0m[49m  [0m[7m  [0m
[7m  [0m[49m  [0m[7m  [0m[49m  [0m[49m  [0m[49m  [0m[7m  [0m[49m  [0m[49m  [0m[7m  [0m[49m  [0m[7m  [0m[49m  [0m[7m  [0m[7m  [0m[49m  [0m[7m  [0m[49m  [0m[49m  [0m[7m  [0m[7m  [0m[49m  [0m[7m  [0m[7m  [0m[49m  [0m[7m  [0m[7m  [0m
[7m  [0m[7m  [0m[49m  [0m[49m  [0m[49m  [0m[49m  [0m[7m  [0m[7m  [0m[7m  [0m[49m  [0m[49m  [0m[49m  [0m[49m  [0m[7m  [0m[7m  [0m[7m  [0m[7m  [0m[49m  [0m[49m  [0m[7m  [0m[7m  [0m[49m  [0m[49m  [0m[7m  [0m[7m  [0m[7m  [0m[7m  [0m
[7m  [0m[49m  [0m[49m  [0m[49m  [0m[7m  [0m[7m  [0m[7m  [0m[49m  [0m[49m  [0m[49m  [0m[7m  [0m[49m  [0m[7m  [0m[49m  [0m[7m  [0m[7m  [0m[7m  [0m[49m  [0m[49m  [0m[49m  [0m[49m  [0m[49m  [0m[49m  [0m[49m  [0m[7m  [0m[49m  [0m[7m  [0m
[7m  [0m[7m  [0m[7m  [0m[7m  [0m[7m  [0m[7m  [0m[7m  [0m[7m  [0m[7m  [0m[49m  [0m[7m  [0m[49m  [0m[7m  [0m[49m  [0m[49m  [0m[49m  [0m[7m  [0m[49m  [0m[7m  [0m[7m  [0m[7m  [0m[49m  [0m[7m  [0m[49m  [0m[49m  [0m[49m  [0m[7m  [0m
[7m  [0m[49m  [0m[49m  [0m[49m  [0m[49m  [0m[49m  [0m[49m  [0m[49m  [0m[7m  [0m[49m  [0m[7m  [0m[49m  [0m[49m  [0m[49m  [0m[7m  [0m[49m  [0m[49m  [0m[49m  [0m[7m  [0m[49m  [0m[7m  [0m[49m  [0m[49m  [0m[49m  [0m[7m  [0m[7m  [0m[7m  [0m
[7m  [0m[49m  [0m[7m  [0m[7m  [0m[7m  [0m[7m  [0m[7m  [0m[49m  [0m[7m  [0m[7m  [0m[7m  [0m[7m  [0m[7m  [0m[49m  [0m[7m  [0m[7m  [0m[7m  [0m[49m  [0m[7m  [0m[7m  [0m[7m  [0m[49m  [0m[7m  [0m[7m  [0m[7m  [0m[49m  [0m[7m  [0m
[7m  [0m[49m  [0m[7m  [0m[49m  [0m[49m  [0m[49m  [0m[7m  [0m[49m  [0m[7m  [0m[7m  [0m[49m  [0m[49m  [0m[7m  [0m[7m  [0m[7m  [0m[7m  [0m[7m  [0m[49m  [0m[49m  [0m[49m  [0m[49m  [0m[49m  [0m[49m  [0m[49m  [0m[7m  [0m[7m  [0m[7m  [0m
[7m  [0m[49m  [0m[7m  [0m[49m  [0m[49m  [0m[49m  [0m[7m  [0m[49m  [0m[7m  [0m[49m  [0m[49m  [0m[49m  [0m[49m  [0m[7m  [0m[7m  [0m[7m  [0m[49m  [0m[7m  [0m[49m  [0m[49m  [0m[49m  [0m[49m  [0m[49m  [0m[7m  [0m[49m  [0m[7m  [0m[7m  [0m
[7m  [0m[49m  [0m[7m  [0m[49m  [0m[49m  [0m[49m  [0m[7m  [0m[49m  [0m[7m  [0m[7m  [0m[49m  [0m[49m  [0m[7m  [0m[7m  [0m[7m  [0m[7m  [0m[7m  [0m[7m  [0m[7m  [0m[7m  [0m[49m  [0m[49m  [0m[7m  [0m[7m  [0m[7m  [0m[49m  [0m[7m  [0m
[7m  [0m[49m  [0m[7m  [0m[7m  [0m[7m  [0m[7m  [0m[7m  [0m[49m  [0m[7m  [0m[49m  [0m[49m  [0m[7m  [0m[7m  [0m[7m  [0m[7m  [0m[49m  [0m[7m  [0m[49m  [0m[7m  [0m[7m  [0m[7m  [0m[7m  [0m[49m  [0m[49m  [0m[7m  [0m[49m  [0m[7m  [0m
[7m  [0m[49m  [0m[49m  [0m[49m  [0m[49m  [0m[49m  [0m[49m  [0m[49m  [0m[7m  [0m[49m  [0m[7m  [0m[7m  [0m[7m  [0m[49m  [0m[7m  [0m[7m  [0m[7m  [0m[7m  [0m[7m  [0m[7m  [0m[49m  [0m[7m  [0m[49m  [0m[7m  [0m[7m  [0m[49m  [0m[7m  [0m
[7m  [0m[7m  [0m[7m  [0m[7m  [0m[7m  [0m[7m  [0m[7m  [0m[7m  [0m[7m  [0m[7m  [0m[7m  [0m[7m  [0m[7m  [0m[7m  [0m[7m  [0m[7m  [0m[7m  [0m[7m  [0m[7m  [0m[7m  [0m[7m  [0m[7m  [0m[7m  [0m[7m  [0m[7m  [0m[7m  [0m[7m  [0m

e8b047bd7653da.lhr.life tunneled with tls termination, https://e8b047bd7653da.lhr.life
create an account and add your key for a longer lasting domain name. see https://localhost.run/docs/forever-free/ for more information.
Open your tunnel address on your mobile with this QR:

[7m  [0m[7m  [0m[7m  [0m[7m  [0m[7m  [0m[7m  [0m[7m  [0m[7m  [0m[7m  [0m[7m  [0m[7m  [0m[7m  [0m[7m  [0m[7m  [0m[7m  [0m[7m  [0m[7m  [0m[7m  [0m[7m  [0m[7m  [0m[7m  [0m[7m  [0m[7m  [0m[7m  [0m[7m  [0m[7m  [0m[7m  [0m
[7m  [0m[49m  [0m[49m  [0m[49m  [0m[49m  [0m[49m  [0m[49m  [0m[49m  [0m[7m  [0m[7m  [0m[7m  [0m[49m  [0m[7m  [0m[7m  [0m[49m  [0m[7m  [0m[7m  [0m[49m  [0m[7m  [0m[49m  [0m[49m  [0m[49m  [0m[49m  [0m[49m  [0m[49m  [0m[49m  [0m[7m  [0m
[7m  [0m[49m  [0m[7m  [0m[7m  [0m[7m  [0m[7m  [0m[7m  [0m[49m  [0m[7m  [0m[49m  [0m[49m  [0m[49m  [0m[7m  [0m[7m  [0m[7m  [0m[7m  [0m[49m  [0m[7m  [0m[7m  [0m[49m  [0m[7m  [0m[7m  [0m[7m  [0m[7m  [0m[7m  [0m[49m  [0m[7m  [0m
[7m  [0m[49m  [0m[7m  [0m[49m  [0m[49m  [0m[49m  [0m[7m  [0m[49m  [0m[7m  [0m[49m  [0m[7m  [0m[7m  [0m[7m  [0m[7m  [0m[49m  [0m[7m  [0m[49m  [0m[49m  [0m[7m  [0m[49m  [0m[7m  [0m[49m  [0m[49m  [0m[49m  [0m[7m  [0m[49m  [0m[7m  [0m
[7m  [0m[49m  [0m[7m  [0m[49m  [0m[49m  [0m[49m  [0m[7m  [0m[49m  [0m[7m  [0m[7m  [0m[49m  [0m[7m  [0m[7m  [0m[49m  [0m[7m  [0m[49m  [0m[7m  [0m[49m  [0m[7m  [0m[49m  [0m[7m  [0m[49m  [0m[49m  [0m[49m  [0m[7m  [0m[49m  [0m[7m  [0m
[7m  [0m[49m  [0m[7m  [0m[49m  [0m[49m  [0m[49m  [0m[7m  [0m[49m  [0m[7m  [0m[49m  [0m[49m  [0m[49m  [0m[7m  [0m[49m  [0m[7m  [0m[49m  [0m[49m  [0m[7m  [0m[7m  [0m[49m  [0m[7m  [0m[49m  [0m[49m  [0m[49m  [0m[7m  [0m[49m  [0m[7m  [0m
[7m  [0m[49m  [0m[7m  [0m[7m  [0m[7m  [0m[7m  [0m[7m  [0m[49m  [0m[7m  [0m[49m  [0m[7m  [0m[49m  [0m[7m  [0m[49m  [0m[7m  [0m[7m  [0m[7m  [0m[49m  [0m[7m  [0m[49m  [0m[7m  [0m[7m  [0m[7m  [0m[7m  [0m[7m  [0m[49m  [0m[7m  [0m
[7m  [0m[49m  [0m[49m  [0m[49m  [0m[49m  [0m[49m  [0m[49m  [0m[49m  [0m[7m  [0m[49m  [0m[7m  [0m[49m  [0m[7m  [0m[49m  [0m[7m  [0m[49m  [0m[7m  [0m[49m  [0m[7m  [0m[49m  [0m[49m  [0m[49m  [0m[49m  [0m[49m  [0m[49m  [0m[49m  [0m[7m  [0m
[7m  [0m[7m  [0m[7m  [0m[7m  [0m[7m  [0m[7m  [0m[7m  [0m[7m  [0m[7m  [0m[49m  [0m[7m  [0m[49m  [0m[49m  [0m[7m  [0m[49m  [0m[7m  [0m[7m  [0m[49m  [0m[7m  [0m[7m  [0m[7m  [0m[7m  [0m[7m  [0m[7m  [0m[7m  [0m[7m  [0m[7m  [0m
[7m  [0m[49m  [0m[49m  [0m[7m  [0m[49m  [0m[7m  [0m[7m  [0m[49m  [0m[49m  [0m[7m  [0m[7m  [0m[7m  [0m[49m  [0m[49m  [0m[49m  [0m[49m  [0m[49m  [0m[7m  [0m[7m  [0m[49m  [0m[49m  [0m[49m  [0m[7m  [0m[49m  [0m[49m  [0m[7m  [0m[7m  [0m
[7m  [0m[49m  [0m[49m  [0m[49m  [0m[7m  [0m[7m  [0m[7m  [0m[7m  [0m[7m  [0m[49m  [0m[49m  [0m[7m  [0m[49m  [0m[49m  [0m[7m  [0m[7m  [0m[7m  [0m[49m  [0m[49m  [0m[49m  [0m[7m  [0m[49m  [0m[7m  [0m[7m  [0m[49m  [0m[49m  [0m[7m  [0m
[7m  [0m[49m  [0m[7m  [0m[49m  [0m[7m  [0m[49m  [0m[7m  [0m[49m  [0m[7m  [0m[7m  [0m[7m  [0m[7m  [0m[49m  [0m[49m  [0m[49m  [0m[7m  [0m[49m  [0m[7m  [0m[49m  [0m[7m  [0m[49m  [0m[7m  [0m[49m  [0m[7m  [0m[49m  [0m[49m  [0m[7m  [0m
[7m  [0m[49m  [0m[7m  [0m[49m  [0m[49m  [0m[49m  [0m[7m  [0m[7m  [0m[7m  [0m[49m  [0m[49m  [0m[49m  [0m[49m  [0m[49m  [0m[7m  [0m[49m  [0m[49m  [0m[49m  [0m[7m  [0m[7m  [0m[49m  [0m[49m  [0m[7m  [0m[7m  [0m[7m  [0m[49m  [0m[7m  [0m
[7m  [0m[49m  [0m[7m  [0m[49m  [0m[49m  [0m[49m  [0m[49m  [0m[49m  [0m[7m  [0m[7m  [0m[7m  [0m[49m  [0m[49m  [0m[7m  [0m[49m  [0m[7m  [0m[7m  [0m[7m  [0m[49m  [0m[7m  [0m[7m  [0m[7m  [0m[7m  [0m[49m  [0m[7m  [0m[7m  [0m[7m  [0m
[7m  [0m[7m  [0m[7m  [0m[7m  [0m[49m  [0m[7m  [0m[7m  [0m[7m  [0m[7m  [0m[49m  [0m[49m  [0m[7m  [0m[49m  [0m[7m  [0m[7m  [0m[7m  [0m[49m  [0m[49m  [0m[7m  [0m[49m  [0m[49m  [0m[49m  [0m[7m  [0m[49m  [0m[49m  [0m[49m  [0m[7m  [0m
[7m  [0m[49m  [0m[7m  [0m[49m  [0m[49m  [0m[49m  [0m[49m  [0m[49m  [0m[49m  [0m[7m  [0m[7m  [0m[7m  [0m[49m  [0m[7m  [0m[7m  [0m[49m  [0m[49m  [0m[49m  [0m[7m  [0m[7m  [0m[49m  [0m[7m  [0m[7m  [0m[7m  [0m[49m  [0m[7m  [0m[7m  [0m
[7m  [0m[7m  [0m[49m  [0m[49m  [0m[49m  [0m[49m  [0m[7m  [0m[7m  [0m[49m  [0m[49m  [0m[7m  [0m[49m  [0m[49m  [0m[7m  [0m[7m  [0m[7m  [0m[49m  [0m[7m  [0m[49m  [0m[49m  [0m[7m  [0m[49m  [0m[49m  [0m[7m  [0m[7m  [0m[7m  [0m[7m  [0m
[7m  [0m[49m  [0m[49m  [0m[49m  [0m[49m  [0m[7m  [0m[7m  [0m[49m  [0m[49m  [0m[7m  [0m[7m  [0m[49m  [0m[7m  [0m[49m  [0m[7m  [0m[7m  [0m[49m  [0m[49m  [0m[49m  [0m[49m  [0m[49m  [0m[49m  [0m[49m  [0m[49m  [0m[7m  [0m[49m  [0m[7m  [0m
[7m  [0m[7m  [0m[7m  [0m[7m  [0m[7m  [0m[7m  [0m[7m  [0m[7m  [0m[7m  [0m[49m  [0m[49m  [0m[49m  [0m[7m  [0m[49m  [0m[49m  [0m[49m  [0m[49m  [0m[49m  [0m[7m  [0m[7m  [0m[7m  [0m[49m  [0m[7m  [0m[49m  [0m[49m  [0m[49m  [0m[7m  [0m
[7m  [0m[49m  [0m[49m  [0m[49m  [0m[49m  [0m[49m  [0m[49m  [0m[49m  [0m[7m  [0m[49m  [0m[7m  [0m[7m  [0m[49m  [0m[49m  [0m[7m  [0m[49m  [0m[7m  [0m[49m  [0m[7m  [0m[49m  [0m[7m  [0m[49m  [0m[49m  [0m[49m  [0m[7m  [0m[7m  [0m[7m  [0m
[7m  [0m[49m  [0m[7m  [0m[7m  [0m[7m  [0m[7m  [0m[7m  [0m[49m  [0m[7m  [0m[7m  [0m[49m  [0m[7m  [0m[7m  [0m[49m  [0m[7m  [0m[7m  [0m[7m  [0m[49m  [0m[7m  [0m[7m  [0m[7m  [0m[49m  [0m[7m  [0m[7m  [0m[7m  [0m[49m  [0m[7m  [0m
[7m  [0m[49m  [0m[7m  [0m[49m  [0m[49m  [0m[49m  [0m[7m  [0m[49m  [0m[7m  [0m[7m  [0m[49m  [0m[49m  [0m[7m  [0m[7m  [0m[7m  [0m[7m  [0m[49m  [0m[49m  [0m[49m  [0m[49m  [0m[49m  [0m[49m  [0m[49m  [0m[49m  [0m[7m  [0m[7m  [0m[7m  [0m
[7m  [0m[49m  [0m[7m  [0m[49m  [0m[49m  [0m[49m  [0m[7m  [0m[49m  [0m[7m  [0m[49m  [0m[49m  [0m[7m  [0m[49m  [0m[7m  [0m[7m  [0m[7m  [0m[7m  [0m[7m  [0m[49m  [0m[7m  [0m[7m  [0m[49m  [0m[49m  [0m[7m  [0m[49m  [0m[7m  [0m[7m  [0m
[7m  [0m[49m  [0m[7m  [0m[49m  [0m[49m  [0m[49m  [0m[7m  [0m[49m  [0m[7m  [0m[7m  [0m[49m  [0m[7m  [0m[7m  [0m[7m  [0m[7m  [0m[7m  [0m[7m  [0m[7m  [0m[49m  [0m[49m  [0m[49m  [0m[49m  [0m[7m  [0m[49m  [0m[7m  [0m[49m  [0m[7m  [0m
[7m  [0m[49m  [0m[7m  [0m[7m  [0m[7m  [0m[7m  [0m[7m  [0m[49m  [0m[7m  [0m[49m  [0m[49m  [0m[49m  [0m[7m  [0m[7m  [0m[7m  [0m[49m  [0m[7m  [0m[7m  [0m[49m  [0m[7m  [0m[49m  [0m[7m  [0m[7m  [0m[7m  [0m[7m  [0m[49m  [0m[7m  [0m
[7m  [0m[49m  [0m[49m  [0m[49m  [0m[49m  [0m[49m  [0m[49m  [0m[49m  [0m[7m  [0m[49m  [0m[7m  [0m[7m  [0m[7m  [0m[49m  [0m[7m  [0m[7m  [0m[7m  [0m[49m  [0m[7m  [0m[49m  [0m[49m  [0m[7m  [0m[49m  [0m[7m  [0m[7m  [0m[49m  [0m[7m  [0m
[7m  [0m[7m  [0m[7m  [0m[7m  [0m[7m  [0m[7m  [0m[7m  [0m[7m  [0m[7m  [0m[7m  [0m[7m  [0m[7m  [0m[7m  [0m[7m  [0m[7m  [0m[7m  [0m[7m  [0m[7m  [0m[7m  [0m[7m  [0m[7m  [0m[7m  [0m[7m  [0m[7m  [0m[7m  [0m[7m  [0m[7m  [0m

f3e93ae6bec4c2.lhr.life tunneled with tls termination, https://f3e93ae6bec4c2.lhr.life
create an account and add your key for a longer lasting domain name. see https://localhost.run/docs/forever-free/ for more information.
Open your tunnel address on your mobile with this QR:

[7m  [0m[7m  [0m[7m  [0m[7m  [0m[7m  [0m[7m  [0m[7m  [0m[7m  [0m[7m  [0m[7m  [0m[7m  [0m[7m  [0m[7m  [0m[7m  [0m[7m  [0m[7m  [0m[7m  [0m[7m  [0m[7m  [0m[7m  [0m[7m  [0m[7m  [0m[7m  [0m[7m  [0m[7m  [0m[7m  [0m[7m  [0m
[7m  [0m[49m  [0m[49m  [0m[49m  [0m[49m  [0m[49m  [0m[49m  [0m[49m  [0m[7m  [0m[7m  [0m[7m  [0m[49m  [0m[7m  [0m[7m  [0m[49m  [0m[7m  [0m[7m  [0m[49m  [0m[7m  [0m[49m  [0m[49m  [0m[49m  [0m[49m  [0m[49m  [0m[49m  [0m[49m  [0m[7m  [0m
[7m  [0m[49m  [0m[7m  [0m[7m  [0m[7m  [0m[7m  [0m[7m  [0m[49m  [0m[7m  [0m[49m  [0m[49m  [0m[49m  [0m[7m  [0m[7m  [0m[7m  [0m[7m  [0m[49m  [0m[7m  [0m[7m  [0m[49m  [0m[7m  [0m[7m  [0m[7m  [0m[7m  [0m[7m  [0m[49m  [0m[7m  [0m
[7m  [0m[49m  [0m[7m  [0m[49m  [0m[49m  [0m[49m  [0m[7m  [0m[49m  [0m[7m  [0m[49m  [0m[7m  [0m[7m  [0m[7m  [0m[7m  [0m[49m  [0m[7m  [0m[49m  [0m[49m  [0m[7m  [0m[49m  [0m[7m  [0m[49m  [0m[49m  [0m[49m  [0m[7m  [0m[49m  [0m[7m  [0m
[7m  [0m[49m  [0m[7m  [0m[49m  [0m[49m  [0m[49m  [0m[7m  [0m[49m  [0m[7m  [0m[7m  [0m[49m  [0m[7m  [0m[7m  [0m[49m  [0m[7m  [0m[49m  [0m[7m  [0m[49m  [0m[7m  [0m[49m  [0m[7m  [0m[49m  [0m[49m  [0m[49m  [0m[7m  [0m[49m  [0m[7m  [0m
[7m  [0m[49m  [0m[7m  [0m[49m  [0m[49m  [0m[49m  [0m[7m  [0m[49m  [0m[7m  [0m[49m  [0m[49m  [0m[49m  [0m[7m  [0m[49m  [0m[7m  [0m[49m  [0m[49m  [0m[7m  [0m[7m  [0m[49m  [0m[7m  [0m[49m  [0m[49m  [0m[49m  [0m[7m  [0m[49m  [0m[7m  [0m
[7m  [0m[49m  [0m[7m  [0m[7m  [0m[7m  [0m[7m  [0m[7m  [0m[49m  [0m[7m  [0m[49m  [0m[7m  [0m[49m  [0m[7m  [0m[49m  [0m[7m  [0m[7m  [0m[7m  [0m[49m  [0m[7m  [0m[49m  [0m[7m  [0m[7m  [0m[7m  [0m[7m  [0m[7m  [0m[49m  [0m[7m  [0m
[7m  [0m[49m  [0m[49m  [0m[49m  [0m[49m  [0m[49m  [0m[49m  [0m[49m  [0m[7m  [0m[49m  [0m[7m  [0m[49m  [0m[7m  [0m[49m  [0m[7m  [0m[49m  [0m[7m  [0m[49m  [0m[7m  [0m[49m  [0m[49m  [0m[49m  [0m[49m  [0m[49m  [0m[49m  [0m[49m  [0m[7m  [0m
[7m  [0m[7m  [0m[7m  [0m[7m  [0m[7m  [0m[7m  [0m[7m  [0m[7m  [0m[7m  [0m[49m  [0m[7m  [0m[49m  [0m[49m  [0m[7m  [0m[49m  [0m[7m  [0m[7m  [0m[49m  [0m[7m  [0m[7m  [0m[7m  [0m[7m  [0m[7m  [0m[7m  [0m[7m  [0m[7m  [0m[7m  [0m
[7m  [0m[49m  [0m[49m  [0m[7m  [0m[49m  [0m[7m  [0m[7m  [0m[49m  [0m[49m  [0m[7m  [0m[7m  [0m[7m  [0m[49m  [0m[49m  [0m[49m  [0m[49m  [0m[49m  [0m[7m  [0m[7m  [0m[49m  [0m[49m  [0m[49m  [0m[7m  [0m[49m  [0m[49m  [0m[7m  [0m[7m  [0m
[7m  [0m[49m  [0m[49m  [0m[7m  [0m[49m  [0m[49m  [0m[7m  [0m[7m  [0m[49m  [0m[7m  [0m[49m  [0m[7m  [0m[49m  [0m[49m  [0m[7m  [0m[7m  [0m[7m  [0m[7m  [0m[49m  [0m[7m  [0m[7m  [0m[7m  [0m[7m  [0m[7m  [0m[49m  [0m[49m  [0m[7m  [0m
[7m  [0m[7m  [0m[7m  [0m[49m  [0m[49m  [0m[7m  [0m[49m  [0m[49m  [0m[7m  [0m[49m  [0m[7m  [0m[7m  [0m[49m  [0m[49m  [0m[49m  [0m[7m  [0m[49m  [0m[49m  [0m[49m  [0m[49m  [0m[49m  [0m[7m  [0m[49m  [0m[7m  [0m[49m  [0m[49m  [0m[7m  [0m
[7m  [0m[49m  [0m[49m  [0m[49m  [0m[7m  [0m[7m  [0m[7m  [0m[7m  [0m[49m  [0m[7m  [0m[49m  [0m[49m  [0m[49m  [0m[49m  [0m[7m  [0m[49m  [0m[7m  [0m[49m  [0m[49m  [0m[7m  [0m[49m  [0m[49m  [0m[7m  [0m[7m  [0m[7m  [0m[49m  [0m[7m  [0m
[7m  [0m[7m  [0m[7m  [0m[7m  [0m[49m  [0m[7m  [0m[49m  [0m[49m  [0m[49m  [0m[49m  [0m[7m  [0m[49m  [0m[49m  [0m[7m  [0m[49m  [0m[7m  [0m[7m  [0m[49m  [0m[7m  [0m[49m  [0m[7m  [0m[7m  [0m[7m  [0m[49m  [0m[7m  [0m[7m  [0m[7m  [0m
[7m  [0m[7m  [0m[49m  [0m[7m  [0m[49m  [0m[49m  [0m[49m  [0m[7m  [0m[49m  [0m[7m  [0m[7m  [0m[7m  [0m[49m  [0m[7m  [0m[7m  [0m[7m  [0m[49m  [0m[49m  [0m[7m  [0m[49m  [0m[49m  [0m[49m  [0m[7m  [0m[49m  [0m[49m  [0m[49m  [0m[7m  [0m
[7m  [0m[49m  [0m[7m  [0m[7m  [0m[49m  [0m[49m  [0m[7m  [0m[49m  [0m[49m  [0m[49m  [0m[7m  [0m[7m  [0m[49m  [0m[7m  [0m[7m  [0m[49m  [0m[49m  [0m[49m  [0m[7m  [0m[7m  [0m[49m  [0m[49m  [0m[7m  [0m[7m  [0m[49m  [0m[7m  [0m[7m  [0m
[7m  [0m[7m  [0m[49m  [0m[49m  [0m[7m  [0m[49m  [0m[7m  [0m[7m  [0m[7m  [0m[49m  [0m[7m  [0m[49m  [0m[49m  [0m[7m  [0m[7m  [0m[7m  [0m[49m  [0m[7m  [0m[49m  [0m[49m  [0m[7m  [0m[49m  [0m[49m  [0m[7m  [0m[7m  [0m[7m  [0m[7m  [0m
[7m  [0m[49m  [0m[49m  [0m[7m  [0m[49m  [0m[7m  [0m[49m  [0m[49m  [0m[49m  [0m[49m  [0m[7m  [0m[7m  [0m[7m  [0m[49m  [0m[7m  [0m[7m  [0m[7m  [0m[49m  [0m[49m  [0m[49m  [0m[49m  [0m[49m  [0m[49m  [0m[49m  [0m[7m  [0m[49m  [0m[7m  [0m
[7m  [0m[7m  [0m[7m  [0m[7m  [0m[7m  [0m[7m  [0m[7m  [0m[7m  [0m[7m  [0m[49m  [0m[7m  [0m[49m  [0m[7m  [0m[49m  [0m[49m  [0m[49m  [0m[49m  [0m[49m  [0m[7m  [0m[7m  [0m[7m  [0m[49m  [0m[7m  [0m[49m  [0m[49m  [0m[49m  [0m[7m  [0m
[7m  [0m[49m  [0m[49m  [0m[49m  [0m[49m  [0m[49m  [0m[49m  [0m[49m  [0m[7m  [0m[49m  [0m[49m  [0m[49m  [0m[49m  [0m[49m  [0m[7m  [0m[49m  [0m[7m  [0m[49m  [0m[7m  [0m[49m  [0m[7m  [0m[49m  [0m[49m  [0m[49m  [0m[7m  [0m[7m  [0m[7m  [0m
[7m  [0m[49m  [0m[7m  [0m[7m  [0m[7m  [0m[7m  [0m[7m  [0m[49m  [0m[7m  [0m[7m  [0m[7m  [0m[7m  [0m[7m  [0m[49m  [0m[7m  [0m[7m  [0m[7m  [0m[49m  [0m[7m  [0m[7m  [0m[7m  [0m[49m  [0m[7m  [0m[7m  [0m[7m  [0m[49m  [0m[7m  [0m
[7m  [0m[49m  [0m[7m  [0m[49m  [0m[49m  [0m[49m  [0m[7m  [0m[49m  [0m[7m  [0m[7m  [0m[49m  [0m[7m  [0m[7m  [0m[7m  [0m[7m  [0m[7m  [0m[7m  [0m[49m  [0m[49m  [0m[49m  [0m[49m  [0m[49m  [0m[49m  [0m[49m  [0m[7m  [0m[7m  [0m[7m  [0m
[7m  [0m[49m  [0m[7m  [0m[49m  [0m[49m  [0m[49m  [0m[7m  [0m[49m  [0m[7m  [0m[49m  [0m[7m  [0m[49m  [0m[49m  [0m[7m  [0m[7m  [0m[7m  [0m[49m  [0m[7m  [0m[49m  [0m[7m  [0m[49m  [0m[7m  [0m[49m  [0m[7m  [0m[49m  [0m[7m  [0m[7m  [0m
[7m  [0m[49m  [0m[7m  [0m[49m  [0m[49m  [0m[49m  [0m[7m  [0m[49m  [0m[7m  [0m[7m  [0m[49m  [0m[49m  [0m[7m  [0m[7m  [0m[7m  [0m[7m  [0m[49m  [0m[7m  [0m[49m  [0m[49m  [0m[7m  [0m[49m  [0m[7m  [0m[49m  [0m[7m  [0m[49m  [0m[7m  [0m
[7m  [0m[49m  [0m[7m  [0m[7m  [0m[7m  [0m[7m  [0m[7m  [0m[49m  [0m[7m  [0m[49m  [0m[49m  [0m[49m  [0m[7m  [0m[7m  [0m[7m  [0m[49m  [0m[7m  [0m[7m  [0m[49m  [0m[49m  [0m[49m  [0m[7m  [0m[49m  [0m[49m  [0m[7m  [0m[49m  [0m[7m  [0m
[7m  [0m[49m  [0m[49m  [0m[49m  [0m[49m  [0m[49m  [0m[49m  [0m[49m  [0m[7m  [0m[49m  [0m[49m  [0m[49m  [0m[7m  [0m[49m  [0m[7m  [0m[7m  [0m[49m  [0m[7m  [0m[49m  [0m[7m  [0m[49m  [0m[49m  [0m[7m  [0m[7m  [0m[7m  [0m[49m  [0m[7m  [0m
[7m  [0m[7m  [0m[7m  [0m[7m  [0m[7m  [0m[7m  [0m[7m  [0m[7m  [0m[7m  [0m[7m  [0m[7m  [0m[7m  [0m[7m  [0m[7m  [0m[7m  [0m[7m  [0m[7m  [0m[7m  [0m[7m  [0m[7m  [0m[7m  [0m[7m  [0m[7m  [0m[7m  [0m[7m  [0m[7m  [0m[7m  [0m

4200b5346c088e.lhr.life tunneled with tls termination, https://4200b5346c088e.lhr.life
create an account and add your key for a longer lasting domain name. see https://localhost.run/docs/forever-free/ for more information.
Open your tunnel address on your mobile with this QR:

[7m  [0m[7m  [0m[7m  [0m[7m  [0m[7m  [0m[7m  [0m[7m  [0m[7m  [0m[7m  [0m[7m  [0m[7m  [0m[7m  [0m[7m  [0m[7m  [0m[7m  [0m[7m  [0m[7m  [0m[7m  [0m[7m  [0m[7m  [0m[7m  [0m[7m  [0m[7m  [0m[7m  [0m[7m  [0m[7m  [0m[7m  [0m
[7m  [0m[49m  [0m[49m  [0m[49m  [0m[49m  [0m[49m  [0m[49m  [0m[49m  [0m[7m  [0m[7m  [0m[7m  [0m[49m  [0m[7m  [0m[7m  [0m[49m  [0m[7m  [0m[7m  [0m[49m  [0m[7m  [0m[49m  [0m[49m  [0m[49m  [0m[49m  [0m[49m  [0m[49m  [0m[49m  [0m[7m  [0m
[7m  [0m[49m  [0m[7m  [0m[7m  [0m[7m  [0m[7m  [0m[7m  [0m[49m  [0m[7m  [0m[49m  [0m[49m  [0m[49m  [0m[7m  [0m[7m  [0m[7m  [0m[7m  [0m[49m  [0m[7m  [0m[7m  [0m[49m  [0m[7m  [0m[7m  [0m[7m  [0m[7m  [0m[7m  [0m[49m  [0m[7m  [0m
[7m  [0m[49m  [0m[7m  [0m[49m  [0m[49m  [0m[49m  [0m[7m  [0m[49m  [0m[7m  [0m[49m  [0m[7m  [0m[7m  [0m[7m  [0m[7m  [0m[49m  [0m[7m  [0m[49m  [0m[49m  [0m[7m  [0m[49m  [0m[7m  [0m[49m  [0m[49m  [0m[49m  [0m[7m  [0m[49m  [0m[7m  [0m
[7m  [0m[49m  [0m[7m  [0m[49m  [0m[49m  [0m[49m  [0m[7m  [0m[49m  [0m[7m  [0m[7m  [0m[49m  [0m[7m  [0m[7m  [0m[49m  [0m[7m  [0m[49m  [0m[7m  [0m[49m  [0m[7m  [0m[49m  [0m[7m  [0m[49m  [0m[49m  [0m[49m  [0m[7m  [0m[49m  [0m[7m  [0m
[7m  [0m[49m  [0m[7m  [0m[49m  [0m[49m  [0m[49m  [0m[7m  [0m[49m  [0m[7m  [0m[49m  [0m[49m  [0m[49m  [0m[7m  [0m[49m  [0m[7m  [0m[49m  [0m[49m  [0m[7m  [0m[7m  [0m[49m  [0m[7m  [0m[49m  [0m[49m  [0m[49m  [0m[7m  [0m[49m  [0m[7m  [0m
[7m  [0m[49m  [0m[7m  [0m[7m  [0m[7m  [0m[7m  [0m[7m  [0m[49m  [0m[7m  [0m[49m  [0m[7m  [0m[49m  [0m[7m  [0m[49m  [0m[7m  [0m[7m  [0m[7m  [0m[49m  [0m[7m  [0m[49m  [0m[7m  [0m[7m  [0m[7m  [0m[7m  [0m[7m  [0m[49m  [0m[7m  [0m
[7m  [0m[49m  [0m[49m  [0m[49m  [0m[49m  [0m[49m  [0m[49m  [0m[49m  [0m[7m  [0m[49m  [0m[7m  [0m[49m  [0m[7m  [0m[49m  [0m[7m  [0m[49m  [0m[7m  [0m[49m  [0m[7m  [0m[49m  [0m[49m  [0m[49m  [0m[49m  [0m[49m  [0m[49m  [0m[49m  [0m[7m  [0m
[7m  [0m[7m  [0m[7m  [0m[7m  [0m[7m  [0m[7m  [0m[7m  [0m[7m  [0m[7m  [0m[49m  [0m[7m  [0m[49m  [0m[49m  [0m[7m  [0m[49m  [0m[7m  [0m[7m  [0m[49m  [0m[7m  [0m[7m  [0m[7m  [0m[7m  [0m[7m  [0m[7m  [0m[7m  [0m[7m  [0m[7m  [0m
[7m  [0m[49m  [0m[49m  [0m[7m  [0m[49m  [0m[7m  [0m[7m  [0m[49m  [0m[49m  [0m[7m  [0m[7m  [0m[7m  [0m[49m  [0m[49m  [0m[49m  [0m[49m  [0m[49m  [0m[7m  [0m[7m  [0m[49m  [0m[49m  [0m[49m  [0m[7m  [0m[49m  [0m[49m  [0m[7m  [0m[7m  [0m
[7m  [0m[7m  [0m[49m  [0m[49m  [0m[7m  [0m[49m  [0m[7m  [0m[7m  [0m[49m  [0m[49m  [0m[49m  [0m[7m  [0m[49m  [0m[49m  [0m[7m  [0m[7m  [0m[7m  [0m[7m  [0m[7m  [0m[7m  [0m[7m  [0m[49m  [0m[7m  [0m[7m  [0m[49m  [0m[49m  [0m[7m  [0m
[7m  [0m[49m  [0m[7m  [0m[7m  [0m[49m  [0m[7m  [0m[7m  [0m[49m  [0m[7m  [0m[7m  [0m[7m  [0m[7m  [0m[49m  [0m[49m  [0m[49m  [0m[7m  [0m[49m  [0m[49m  [0m[7m  [0m[49m  [0m[7m  [0m[7m  [0m[49m  [0m[7m  [0m[49m  [0m[49m  [0m[7m  [0m
[7m  [0m[49m  [0m[49m  [0m[7m  [0m[49m  [0m[49m  [0m[7m  [0m[7m  [0m[49m  [0m[49m  [0m[49m  [0m[49m  [0m[49m  [0m[49m  [0m[7m  [0m[49m  [0m[49m  [0m[49m  [0m[7m  [0m[7m  [0m[7m  [0m[49m  [0m[7m  [0m[7m  [0m[7m  [0m[49m  [0m[7m  [0m
[7m  [0m[49m  [0m[49m  [0m[49m  [0m[7m  [0m[7m  [0m[49m  [0m[49m  [0m[49m  [0m[49m  [0m[7m  [0m[49m  [0m[49m  [0m[7m  [0m[49m  [0m[7m  [0m[49m  [0m[7m  [0m[49m  [0m[49m  [0m[7m  [0m[49m  [0m[7m  [0m[49m  [0m[7m  [0m[7m  [0m[7m  [0m
[7m  [0m[7m  [0m[49m  [0m[49m  [0m[49m  [0m[7m  [0m[7m  [0m[7m  [0m[7m  [0m[7m  [0m[49m  [0m[7m  [0m[49m  [0m[7m  [0m[7m  [0m[7m  [0m[49m  [0m[7m  [0m[49m  [0m[7m  [0m[7m  [0m[7m  [0m[7m  [0m[49m  [0m[49m  [0m[49m  [0m[7m  [0m
[7m  [0m[49m  [0m[7m  [0m[7m  [0m[7m  [0m[7m  [0m[49m  [0m[49m  [0m[7m  [0m[49m  [0m[49m  [0m[49m  [0m[49m  [0m[7m  [0m[7m  [0m[49m  [0m[7m  [0m[49m  [0m[7m  [0m[49m  [0m[7m  [0m[7m  [0m[7m  [0m[7m  [0m[49m  [0m[7m  [0m[7m  [0m
[7m  [0m[7m  [0m[49m  [0m[7m  [0m[7m  [0m[49m  [0m[7m  [0m[7m  [0m[7m  [0m[7m  [0m[7m  [0m[49m  [0m[49m  [0m[7m  [0m[7m  [0m[7m  [0m[49m  [0m[7m  [0m[7m  [0m[7m  [0m[49m  [0m[7m  [0m[49m  [0m[7m  [0m[7m  [0m[7m  [0m[7m  [0m
[7m  [0m[49m  [0m[49m  [0m[49m  [0m[49m  [0m[7m  [0m[7m  [0m[49m  [0m[49m  [0m[7m  [0m[7m  [0m[49m  [0m[7m  [0m[49m  [0m[7m  [0m[7m  [0m[7m  [0m[49m  [0m[49m  [0m[49m  [0m[49m  [0m[49m  [0m[49m  [0m[49m  [0m[7m  [0m[49m  [0m[7m  [0m
[7m  [0m[7m  [0m[7m  [0m[7m  [0m[7m  [0m[7m  [0m[7m  [0m[7m  [0m[7m  [0m[49m  [0m[7m  [0m[49m  [0m[7m  [0m[49m  [0m[49m  [0m[49m  [0m[7m  [0m[49m  [0m[7m  [0m[7m  [0m[7m  [0m[49m  [0m[7m  [0m[49m  [0m[49m  [0m[49m  [0m[7m  [0m
[7m  [0m[49m  [0m[49m  [0m[49m  [0m[49m  [0m[49m  [0m[49m  [0m[49m  [0m[7m  [0m[49m  [0m[49m  [0m[7m  [0m[49m  [0m[49m  [0m[7m  [0m[49m  [0m[7m  [0m[49m  [0m[7m  [0m[49m  [0m[7m  [0m[49m  [0m[49m  [0m[49m  [0m[7m  [0m[7m  [0m[7m  [0m
[7m  [0m[49m  [0m[7m  [0m[7m  [0m[7m  [0m[7m  [0m[7m  [0m[49m  [0m[7m  [0m[7m  [0m[49m  [0m[49m  [0m[7m  [0m[49m  [0m[7m  [0m[7m  [0m[49m  [0m[49m  [0m[7m  [0m[7m  [0m[7m  [0m[49m  [0m[7m  [0m[7m  [0m[7m  [0m[49m  [0m[7m  [0m
[7m  [0m[49m  [0m[7m  [0m[49m  [0m[49m  [0m[49m  [0m[7m  [0m[49m  [0m[7m  [0m[7m  [0m[49m  [0m[7m  [0m[7m  [0m[7m  [0m[7m  [0m[7m  [0m[7m  [0m[49m  [0m[49m  [0m[49m  [0m[49m  [0m[49m  [0m[49m  [0m[49m  [0m[7m  [0m[7m  [0m[7m  [0m
[7m  [0m[49m  [0m[7m  [0m[49m  [0m[49m  [0m[49m  [0m[7m  [0m[49m  [0m[7m  [0m[49m  [0m[49m  [0m[7m  [0m[49m  [0m[7m  [0m[7m  [0m[7m  [0m[49m  [0m[7m  [0m[49m  [0m[49m  [0m[49m  [0m[7m  [0m[49m  [0m[7m  [0m[49m  [0m[7m  [0m[7m  [0m
[7m  [0m[49m  [0m[7m  [0m[49m  [0m[49m  [0m[49m  [0m[7m  [0m[49m  [0m[7m  [0m[7m  [0m[49m  [0m[49m  [0m[7m  [0m[7m  [0m[7m  [0m[7m  [0m[7m  [0m[7m  [0m[49m  [0m[49m  [0m[49m  [0m[49m  [0m[7m  [0m[7m  [0m[7m  [0m[49m  [0m[7m  [0m
[7m  [0m[49m  [0m[7m  [0m[7m  [0m[7m  [0m[7m  [0m[7m  [0m[49m  [0m[7m  [0m[49m  [0m[49m  [0m[7m  [0m[7m  [0m[7m  [0m[7m  [0m[49m  [0m[49m  [0m[49m  [0m[7m  [0m[7m  [0m[49m  [0m[7m  [0m[49m  [0m[49m  [0m[7m  [0m[49m  [0m[7m  [0m
[7m  [0m[49m  [0m[49m  [0m[49m  [0m[49m  [0m[49m  [0m[49m  [0m[49m  [0m[7m  [0m[49m  [0m[7m  [0m[7m  [0m[7m  [0m[49m  [0m[7m  [0m[7m  [0m[7m  [0m[7m  [0m[49m  [0m[49m  [0m[49m  [0m[49m  [0m[49m  [0m[7m  [0m[7m  [0m[49m  [0m[7m  [0m
[7m  [0m[7m  [0m[7m  [0m[7m  [0m[7m  [0m[7m  [0m[7m  [0m[7m  [0m[7m  [0m[7m  [0m[7m  [0m[7m  [0m[7m  [0m[7m  [0m[7m  [0m[7m  [0m[7m  [0m[7m  [0m[7m  [0m[7m  [0m[7m  [0m[7m  [0m[7m  [0m[7m  [0m[7m  [0m[7m  [0m[7m  [0m

42e886563fcb6b.lhr.life tunneled with tls termination, https://42e886563fcb6b.lhr.life
create an account and add your key for a longer lasting domain name. see https://localhost.run/docs/forever-free/ for more information.
Open your tunnel address on your mobile with this QR:

[7m  [0m[7m  [0m[7m  [0m[7m  [0m[7m  [0m[7m  [0m[7m  [0m[7m  [0m[7m  [0m[7m  [0m[7m  [0m[7m  [0m[7m  [0m[7m  [0m[7m  [0m[7m  [0m[7m  [0m[7m  [0m[7m  [0m[7m  [0m[7m  [0m[7m  [0m[7m  [0m[7m  [0m[7m  [0m[7m  [0m[7m  [0m
[7m  [0m[49m  [0m[49m  [0m[49m  [0m[49m  [0m[49m  [0m[49m  [0m[49m  [0m[7m  [0m[7m  [0m[7m  [0m[49m  [0m[7m  [0m[7m  [0m[49m  [0m[7m  [0m[7m  [0m[49m  [0m[7m  [0m[49m  [0m[49m  [0m[49m  [0m[49m  [0m[49m  [0m[49m  [0m[49m  [0m[7m  [0m
[7m  [0m[49m  [0m[7m  [0m[7m  [0m[7m  [0m[7m  [0m[7m  [0m[49m  [0m[7m  [0m[49m  [0m[49m  [0m[49m  [0m[7m  [0m[7m  [0m[7m  [0m[7m  [0m[49m  [0m[7m  [0m[7m  [0m[49m  [0m[7m  [0m[7m  [0m[7m  [0m[7m  [0m[7m  [0m[49m  [0m[7m  [0m
[7m  [0m[49m  [0m[7m  [0m[49m  [0m[49m  [0m[49m  [0m[7m  [0m[49m  [0m[7m  [0m[49m  [0m[7m  [0m[7m  [0m[7m  [0m[7m  [0m[49m  [0m[7m  [0m[49m  [0m[49m  [0m[7m  [0m[49m  [0m[7m  [0m[49m  [0m[49m  [0m[49m  [0m[7m  [0m[49m  [0m[7m  [0m
[7m  [0m[49m  [0m[7m  [0m[49m  [0m[49m  [0m[49m  [0m[7m  [0m[49m  [0m[7m  [0m[7m  [0m[49m  [0m[7m  [0m[7m  [0m[49m  [0m[7m  [0m[49m  [0m[7m  [0m[49m  [0m[7m  [0m[49m  [0m[7m  [0m[49m  [0m[49m  [0m[49m  [0m[7m  [0m[49m  [0m[7m  [0m
[7m  [0m[49m  [0m[7m  [0m[49m  [0m[49m  [0m[49m  [0m[7m  [0m[49m  [0m[7m  [0m[49m  [0m[49m  [0m[49m  [0m[7m  [0m[49m  [0m[7m  [0m[49m  [0m[49m  [0m[7m  [0m[7m  [0m[49m  [0m[7m  [0m[49m  [0m[49m  [0m[49m  [0m[7m  [0m[49m  [0m[7m  [0m
[7m  [0m[49m  [0m[7m  [0m[7m  [0m[7m  [0m[7m  [0m[7m  [0m[49m  [0m[7m  [0m[49m  [0m[7m  [0m[49m  [0m[7m  [0m[49m  [0m[7m  [0m[7m  [0m[7m  [0m[49m  [0m[7m  [0m[49m  [0m[7m  [0m[7m  [0m[7m  [0m[7m  [0m[7m  [0m[49m  [0m[7m  [0m
[7m  [0m[49m  [0m[49m  [0m[49m  [0m[49m  [0m[49m  [0m[49m  [0m[49m  [0m[7m  [0m[49m  [0m[7m  [0m[49m  [0m[7m  [0m[49m  [0m[7m  [0m[49m  [0m[7m  [0m[49m  [0m[7m  [0m[49m  [0m[49m  [0m[49m  [0m[49m  [0m[49m  [0m[49m  [0m[49m  [0m[7m  [0m
[7m  [0m[7m  [0m[7m  [0m[7m  [0m[7m  [0m[7m  [0m[7m  [0m[7m  [0m[7m  [0m[49m  [0m[7m  [0m[49m  [0m[49m  [0m[7m  [0m[49m  [0m[7m  [0m[7m  [0m[49m  [0m[7m  [0m[7m  [0m[7m  [0m[7m  [0m[7m  [0m[7m  [0m[7m  [0m[7m  [0m[7m  [0m
[7m  [0m[49m  [0m[49m  [0m[7m  [0m[49m  [0m[7m  [0m[7m  [0m[49m  [0m[49m  [0m[7m  [0m[7m  [0m[7m  [0m[49m  [0m[49m  [0m[49m  [0m[49m  [0m[49m  [0m[7m  [0m[7m  [0m[49m  [0m[49m  [0m[49m  [0m[7m  [0m[49m  [0m[49m  [0m[7m  [0m[7m  [0m
[7m  [0m[7m  [0m[49m  [0m[7m  [0m[7m  [0m[7m  [0m[7m  [0m[7m  [0m[7m  [0m[7m  [0m[49m  [0m[7m  [0m[49m  [0m[49m  [0m[7m  [0m[7m  [0m[7m  [0m[49m  [0m[7m  [0m[49m  [0m[49m  [0m[49m  [0m[7m  [0m[7m  [0m[49m  [0m[49m  [0m[7m  [0m
[7m  [0m[7m  [0m[49m  [0m[49m  [0m[49m  [0m[49m  [0m[7m  [0m[49m  [0m[49m  [0m[7m  [0m[7m  [0m[7m  [0m[49m  [0m[49m  [0m[49m  [0m[7m  [0m[7m  [0m[7m  [0m[7m  [0m[7m  [0m[7m  [0m[49m  [0m[49m  [0m[7m  [0m[49m  [0m[49m  [0m[7m  [0m
[7m  [0m[49m  [0m[49m  [0m[49m  [0m[49m  [0m[7m  [0m[49m  [0m[7m  [0m[7m  [0m[7m  [0m[49m  [0m[49m  [0m[49m  [0m[49m  [0m[7m  [0m[49m  [0m[7m  [0m[49m  [0m[7m  [0m[7m  [0m[7m  [0m[49m  [0m[7m  [0m[7m  [0m[7m  [0m[49m  [0m[7m  [0m
[7m  [0m[7m  [0m[7m  [0m[49m  [0m[49m  [0m[7m  [0m[49m  [0m[49m  [0m[49m  [0m[49m  [0m[7m  [0m[49m  [0m[49m  [0m[7m  [0m[49m  [0m[7m  [0m[7m  [0m[49m  [0m[49m  [0m[49m  [0m[7m  [0m[49m  [0m[7m  [0m[49m  [0m[7m  [0m[7m  [0m[7m  [0m
[7m  [0m[7m  [0m[7m  [0m[7m  [0m[49m  [0m[7m  [0m[49m  [0m[7m  [0m[49m  [0m[49m  [0m[49m  [0m[7m  [0m[49m  [0m[7m  [0m[7m  [0m[7m  [0m[49m  [0m[7m  [0m[7m  [0m[49m  [0m[49m  [0m[49m  [0m[7m  [0m[49m  [0m[49m  [0m[49m  [0m[7m  [0m
[7m  [0m[49m  [0m[7m  [0m[49m  [0m[7m  [0m[7m  [0m[7m  [0m[49m  [0m[49m  [0m[7m  [0m[49m  [0m[49m  [0m[49m  [0m[7m  [0m[7m  [0m[49m  [0m[7m  [0m[49m  [0m[49m  [0m[49m  [0m[49m  [0m[49m  [0m[7m  [0m[7m  [0m[49m  [0m[7m  [0m[7m  [0m
[7m  [0m[7m  [0m[49m  [0m[7m  [0m[49m  [0m[49m  [0m[7m  [0m[7m  [0m[49m  [0m[49m  [0m[49m  [0m[49m  [0m[49m  [0m[7m  [0m[7m  [0m[7m  [0m[7m  [0m[49m  [0m[7m  [0m[49m  [0m[7m  [0m[49m  [0m[49m  [0m[7m  [0m[7m  [0m[7m  [0m[7m  [0m
[7m  [0m[49m  [0m[49m  [0m[7m  [0m[7m  [0m[7m  [0m[49m  [0m[49m  [0m[49m  [0m[7m  [0m[49m  [0m[49m  [0m[7m  [0m[49m  [0m[7m  [0m[7m  [0m[49m  [0m[49m  [0m[49m  [0m[49m  [0m[49m  [0m[49m  [0m[49m  [0m[49m  [0m[7m  [0m[49m  [0m[7m  [0m
[7m  [0m[7m  [0m[7m  [0m[7m  [0m[7m  [0m[7m  [0m[7m  [0m[7m  [0m[7m  [0m[49m  [0m[7m  [0m[7m  [0m[7m  [0m[49m  [0m[49m  [0m[49m  [0m[49m  [0m[49m  [0m[7m  [0m[7m  [0m[7m  [0m[49m  [0m[7m  [0m[49m  [0m[49m  [0m[49m  [0m[7m  [0m
[7m  [0m[49m  [0m[49m  [0m[49m  [0m[49m  [0m[49m  [0m[49m  [0m[49m  [0m[7m  [0m[49m  [0m[49m  [0m[7m  [0m[49m  [0m[49m  [0m[7m  [0m[49m  [0m[7m  [0m[49m  [0m[7m  [0m[49m  [0m[7m  [0m[49m  [0m[49m  [0m[49m  [0m[7m  [0m[7m  [0m[7m  [0m
[7m  [0m[49m  [0m[7m  [0m[7m  [0m[7m  [0m[7m  [0m[7m  [0m[49m  [0m[7m  [0m[7m  [0m[7m  [0m[49m  [0m[7m  [0m[49m  [0m[7m  [0m[7m  [0m[7m  [0m[49m  [0m[7m  [0m[7m  [0m[7m  [0m[49m  [0m[7m  [0m[7m  [0m[7m  [0m[49m  [0m[7m  [0m
[7m  [0m[49m  [0m[7m  [0m[49m  [0m[49m  [0m[49m  [0m[7m  [0m[49m  [0m[7m  [0m[7m  [0m[49m  [0m[49m  [0m[7m  [0m[7m  [0m[7m  [0m[7m  [0m[7m  [0m[49m  [0m[49m  [0m[49m  [0m[49m  [0m[49m  [0m[49m  [0m[49m  [0m[7m  [0m[7m  [0m[7m  [0m
[7m  [0m[49m  [0m[7m  [0m[49m  [0m[49m  [0m[49m  [0m[7m  [0m[49m  [0m[7m  [0m[49m  [0m[7m  [0m[49m  [0m[49m  [0m[7m  [0m[7m  [0m[7m  [0m[49m  [0m[7m  [0m[49m  [0m[49m  [0m[49m  [0m[7m  [0m[49m  [0m[7m  [0m[49m  [0m[7m  [0m[7m  [0m
[7m  [0m[49m  [0m[7m  [0m[49m  [0m[49m  [0m[49m  [0m[7m  [0m[49m  [0m[7m  [0m[7m  [0m[49m  [0m[7m  [0m[7m  [0m[7m  [0m[7m  [0m[7m  [0m[49m  [0m[7m  [0m[7m  [0m[49m  [0m[7m  [0m[49m  [0m[7m  [0m[7m  [0m[7m  [0m[49m  [0m[7m  [0m
[7m  [0m[49m  [0m[7m  [0m[7m  [0m[7m  [0m[7m  [0m[7m  [0m[49m  [0m[7m  [0m[49m  [0m[49m  [0m[7m  [0m[7m  [0m[7m  [0m[7m  [0m[49m  [0m[49m  [0m[49m  [0m[7m  [0m[49m  [0m[49m  [0m[7m  [0m[49m  [0m[49m  [0m[7m  [0m[49m  [0m[7m  [0m
[7m  [0m[49m  [0m[49m  [0m[49m  [0m[49m  [0m[49m  [0m[49m  [0m[49m  [0m[7m  [0m[49m  [0m[7m  [0m[49m  [0m[7m  [0m[49m  [0m[7m  [0m[7m  [0m[49m  [0m[49m  [0m[49m  [0m[49m  [0m[49m  [0m[49m  [0m[49m  [0m[7m  [0m[7m  [0m[49m  [0m[7m  [0m
[7m  [0m[7m  [0m[7m  [0m[7m  [0m[7m  [0m[7m  [0m[7m  [0m[7m  [0m[7m  [0m[7m  [0m[7m  [0m[7m  [0m[7m  [0m[7m  [0m[7m  [0m[7m  [0m[7m  [0m[7m  [0m[7m  [0m[7m  [0m[7m  [0m[7m  [0m[7m  [0m[7m  [0m[7m  [0m[7m  [0m[7m  [0m

cd346147394a43.lhr.life tunneled with tls termination, https://cd346147394a43.lhr.life
create an account and add your key for a longer lasting domain name. see https://localhost.run/docs/forever-free/ for more information.
Open your tunnel address on your mobile with this QR:

[7m  [0m[7m  [0m[7m  [0m[7m  [0m[7m  [0m[7m  [0m[7m  [0m[7m  [0m[7m  [0m[7m  [0m[7m  [0m[7m  [0m[7m  [0m[7m  [0m[7m  [0m[7m  [0m[7m  [0m[7m  [0m[7m  [0m[7m  [0m[7m  [0m[7m  [0m[7m  [0m[7m  [0m[7m  [0m[7m  [0m[7m  [0m
[7m  [0m[49m  [0m[49m  [0m[49m  [0m[49m  [0m[49m  [0m[49m  [0m[49m  [0m[7m  [0m[7m  [0m[7m  [0m[49m  [0m[7m  [0m[7m  [0m[49m  [0m[7m  [0m[7m  [0m[49m  [0m[7m  [0m[49m  [0m[49m  [0m[49m  [0m[49m  [0m[49m  [0m[49m  [0m[49m  [0m[7m  [0m
[7m  [0m[49m  [0m[7m  [0m[7m  [0m[7m  [0m[7m  [0m[7m  [0m[49m  [0m[7m  [0m[49m  [0m[49m  [0m[49m  [0m[7m  [0m[7m  [0m[7m  [0m[7m  [0m[49m  [0m[7m  [0m[7m  [0m[49m  [0m[7m  [0m[7m  [0m[7m  [0m[7m  [0m[7m  [0m[49m  [0m[7m  [0m
[7m  [0m[49m  [0m[7m  [0m[49m  [0m[49m  [0m[49m  [0m[7m  [0m[49m  [0m[7m  [0m[49m  [0m[7m  [0m[7m  [0m[7m  [0m[7m  [0m[49m  [0m[7m  [0m[49m  [0m[49m  [0m[7m  [0m[49m  [0m[7m  [0m[49m  [0m[49m  [0m[49m  [0m[7m  [0m[49m  [0m[7m  [0m
[7m  [0m[49m  [0m[7m  [0m[49m  [0m[49m  [0m[49m  [0m[7m  [0m[49m  [0m[7m  [0m[7m  [0m[49m  [0m[7m  [0m[7m  [0m[49m  [0m[7m  [0m[49m  [0m[7m  [0m[49m  [0m[7m  [0m[49m  [0m[7m  [0m[49m  [0m[49m  [0m[49m  [0m[7m  [0m[49m  [0m[7m  [0m
[7m  [0m[49m  [0m[7m  [0m[49m  [0m[49m  [0m[49m  [0m[7m  [0m[49m  [0m[7m  [0m[49m  [0m[49m  [0m[49m  [0m[7m  [0m[49m  [0m[7m  [0m[49m  [0m[49m  [0m[7m  [0m[7m  [0m[49m  [0m[7m  [0m[49m  [0m[49m  [0m[49m  [0m[7m  [0m[49m  [0m[7m  [0m
[7m  [0m[49m  [0m[7m  [0m[7m  [0m[7m  [0m[7m  [0m[7m  [0m[49m  [0m[7m  [0m[49m  [0m[7m  [0m[49m  [0m[7m  [0m[49m  [0m[7m  [0m[7m  [0m[7m  [0m[49m  [0m[7m  [0m[49m  [0m[7m  [0m[7m  [0m[7m  [0m[7m  [0m[7m  [0m[49m  [0m[7m  [0m
[7m  [0m[49m  [0m[49m  [0m[49m  [0m[49m  [0m[49m  [0m[49m  [0m[49m  [0m[7m  [0m[49m  [0m[7m  [0m[49m  [0m[7m  [0m[49m  [0m[7m  [0m[49m  [0m[7m  [0m[49m  [0m[7m  [0m[49m  [0m[49m  [0m[49m  [0m[49m  [0m[49m  [0m[49m  [0m[49m  [0m[7m  [0m
[7m  [0m[7m  [0m[7m  [0m[7m  [0m[7m  [0m[7m  [0m[7m  [0m[7m  [0m[7m  [0m[49m  [0m[7m  [0m[49m  [0m[49m  [0m[7m  [0m[49m  [0m[7m  [0m[7m  [0m[49m  [0m[7m  [0m[7m  [0m[7m  [0m[7m  [0m[7m  [0m[7m  [0m[7m  [0m[7m  [0m[7m  [0m
[7m  [0m[49m  [0m[49m  [0m[7m  [0m[49m  [0m[7m  [0m[7m  [0m[49m  [0m[49m  [0m[7m  [0m[7m  [0m[7m  [0m[49m  [0m[49m  [0m[49m  [0m[49m  [0m[49m  [0m[7m  [0m[7m  [0m[49m  [0m[49m  [0m[49m  [0m[7m  [0m[49m  [0m[49m  [0m[7m  [0m[7m  [0m
[7m  [0m[49m  [0m[49m  [0m[49m  [0m[7m  [0m[7m  [0m[7m  [0m[7m  [0m[49m  [0m[7m  [0m[49m  [0m[7m  [0m[49m  [0m[49m  [0m[7m  [0m[7m  [0m[7m  [0m[49m  [0m[7m  [0m[49m  [0m[49m  [0m[7m  [0m[7m  [0m[7m  [0m[49m  [0m[49m  [0m[7m  [0m
[7m  [0m[49m  [0m[7m  [0m[49m  [0m[49m  [0m[7m  [0m[7m  [0m[49m  [0m[49m  [0m[7m  [0m[7m  [0m[7m  [0m[49m  [0m[49m  [0m[49m  [0m[7m  [0m[49m  [0m[49m  [0m[49m  [0m[7m  [0m[49m  [0m[49m  [0m[49m  [0m[7m  [0m[49m  [0m[49m  [0m[7m  [0m
[7m  [0m[49m  [0m[49m  [0m[7m  [0m[49m  [0m[7m  [0m[49m  [0m[7m  [0m[49m  [0m[49m  [0m[49m  [0m[49m  [0m[49m  [0m[49m  [0m[7m  [0m[49m  [0m[49m  [0m[49m  [0m[7m  [0m[7m  [0m[7m  [0m[49m  [0m[7m  [0m[7m  [0m[7m  [0m[49m  [0m[7m  [0m
[7m  [0m[7m  [0m[49m  [0m[49m  [0m[49m  [0m[7m  [0m[7m  [0m[49m  [0m[49m  [0m[7m  [0m[7m  [0m[49m  [0m[49m  [0m[7m  [0m[49m  [0m[7m  [0m[49m  [0m[49m  [0m[49m  [0m[49m  [0m[7m  [0m[7m  [0m[7m  [0m[49m  [0m[7m  [0m[7m  [0m[7m  [0m
[7m  [0m[7m  [0m[7m  [0m[49m  [0m[7m  [0m[49m  [0m[49m  [0m[7m  [0m[7m  [0m[49m  [0m[7m  [0m[7m  [0m[49m  [0m[7m  [0m[7m  [0m[7m  [0m[7m  [0m[49m  [0m[7m  [0m[7m  [0m[49m  [0m[7m  [0m[7m  [0m[49m  [0m[49m  [0m[49m  [0m[7m  [0m
[7m  [0m[49m  [0m[7m  [0m[7m  [0m[7m  [0m[49m  [0m[49m  [0m[49m  [0m[7m  [0m[49m  [0m[7m  [0m[49m  [0m[49m  [0m[7m  [0m[7m  [0m[49m  [0m[7m  [0m[49m  [0m[7m  [0m[7m  [0m[49m  [0m[7m  [0m[7m  [0m[7m  [0m[49m  [0m[7m  [0m[7m  [0m
[7m  [0m[7m  [0m[49m  [0m[49m  [0m[49m  [0m[7m  [0m[7m  [0m[7m  [0m[7m  [0m[49m  [0m[49m  [0m[7m  [0m[49m  [0m[7m  [0m[7m  [0m[7m  [0m[49m  [0m[49m  [0m[7m  [0m[7m  [0m[49m  [0m[7m  [0m[49m  [0m[7m  [0m[7m  [0m[7m  [0m[7m  [0m
[7m  [0m[49m  [0m[49m  [0m[7m  [0m[49m  [0m[49m  [0m[7m  [0m[49m  [0m[49m  [0m[49m  [0m[49m  [0m[49m  [0m[7m  [0m[49m  [0m[7m  [0m[7m  [0m[49m  [0m[49m  [0m[49m  [0m[49m  [0m[49m  [0m[49m  [0m[49m  [0m[49m  [0m[7m  [0m[49m  [0m[7m  [0m
[7m  [0m[7m  [0m[7m  [0m[7m  [0m[7m  [0m[7m  [0m[7m  [0m[7m  [0m[7m  [0m[49m  [0m[49m  [0m[7m  [0m[7m  [0m[49m  [0m[49m  [0m[49m  [0m[7m  [0m[49m  [0m[7m  [0m[7m  [0m[7m  [0m[49m  [0m[7m  [0m[49m  [0m[49m  [0m[49m  [0m[7m  [0m
[7m  [0m[49m  [0m[49m  [0m[49m  [0m[49m  [0m[49m  [0m[49m  [0m[49m  [0m[7m  [0m[49m  [0m[49m  [0m[7m  [0m[49m  [0m[49m  [0m[7m  [0m[49m  [0m[49m  [0m[49m  [0m[7m  [0m[49m  [0m[7m  [0m[49m  [0m[49m  [0m[49m  [0m[7m  [0m[7m  [0m[7m  [0m
[7m  [0m[49m  [0m[7m  [0m[7m  [0m[7m  [0m[7m  [0m[7m  [0m[49m  [0m[7m  [0m[7m  [0m[7m  [0m[49m  [0m[7m  [0m[49m  [0m[7m  [0m[7m  [0m[7m  [0m[49m  [0m[7m  [0m[7m  [0m[7m  [0m[49m  [0m[7m  [0m[7m  [0m[7m  [0m[49m  [0m[7m  [0m
[7m  [0m[49m  [0m[7m  [0m[49m  [0m[49m  [0m[49m  [0m[7m  [0m[49m  [0m[7m  [0m[7m  [0m[7m  [0m[49m  [0m[7m  [0m[7m  [0m[7m  [0m[7m  [0m[7m  [0m[49m  [0m[49m  [0m[49m  [0m[49m  [0m[49m  [0m[49m  [0m[49m  [0m[7m  [0m[7m  [0m[7m  [0m
[7m  [0m[49m  [0m[7m  [0m[49m  [0m[49m  [0m[49m  [0m[7m  [0m[49m  [0m[7m  [0m[49m  [0m[7m  [0m[49m  [0m[49m  [0m[7m  [0m[7m  [0m[7m  [0m[7m  [0m[7m  [0m[49m  [0m[49m  [0m[7m  [0m[7m  [0m[49m  [0m[7m  [0m[49m  [0m[7m  [0m[7m  [0m
[7m  [0m[49m  [0m[7m  [0m[49m  [0m[49m  [0m[49m  [0m[7m  [0m[49m  [0m[7m  [0m[7m  [0m[49m  [0m[7m  [0m[7m  [0m[7m  [0m[7m  [0m[7m  [0m[7m  [0m[7m  [0m[7m  [0m[49m  [0m[49m  [0m[49m  [0m[7m  [0m[49m  [0m[7m  [0m[49m  [0m[7m  [0m
[7m  [0m[49m  [0m[7m  [0m[7m  [0m[7m  [0m[7m  [0m[7m  [0m[49m  [0m[7m  [0m[49m  [0m[7m  [0m[7m  [0m[7m  [0m[7m  [0m[7m  [0m[49m  [0m[49m  [0m[7m  [0m[7m  [0m[49m  [0m[7m  [0m[49m  [0m[49m  [0m[7m  [0m[7m  [0m[49m  [0m[7m  [0m
[7m  [0m[49m  [0m[49m  [0m[49m  [0m[49m  [0m[49m  [0m[49m  [0m[49m  [0m[7m  [0m[49m  [0m[49m  [0m[7m  [0m[7m  [0m[49m  [0m[7m  [0m[7m  [0m[7m  [0m[49m  [0m[49m  [0m[49m  [0m[7m  [0m[7m  [0m[7m  [0m[7m  [0m[7m  [0m[49m  [0m[7m  [0m
[7m  [0m[7m  [0m[7m  [0m[7m  [0m[7m  [0m[7m  [0m[7m  [0m[7m  [0m[7m  [0m[7m  [0m[7m  [0m[7m  [0m[7m  [0m[7m  [0m[7m  [0m[7m  [0m[7m  [0m[7m  [0m[7m  [0m[7m  [0m[7m  [0m[7m  [0m[7m  [0m[7m  [0m[7m  [0m[7m  [0m[7m  [0m

346a17e3368e81.lhr.life tunneled with tls termination, https://346a17e3368e81.lhr.life
create an account and add your key for a longer lasting domain name. see https://localhost.run/docs/forever-free/ for more information.
Open your tunnel address on your mobile with this QR:

[7m  [0m[7m  [0m[7m  [0m[7m  [0m[7m  [0m[7m  [0m[7m  [0m[7m  [0m[7m  [0m[7m  [0m[7m  [0m[7m  [0m[7m  [0m[7m  [0m[7m  [0m[7m  [0m[7m  [0m[7m  [0m[7m  [0m[7m  [0m[7m  [0m[7m  [0m[7m  [0m[7m  [0m[7m  [0m[7m  [0m[7m  [0m
[7m  [0m[49m  [0m[49m  [0m[49m  [0m[49m  [0m[49m  [0m[49m  [0m[49m  [0m[7m  [0m[49m  [0m[49m  [0m[49m  [0m[49m  [0m[7m  [0m[7m  [0m[7m  [0m[49m  [0m[49m  [0m[7m  [0m[49m  [0m[49m  [0m[49m  [0m[49m  [0m[49m  [0m[49m  [0m[49m  [0m[7m  [0m
[7m  [0m[49m  [0m[7m  [0m[7m  [0m[7m  [0m[7m  [0m[7m  [0m[49m  [0m[7m  [0m[7m  [0m[7m  [0m[7m  [0m[49m  [0m[49m  [0m[49m  [0m[49m  [0m[7m  [0m[49m  [0m[7m  [0m[49m  [0m[7m  [0m[7m  [0m[7m  [0m[7m  [0m[7m  [0m[49m  [0m[7m  [0m
[7m  [0m[49m  [0m[7m  [0m[49m  [0m[49m  [0m[49m  [0m[7m  [0m[49m  [0m[7m  [0m[7m  [0m[49m  [0m[7m  [0m[49m  [0m[7m  [0m[7m  [0m[7m  [0m[7m  [0m[49m  [0m[7m  [0m[49m  [0m[7m  [0m[49m  [0m[49m  [0m[49m  [0m[7m  [0m[49m  [0m[7m  [0m
[7m  [0m[49m  [0m[7m  [0m[49m  [0m[49m  [0m[49m  [0m[7m  [0m[49m  [0m[7m  [0m[7m  [0m[7m  [0m[49m  [0m[49m  [0m[7m  [0m[49m  [0m[7m  [0m[49m  [0m[7m  [0m[7m  [0m[49m  [0m[7m  [0m[49m  [0m[49m  [0m[49m  [0m[7m  [0m[49m  [0m[7m  [0m
[7m  [0m[49m  [0m[7m  [0m[49m  [0m[49m  [0m[49m  [0m[7m  [0m[49m  [0m[7m  [0m[7m  [0m[7m  [0m[49m  [0m[49m  [0m[49m  [0m[49m  [0m[49m  [0m[7m  [0m[7m  [0m[7m  [0m[49m  [0m[7m  [0m[49m  [0m[49m  [0m[49m  [0m[7m  [0m[49m  [0m[7m  [0m
[7m  [0m[49m  [0m[7m  [0m[7m  [0m[7m  [0m[7m  [0m[7m  [0m[49m  [0m[7m  [0m[7m  [0m[49m  [0m[7m  [0m[49m  [0m[7m  [0m[49m  [0m[49m  [0m[49m  [0m[7m  [0m[7m  [0m[49m  [0m[7m  [0m[7m  [0m[7m  [0m[7m  [0m[7m  [0m[49m  [0m[7m  [0m
[7m  [0m[49m  [0m[49m  [0m[49m  [0m[49m  [0m[49m  [0m[49m  [0m[49m  [0m[7m  [0m[49m  [0m[7m  [0m[49m  [0m[7m  [0m[49m  [0m[7m  [0m[49m  [0m[7m  [0m[49m  [0m[7m  [0m[49m  [0m[49m  [0m[49m  [0m[49m  [0m[49m  [0m[49m  [0m[49m  [0m[7m  [0m
[7m  [0m[7m  [0m[7m  [0m[7m  [0m[7m  [0m[7m  [0m[7m  [0m[7m  [0m[7m  [0m[49m  [0m[49m  [0m[7m  [0m[7m  [0m[49m  [0m[7m  [0m[49m  [0m[49m  [0m[7m  [0m[7m  [0m[7m  [0m[7m  [0m[7m  [0m[7m  [0m[7m  [0m[7m  [0m[7m  [0m[7m  [0m
[7m  [0m[49m  [0m[49m  [0m[7m  [0m[49m  [0m[49m  [0m[7m  [0m[49m  [0m[7m  [0m[7m  [0m[49m  [0m[7m  [0m[7m  [0m[49m  [0m[7m  [0m[49m  [0m[7m  [0m[7m  [0m[7m  [0m[49m  [0m[7m  [0m[7m  [0m[7m  [0m[7m  [0m[7m  [0m[49m  [0m[7m  [0m
[7m  [0m[7m  [0m[49m  [0m[49m  [0m[49m  [0m[49m  [0m[7m  [0m[7m  [0m[7m  [0m[49m  [0m[7m  [0m[49m  [0m[7m  [0m[7m  [0m[49m  [0m[49m  [0m[49m  [0m[7m  [0m[49m  [0m[49m  [0m[49m  [0m[7m  [0m[49m  [0m[49m  [0m[7m  [0m[7m  [0m[7m  [0m
[7m  [0m[7m  [0m[7m  [0m[7m  [0m[49m  [0m[49m  [0m[49m  [0m[49m  [0m[49m  [0m[7m  [0m[49m  [0m[7m  [0m[7m  [0m[49m  [0m[7m  [0m[7m  [0m[49m  [0m[7m  [0m[49m  [0m[49m  [0m[7m  [0m[49m  [0m[7m  [0m[7m  [0m[7m  [0m[49m  [0m[7m  [0m
[7m  [0m[7m  [0m[7m  [0m[49m  [0m[7m  [0m[49m  [0m[49m  [0m[7m  [0m[49m  [0m[7m  [0m[7m  [0m[7m  [0m[7m  [0m[7m  [0m[49m  [0m[7m  [0m[49m  [0m[49m  [0m[7m  [0m[49m  [0m[7m  [0m[7m  [0m[49m  [0m[49m  [0m[49m  [0m[7m  [0m[7m  [0m
[7m  [0m[49m  [0m[49m  [0m[7m  [0m[49m  [0m[49m  [0m[49m  [0m[49m  [0m[7m  [0m[7m  [0m[49m  [0m[49m  [0m[7m  [0m[7m  [0m[7m  [0m[7m  [0m[7m  [0m[7m  [0m[49m  [0m[49m  [0m[49m  [0m[49m  [0m[49m  [0m[49m  [0m[49m  [0m[7m  [0m[7m  [0m
[7m  [0m[49m  [0m[7m  [0m[49m  [0m[49m  [0m[49m  [0m[7m  [0m[7m  [0m[49m  [0m[7m  [0m[7m  [0m[49m  [0m[7m  [0m[49m  [0m[49m  [0m[49m  [0m[7m  [0m[49m  [0m[49m  [0m[7m  [0m[49m  [0m[49m  [0m[49m  [0m[7m  [0m[7m  [0m[7m  [0m[7m  [0m
[7m  [0m[49m  [0m[49m  [0m[7m  [0m[49m  [0m[49m  [0m[49m  [0m[49m  [0m[49m  [0m[49m  [0m[7m  [0m[49m  [0m[7m  [0m[7m  [0m[49m  [0m[49m  [0m[49m  [0m[49m  [0m[49m  [0m[7m  [0m[7m  [0m[49m  [0m[49m  [0m[7m  [0m[7m  [0m[7m  [0m[7m  [0m
[7m  [0m[49m  [0m[7m  [0m[49m  [0m[49m  [0m[49m  [0m[7m  [0m[7m  [0m[7m  [0m[49m  [0m[7m  [0m[7m  [0m[7m  [0m[49m  [0m[49m  [0m[49m  [0m[7m  [0m[7m  [0m[7m  [0m[49m  [0m[7m  [0m[49m  [0m[7m  [0m[49m  [0m[49m  [0m[49m  [0m[7m  [0m
[7m  [0m[49m  [0m[7m  [0m[7m  [0m[49m  [0m[7m  [0m[49m  [0m[49m  [0m[49m  [0m[49m  [0m[7m  [0m[49m  [0m[49m  [0m[49m  [0m[49m  [0m[7m  [0m[7m  [0m[49m  [0m[49m  [0m[49m  [0m[49m  [0m[49m  [0m[7m  [0m[49m  [0m[49m  [0m[49m  [0m[7m  [0m
[7m  [0m[7m  [0m[7m  [0m[7m  [0m[7m  [0m[7m  [0m[7m  [0m[7m  [0m[7m  [0m[49m  [0m[7m  [0m[49m  [0m[49m  [0m[7m  [0m[7m  [0m[7m  [0m[7m  [0m[49m  [0m[7m  [0m[7m  [0m[7m  [0m[49m  [0m[49m  [0m[7m  [0m[7m  [0m[7m  [0m[7m  [0m
[7m  [0m[49m  [0m[49m  [0m[49m  [0m[49m  [0m[49m  [0m[49m  [0m[49m  [0m[7m  [0m[7m  [0m[49m  [0m[7m  [0m[7m  [0m[49m  [0m[49m  [0m[49m  [0m[7m  [0m[49m  [0m[7m  [0m[49m  [0m[7m  [0m[49m  [0m[7m  [0m[49m  [0m[49m  [0m[7m  [0m[7m  [0m
[7m  [0m[49m  [0m[7m  [0m[7m  [0m[7m  [0m[7m  [0m[7m  [0m[49m  [0m[7m  [0m[7m  [0m[7m  [0m[7m  [0m[49m  [0m[7m  [0m[49m  [0m[49m  [0m[49m  [0m[49m  [0m[7m  [0m[7m  [0m[7m  [0m[49m  [0m[49m  [0m[49m  [0m[49m  [0m[7m  [0m[7m  [0m
[7m  [0m[49m  [0m[7m  [0m[49m  [0m[49m  [0m[49m  [0m[7m  [0m[49m  [0m[7m  [0m[49m  [0m[7m  [0m[7m  [0m[49m  [0m[7m  [0m[49m  [0m[7m  [0m[7m  [0m[49m  [0m[49m  [0m[49m  [0m[49m  [0m[49m  [0m[7m  [0m[49m  [0m[49m  [0m[7m  [0m[7m  [0m
[7m  [0m[49m  [0m[7m  [0m[49m  [0m[49m  [0m[49m  [0m[7m  [0m[49m  [0m[7m  [0m[49m  [0m[7m  [0m[49m  [0m[7m  [0m[49m  [0m[49m  [0m[49m  [0m[7m  [0m[7m  [0m[7m  [0m[7m  [0m[7m  [0m[7m  [0m[7m  [0m[49m  [0m[7m  [0m[49m  [0m[7m  [0m
[7m  [0m[49m  [0m[7m  [0m[49m  [0m[49m  [0m[49m  [0m[7m  [0m[49m  [0m[7m  [0m[7m  [0m[7m  [0m[49m  [0m[49m  [0m[7m  [0m[49m  [0m[7m  [0m[49m  [0m[7m  [0m[49m  [0m[49m  [0m[7m  [0m[49m  [0m[49m  [0m[7m  [0m[49m  [0m[49m  [0m[7m  [0m
[7m  [0m[49m  [0m[7m  [0m[7m  [0m[7m  [0m[7m  [0m[7m  [0m[49m  [0m[7m  [0m[49m  [0m[49m  [0m[7m  [0m[49m  [0m[49m  [0m[49m  [0m[7m  [0m[49m  [0m[49m  [0m[49m  [0m[7m  [0m[49m  [0m[49m  [0m[7m  [0m[7m  [0m[49m  [0m[7m  [0m[7m  [0m
[7m  [0m[49m  [0m[49m  [0m[49m  [0m[49m  [0m[49m  [0m[49m  [0m[49m  [0m[7m  [0m[49m  [0m[7m  [0m[49m  [0m[49m  [0m[49m  [0m[49m  [0m[7m  [0m[7m  [0m[7m  [0m[49m  [0m[49m  [0m[49m  [0m[7m  [0m[49m  [0m[49m  [0m[49m  [0m[49m  [0m[7m  [0m
[7m  [0m[7m  [0m[7m  [0m[7m  [0m[7m  [0m[7m  [0m[7m  [0m[7m  [0m[7m  [0m[7m  [0m[7m  [0m[7m  [0m[7m  [0m[7m  [0m[7m  [0m[7m  [0m[7m  [0m[7m  [0m[7m  [0m[7m  [0m[7m  [0m[7m  [0m[7m  [0m[7m  [0m[7m  [0m[7m  [0m[7m  [0m

b4c03efdfc45cc.lhr.life tunneled with tls termination, https://b4c03efdfc45cc.lhr.life
create an account and add your key for a longer lasting domain name. see https://localhost.run/docs/forever-free/ for more information.
Open your tunnel address on your mobile with this QR:

[7m  [0m[7m  [0m[7m  [0m[7m  [0m[7m  [0m[7m  [0m[7m  [0m[7m  [0m[7m  [0m[7m  [0m[7m  [0m[7m  [0m[7m  [0m[7m  [0m[7m  [0m[7m  [0m[7m  [0m[7m  [0m[7m  [0m[7m  [0m[7m  [0m[7m  [0m[7m  [0m[7m  [0m[7m  [0m[7m  [0m[7m  [0m
[7m  [0m[49m  [0m[49m  [0m[49m  [0m[49m  [0m[49m  [0m[49m  [0m[49m  [0m[7m  [0m[49m  [0m[49m  [0m[49m  [0m[49m  [0m[7m  [0m[7m  [0m[7m  [0m[49m  [0m[49m  [0m[7m  [0m[49m  [0m[49m  [0m[49m  [0m[49m  [0m[49m  [0m[49m  [0m[49m  [0m[7m  [0m
[7m  [0m[49m  [0m[7m  [0m[7m  [0m[7m  [0m[7m  [0m[7m  [0m[49m  [0m[7m  [0m[7m  [0m[7m  [0m[7m  [0m[49m  [0m[49m  [0m[49m  [0m[49m  [0m[7m  [0m[49m  [0m[7m  [0m[49m  [0m[7m  [0m[7m  [0m[7m  [0m[7m  [0m[7m  [0m[49m  [0m[7m  [0m
[7m  [0m[49m  [0m[7m  [0m[49m  [0m[49m  [0m[49m  [0m[7m  [0m[49m  [0m[7m  [0m[7m  [0m[49m  [0m[7m  [0m[49m  [0m[7m  [0m[7m  [0m[7m  [0m[7m  [0m[49m  [0m[7m  [0m[49m  [0m[7m  [0m[49m  [0m[49m  [0m[49m  [0m[7m  [0m[49m  [0m[7m  [0m
[7m  [0m[49m  [0m[7m  [0m[49m  [0m[49m  [0m[49m  [0m[7m  [0m[49m  [0m[7m  [0m[7m  [0m[7m  [0m[49m  [0m[49m  [0m[7m  [0m[49m  [0m[7m  [0m[49m  [0m[7m  [0m[7m  [0m[49m  [0m[7m  [0m[49m  [0m[49m  [0m[49m  [0m[7m  [0m[49m  [0m[7m  [0m
[7m  [0m[49m  [0m[7m  [0m[49m  [0m[49m  [0m[49m  [0m[7m  [0m[49m  [0m[7m  [0m[7m  [0m[7m  [0m[49m  [0m[49m  [0m[49m  [0m[49m  [0m[49m  [0m[7m  [0m[7m  [0m[7m  [0m[49m  [0m[7m  [0m[49m  [0m[49m  [0m[49m  [0m[7m  [0m[49m  [0m[7m  [0m
[7m  [0m[49m  [0m[7m  [0m[7m  [0m[7m  [0m[7m  [0m[7m  [0m[49m  [0m[7m  [0m[7m  [0m[49m  [0m[7m  [0m[49m  [0m[7m  [0m[49m  [0m[49m  [0m[49m  [0m[7m  [0m[7m  [0m[49m  [0m[7m  [0m[7m  [0m[7m  [0m[7m  [0m[7m  [0m[49m  [0m[7m  [0m
[7m  [0m[49m  [0m[49m  [0m[49m  [0m[49m  [0m[49m  [0m[49m  [0m[49m  [0m[7m  [0m[49m  [0m[7m  [0m[49m  [0m[7m  [0m[49m  [0m[7m  [0m[49m  [0m[7m  [0m[49m  [0m[7m  [0m[49m  [0m[49m  [0m[49m  [0m[49m  [0m[49m  [0m[49m  [0m[49m  [0m[7m  [0m
[7m  [0m[7m  [0m[7m  [0m[7m  [0m[7m  [0m[7m  [0m[7m  [0m[7m  [0m[7m  [0m[49m  [0m[49m  [0m[7m  [0m[7m  [0m[49m  [0m[7m  [0m[49m  [0m[49m  [0m[7m  [0m[7m  [0m[7m  [0m[7m  [0m[7m  [0m[7m  [0m[7m  [0m[7m  [0m[7m  [0m[7m  [0m
[7m  [0m[49m  [0m[49m  [0m[7m  [0m[49m  [0m[49m  [0m[7m  [0m[49m  [0m[7m  [0m[7m  [0m[49m  [0m[7m  [0m[7m  [0m[49m  [0m[7m  [0m[49m  [0m[7m  [0m[7m  [0m[7m  [0m[49m  [0m[7m  [0m[7m  [0m[7m  [0m[7m  [0m[7m  [0m[49m  [0m[7m  [0m
[7m  [0m[49m  [0m[49m  [0m[7m  [0m[7m  [0m[49m  [0m[7m  [0m[7m  [0m[7m  [0m[49m  [0m[7m  [0m[49m  [0m[7m  [0m[7m  [0m[49m  [0m[49m  [0m[49m  [0m[49m  [0m[49m  [0m[49m  [0m[49m  [0m[49m  [0m[49m  [0m[49m  [0m[7m  [0m[7m  [0m[7m  [0m
[7m  [0m[7m  [0m[49m  [0m[49m  [0m[49m  [0m[7m  [0m[7m  [0m[49m  [0m[7m  [0m[49m  [0m[49m  [0m[7m  [0m[7m  [0m[49m  [0m[7m  [0m[7m  [0m[49m  [0m[7m  [0m[7m  [0m[49m  [0m[7m  [0m[7m  [0m[7m  [0m[7m  [0m[7m  [0m[49m  [0m[7m  [0m
[7m  [0m[7m  [0m[7m  [0m[7m  [0m[7m  [0m[7m  [0m[49m  [0m[7m  [0m[49m  [0m[7m  [0m[7m  [0m[7m  [0m[7m  [0m[7m  [0m[49m  [0m[7m  [0m[49m  [0m[49m  [0m[7m  [0m[49m  [0m[7m  [0m[7m  [0m[49m  [0m[49m  [0m[49m  [0m[7m  [0m[7m  [0m
[7m  [0m[7m  [0m[7m  [0m[49m  [0m[49m  [0m[49m  [0m[49m  [0m[49m  [0m[7m  [0m[7m  [0m[49m  [0m[49m  [0m[7m  [0m[7m  [0m[7m  [0m[7m  [0m[7m  [0m[49m  [0m[7m  [0m[49m  [0m[49m  [0m[49m  [0m[49m  [0m[49m  [0m[49m  [0m[7m  [0m[7m  [0m
[7m  [0m[49m  [0m[7m  [0m[49m  [0m[7m  [0m[7m  [0m[49m  [0m[7m  [0m[49m  [0m[49m  [0m[49m  [0m[49m  [0m[7m  [0m[49m  [0m[49m  [0m[49m  [0m[7m  [0m[7m  [0m[49m  [0m[49m  [0m[49m  [0m[7m  [0m[49m  [0m[7m  [0m[7m  [0m[7m  [0m[7m  [0m
[7m  [0m[49m  [0m[49m  [0m[49m  [0m[7m  [0m[49m  [0m[7m  [0m[49m  [0m[49m  [0m[49m  [0m[49m  [0m[49m  [0m[7m  [0m[7m  [0m[49m  [0m[49m  [0m[7m  [0m[49m  [0m[7m  [0m[7m  [0m[7m  [0m[49m  [0m[49m  [0m[7m  [0m[7m  [0m[7m  [0m[7m  [0m
[7m  [0m[49m  [0m[7m  [0m[49m  [0m[7m  [0m[7m  [0m[7m  [0m[7m  [0m[7m  [0m[49m  [0m[7m  [0m[49m  [0m[7m  [0m[49m  [0m[49m  [0m[49m  [0m[49m  [0m[49m  [0m[7m  [0m[49m  [0m[7m  [0m[49m  [0m[7m  [0m[49m  [0m[49m  [0m[49m  [0m[7m  [0m
[7m  [0m[49m  [0m[7m  [0m[49m  [0m[49m  [0m[49m  [0m[7m  [0m[49m  [0m[49m  [0m[49m  [0m[49m  [0m[7m  [0m[49m  [0m[49m  [0m[49m  [0m[7m  [0m[49m  [0m[49m  [0m[49m  [0m[49m  [0m[49m  [0m[49m  [0m[7m  [0m[49m  [0m[49m  [0m[49m  [0m[7m  [0m
[7m  [0m[7m  [0m[7m  [0m[7m  [0m[7m  [0m[7m  [0m[7m  [0m[7m  [0m[7m  [0m[49m  [0m[49m  [0m[49m  [0m[49m  [0m[7m  [0m[7m  [0m[7m  [0m[49m  [0m[49m  [0m[7m  [0m[7m  [0m[7m  [0m[49m  [0m[49m  [0m[7m  [0m[7m  [0m[7m  [0m[7m  [0m
[7m  [0m[49m  [0m[49m  [0m[49m  [0m[49m  [0m[49m  [0m[49m  [0m[49m  [0m[7m  [0m[7m  [0m[7m  [0m[49m  [0m[7m  [0m[49m  [0m[49m  [0m[49m  [0m[7m  [0m[49m  [0m[7m  [0m[49m  [0m[7m  [0m[49m  [0m[7m  [0m[49m  [0m[49m  [0m[7m  [0m[7m  [0m
[7m  [0m[49m  [0m[7m  [0m[7m  [0m[7m  [0m[7m  [0m[7m  [0m[49m  [0m[7m  [0m[7m  [0m[7m  [0m[49m  [0m[49m  [0m[7m  [0m[49m  [0m[49m  [0m[49m  [0m[49m  [0m[7m  [0m[7m  [0m[7m  [0m[49m  [0m[49m  [0m[49m  [0m[49m  [0m[7m  [0m[7m  [0m
[7m  [0m[49m  [0m[7m  [0m[49m  [0m[49m  [0m[49m  [0m[7m  [0m[49m  [0m[7m  [0m[49m  [0m[49m  [0m[7m  [0m[49m  [0m[7m  [0m[49m  [0m[7m  [0m[49m  [0m[49m  [0m[49m  [0m[49m  [0m[49m  [0m[49m  [0m[7m  [0m[49m  [0m[49m  [0m[7m  [0m[7m  [0m
[7m  [0m[49m  [0m[7m  [0m[49m  [0m[49m  [0m[49m  [0m[7m  [0m[49m  [0m[7m  [0m[49m  [0m[7m  [0m[49m  [0m[7m  [0m[49m  [0m[49m  [0m[49m  [0m[49m  [0m[49m  [0m[7m  [0m[49m  [0m[7m  [0m[49m  [0m[7m  [0m[49m  [0m[7m  [0m[49m  [0m[7m  [0m
[7m  [0m[49m  [0m[7m  [0m[49m  [0m[49m  [0m[49m  [0m[7m  [0m[49m  [0m[7m  [0m[7m  [0m[7m  [0m[49m  [0m[49m  [0m[7m  [0m[49m  [0m[7m  [0m[49m  [0m[7m  [0m[49m  [0m[7m  [0m[49m  [0m[49m  [0m[7m  [0m[7m  [0m[49m  [0m[49m  [0m[7m  [0m
[7m  [0m[49m  [0m[7m  [0m[7m  [0m[7m  [0m[7m  [0m[7m  [0m[49m  [0m[7m  [0m[49m  [0m[49m  [0m[7m  [0m[49m  [0m[49m  [0m[49m  [0m[7m  [0m[49m  [0m[7m  [0m[49m  [0m[7m  [0m[49m  [0m[49m  [0m[49m  [0m[7m  [0m[49m  [0m[7m  [0m[7m  [0m
[7m  [0m[49m  [0m[49m  [0m[49m  [0m[49m  [0m[49m  [0m[49m  [0m[49m  [0m[7m  [0m[49m  [0m[7m  [0m[7m  [0m[49m  [0m[49m  [0m[49m  [0m[7m  [0m[7m  [0m[7m  [0m[49m  [0m[7m  [0m[49m  [0m[49m  [0m[7m  [0m[7m  [0m[49m  [0m[49m  [0m[7m  [0m
[7m  [0m[7m  [0m[7m  [0m[7m  [0m[7m  [0m[7m  [0m[7m  [0m[7m  [0m[7m  [0m[7m  [0m[7m  [0m[7m  [0m[7m  [0m[7m  [0m[7m  [0m[7m  [0m[7m  [0m[7m  [0m[7m  [0m[7m  [0m[7m  [0m[7m  [0m[7m  [0m[7m  [0m[7m  [0m[7m  [0m[7m  [0m

53316ec6dc9aaf.lhr.life tunneled with tls termination, https://53316ec6dc9aaf.lhr.life
create an account and add your key for a longer lasting domain name. see https://localhost.run/docs/forever-free/ for more information.
Open your tunnel address on your mobile with this QR:

[7m  [0m[7m  [0m[7m  [0m[7m  [0m[7m  [0m[7m  [0m[7m  [0m[7m  [0m[7m  [0m[7m  [0m[7m  [0m[7m  [0m[7m  [0m[7m  [0m[7m  [0m[7m  [0m[7m  [0m[7m  [0m[7m  [0m[7m  [0m[7m  [0m[7m  [0m[7m  [0m[7m  [0m[7m  [0m[7m  [0m[7m  [0m
[7m  [0m[49m  [0m[49m  [0m[49m  [0m[49m  [0m[49m  [0m[49m  [0m[49m  [0m[7m  [0m[7m  [0m[7m  [0m[49m  [0m[7m  [0m[7m  [0m[49m  [0m[7m  [0m[7m  [0m[49m  [0m[7m  [0m[49m  [0m[49m  [0m[49m  [0m[49m  [0m[49m  [0m[49m  [0m[49m  [0m[7m  [0m
[7m  [0m[49m  [0m[7m  [0m[7m  [0m[7m  [0m[7m  [0m[7m  [0m[49m  [0m[7m  [0m[49m  [0m[49m  [0m[49m  [0m[7m  [0m[7m  [0m[7m  [0m[7m  [0m[49m  [0m[7m  [0m[7m  [0m[49m  [0m[7m  [0m[7m  [0m[7m  [0m[7m  [0m[7m  [0m[49m  [0m[7m  [0m
[7m  [0m[49m  [0m[7m  [0m[49m  [0m[49m  [0m[49m  [0m[7m  [0m[49m  [0m[7m  [0m[49m  [0m[7m  [0m[7m  [0m[7m  [0m[7m  [0m[49m  [0m[7m  [0m[49m  [0m[49m  [0m[7m  [0m[49m  [0m[7m  [0m[49m  [0m[49m  [0m[49m  [0m[7m  [0m[49m  [0m[7m  [0m
[7m  [0m[49m  [0m[7m  [0m[49m  [0m[49m  [0m[49m  [0m[7m  [0m[49m  [0m[7m  [0m[7m  [0m[49m  [0m[7m  [0m[7m  [0m[49m  [0m[7m  [0m[49m  [0m[7m  [0m[49m  [0m[7m  [0m[49m  [0m[7m  [0m[49m  [0m[49m  [0m[49m  [0m[7m  [0m[49m  [0m[7m  [0m
[7m  [0m[49m  [0m[7m  [0m[49m  [0m[49m  [0m[49m  [0m[7m  [0m[49m  [0m[7m  [0m[49m  [0m[49m  [0m[49m  [0m[7m  [0m[49m  [0m[7m  [0m[49m  [0m[49m  [0m[7m  [0m[7m  [0m[49m  [0m[7m  [0m[49m  [0m[49m  [0m[49m  [0m[7m  [0m[49m  [0m[7m  [0m
[7m  [0m[49m  [0m[7m  [0m[7m  [0m[7m  [0m[7m  [0m[7m  [0m[49m  [0m[7m  [0m[49m  [0m[7m  [0m[49m  [0m[7m  [0m[49m  [0m[7m  [0m[7m  [0m[7m  [0m[49m  [0m[7m  [0m[49m  [0m[7m  [0m[7m  [0m[7m  [0m[7m  [0m[7m  [0m[49m  [0m[7m  [0m
[7m  [0m[49m  [0m[49m  [0m[49m  [0m[49m  [0m[49m  [0m[49m  [0m[49m  [0m[7m  [0m[49m  [0m[7m  [0m[49m  [0m[7m  [0m[49m  [0m[7m  [0m[49m  [0m[7m  [0m[49m  [0m[7m  [0m[49m  [0m[49m  [0m[49m  [0m[49m  [0m[49m  [0m[49m  [0m[49m  [0m[7m  [0m
[7m  [0m[7m  [0m[7m  [0m[7m  [0m[7m  [0m[7m  [0m[7m  [0m[7m  [0m[7m  [0m[49m  [0m[7m  [0m[49m  [0m[49m  [0m[7m  [0m[49m  [0m[7m  [0m[7m  [0m[49m  [0m[7m  [0m[7m  [0m[7m  [0m[7m  [0m[7m  [0m[7m  [0m[7m  [0m[7m  [0m[7m  [0m
[7m  [0m[49m  [0m[49m  [0m[7m  [0m[49m  [0m[7m  [0m[7m  [0m[49m  [0m[49m  [0m[7m  [0m[7m  [0m[7m  [0m[49m  [0m[49m  [0m[49m  [0m[49m  [0m[49m  [0m[7m  [0m[7m  [0m[49m  [0m[49m  [0m[49m  [0m[7m  [0m[49m  [0m[49m  [0m[7m  [0m[7m  [0m
[7m  [0m[7m  [0m[7m  [0m[49m  [0m[49m  [0m[49m  [0m[49m  [0m[7m  [0m[49m  [0m[49m  [0m[49m  [0m[7m  [0m[49m  [0m[49m  [0m[7m  [0m[7m  [0m[7m  [0m[49m  [0m[7m  [0m[49m  [0m[7m  [0m[7m  [0m[7m  [0m[7m  [0m[49m  [0m[49m  [0m[7m  [0m
[7m  [0m[7m  [0m[49m  [0m[7m  [0m[7m  [0m[49m  [0m[49m  [0m[49m  [0m[7m  [0m[49m  [0m[7m  [0m[7m  [0m[49m  [0m[49m  [0m[49m  [0m[7m  [0m[7m  [0m[7m  [0m[7m  [0m[49m  [0m[49m  [0m[49m  [0m[49m  [0m[7m  [0m[49m  [0m[49m  [0m[7m  [0m
[7m  [0m[7m  [0m[49m  [0m[7m  [0m[49m  [0m[49m  [0m[49m  [0m[7m  [0m[49m  [0m[49m  [0m[49m  [0m[49m  [0m[49m  [0m[49m  [0m[7m  [0m[49m  [0m[49m  [0m[49m  [0m[49m  [0m[7m  [0m[7m  [0m[49m  [0m[7m  [0m[7m  [0m[7m  [0m[49m  [0m[7m  [0m
[7m  [0m[49m  [0m[7m  [0m[49m  [0m[7m  [0m[7m  [0m[7m  [0m[49m  [0m[7m  [0m[7m  [0m[7m  [0m[49m  [0m[49m  [0m[7m  [0m[49m  [0m[7m  [0m[7m  [0m[7m  [0m[7m  [0m[49m  [0m[7m  [0m[49m  [0m[7m  [0m[49m  [0m[7m  [0m[7m  [0m[7m  [0m
[7m  [0m[7m  [0m[7m  [0m[7m  [0m[49m  [0m[49m  [0m[49m  [0m[7m  [0m[7m  [0m[7m  [0m[7m  [0m[7m  [0m[49m  [0m[7m  [0m[7m  [0m[7m  [0m[7m  [0m[7m  [0m[7m  [0m[7m  [0m[7m  [0m[7m  [0m[7m  [0m[49m  [0m[49m  [0m[49m  [0m[7m  [0m
[7m  [0m[49m  [0m[7m  [0m[7m  [0m[7m  [0m[7m  [0m[7m  [0m[49m  [0m[49m  [0m[49m  [0m[7m  [0m[49m  [0m[49m  [0m[7m  [0m[7m  [0m[49m  [0m[7m  [0m[49m  [0m[49m  [0m[49m  [0m[49m  [0m[7m  [0m[7m  [0m[7m  [0m[49m  [0m[7m  [0m[7m  [0m
[7m  [0m[7m  [0m[49m  [0m[49m  [0m[7m  [0m[49m  [0m[7m  [0m[7m  [0m[7m  [0m[7m  [0m[49m  [0m[49m  [0m[49m  [0m[7m  [0m[7m  [0m[7m  [0m[7m  [0m[49m  [0m[7m  [0m[7m  [0m[49m  [0m[7m  [0m[49m  [0m[7m  [0m[7m  [0m[7m  [0m[7m  [0m
[7m  [0m[49m  [0m[49m  [0m[7m  [0m[7m  [0m[7m  [0m[49m  [0m[49m  [0m[49m  [0m[49m  [0m[49m  [0m[7m  [0m[7m  [0m[49m  [0m[7m  [0m[7m  [0m[49m  [0m[49m  [0m[49m  [0m[49m  [0m[49m  [0m[49m  [0m[49m  [0m[49m  [0m[7m  [0m[49m  [0m[7m  [0m
[7m  [0m[7m  [0m[7m  [0m[7m  [0m[7m  [0m[7m  [0m[7m  [0m[7m  [0m[7m  [0m[49m  [0m[7m  [0m[49m  [0m[7m  [0m[49m  [0m[49m  [0m[49m  [0m[7m  [0m[49m  [0m[7m  [0m[7m  [0m[7m  [0m[49m  [0m[7m  [0m[49m  [0m[49m  [0m[49m  [0m[7m  [0m
[7m  [0m[49m  [0m[49m  [0m[49m  [0m[49m  [0m[49m  [0m[49m  [0m[49m  [0m[7m  [0m[49m  [0m[7m  [0m[7m  [0m[49m  [0m[49m  [0m[7m  [0m[49m  [0m[49m  [0m[49m  [0m[7m  [0m[49m  [0m[7m  [0m[49m  [0m[49m  [0m[49m  [0m[7m  [0m[7m  [0m[7m  [0m
[7m  [0m[49m  [0m[7m  [0m[7m  [0m[7m  [0m[7m  [0m[7m  [0m[49m  [0m[7m  [0m[7m  [0m[49m  [0m[49m  [0m[7m  [0m[49m  [0m[7m  [0m[7m  [0m[49m  [0m[49m  [0m[7m  [0m[7m  [0m[7m  [0m[49m  [0m[7m  [0m[7m  [0m[7m  [0m[49m  [0m[7m  [0m
[7m  [0m[49m  [0m[7m  [0m[49m  [0m[49m  [0m[49m  [0m[7m  [0m[49m  [0m[7m  [0m[7m  [0m[49m  [0m[49m  [0m[7m  [0m[7m  [0m[7m  [0m[7m  [0m[7m  [0m[49m  [0m[49m  [0m[49m  [0m[49m  [0m[49m  [0m[49m  [0m[49m  [0m[7m  [0m[7m  [0m[7m  [0m
[7m  [0m[49m  [0m[7m  [0m[49m  [0m[49m  [0m[49m  [0m[7m  [0m[49m  [0m[7m  [0m[49m  [0m[49m  [0m[7m  [0m[49m  [0m[7m  [0m[7m  [0m[7m  [0m[7m  [0m[49m  [0m[49m  [0m[7m  [0m[7m  [0m[7m  [0m[49m  [0m[7m  [0m[49m  [0m[7m  [0m[7m  [0m
[7m  [0m[49m  [0m[7m  [0m[49m  [0m[49m  [0m[49m  [0m[7m  [0m[49m  [0m[7m  [0m[7m  [0m[7m  [0m[49m  [0m[7m  [0m[7m  [0m[7m  [0m[7m  [0m[7m  [0m[7m  [0m[7m  [0m[7m  [0m[49m  [0m[49m  [0m[7m  [0m[7m  [0m[7m  [0m[49m  [0m[7m  [0m
[7m  [0m[49m  [0m[7m  [0m[7m  [0m[7m  [0m[7m  [0m[7m  [0m[49m  [0m[7m  [0m[49m  [0m[7m  [0m[7m  [0m[7m  [0m[7m  [0m[7m  [0m[49m  [0m[7m  [0m[7m  [0m[49m  [0m[7m  [0m[49m  [0m[49m  [0m[7m  [0m[49m  [0m[7m  [0m[49m  [0m[7m  [0m
[7m  [0m[49m  [0m[49m  [0m[49m  [0m[49m  [0m[49m  [0m[49m  [0m[49m  [0m[7m  [0m[49m  [0m[49m  [0m[7m  [0m[7m  [0m[49m  [0m[7m  [0m[7m  [0m[49m  [0m[49m  [0m[49m  [0m[49m  [0m[49m  [0m[49m  [0m[7m  [0m[7m  [0m[7m  [0m[49m  [0m[7m  [0m
[7m  [0m[7m  [0m[7m  [0m[7m  [0m[7m  [0m[7m  [0m[7m  [0m[7m  [0m[7m  [0m[7m  [0m[7m  [0m[7m  [0m[7m  [0m[7m  [0m[7m  [0m[7m  [0m[7m  [0m[7m  [0m[7m  [0m[7m  [0m[7m  [0m[7m  [0m[7m  [0m[7m  [0m[7m  [0m[7m  [0m[7m  [0m

b058cd1c25a74c.lhr.life tunneled with tls termination, https://b058cd1c25a74c.lhr.life
create an account and add your key for a longer lasting domain name. see https://localhost.run/docs/forever-free/ for more information.
Open your tunnel address on your mobile with this QR:

[7m  [0m[7m  [0m[7m  [0m[7m  [0m[7m  [0m[7m  [0m[7m  [0m[7m  [0m[7m  [0m[7m  [0m[7m  [0m[7m  [0m[7m  [0m[7m  [0m[7m  [0m[7m  [0m[7m  [0m[7m  [0m[7m  [0m[7m  [0m[7m  [0m[7m  [0m[7m  [0m[7m  [0m[7m  [0m[7m  [0m[7m  [0m
[7m  [0m[49m  [0m[49m  [0m[49m  [0m[49m  [0m[49m  [0m[49m  [0m[49m  [0m[7m  [0m[7m  [0m[7m  [0m[49m  [0m[7m  [0m[7m  [0m[49m  [0m[7m  [0m[7m  [0m[49m  [0m[7m  [0m[49m  [0m[49m  [0m[49m  [0m[49m  [0m[49m  [0m[49m  [0m[49m  [0m[7m  [0m
[7m  [0m[49m  [0m[7m  [0m[7m  [0m[7m  [0m[7m  [0m[7m  [0m[49m  [0m[7m  [0m[7m  [0m[49m  [0m[7m  [0m[7m  [0m[7m  [0m[49m  [0m[7m  [0m[49m  [0m[49m  [0m[7m  [0m[49m  [0m[7m  [0m[7m  [0m[7m  [0m[7m  [0m[7m  [0m[49m  [0m[7m  [0m
[7m  [0m[49m  [0m[7m  [0m[49m  [0m[49m  [0m[49m  [0m[7m  [0m[49m  [0m[7m  [0m[49m  [0m[7m  [0m[7m  [0m[49m  [0m[7m  [0m[49m  [0m[49m  [0m[49m  [0m[49m  [0m[7m  [0m[49m  [0m[7m  [0m[49m  [0m[49m  [0m[49m  [0m[7m  [0m[49m  [0m[7m  [0m
[7m  [0m[49m  [0m[7m  [0m[49m  [0m[49m  [0m[49m  [0m[7m  [0m[49m  [0m[7m  [0m[7m  [0m[49m  [0m[7m  [0m[7m  [0m[49m  [0m[7m  [0m[49m  [0m[7m  [0m[49m  [0m[7m  [0m[49m  [0m[7m  [0m[49m  [0m[49m  [0m[49m  [0m[7m  [0m[49m  [0m[7m  [0m
[7m  [0m[49m  [0m[7m  [0m[49m  [0m[49m  [0m[49m  [0m[7m  [0m[49m  [0m[7m  [0m[7m  [0m[49m  [0m[7m  [0m[7m  [0m[49m  [0m[49m  [0m[49m  [0m[49m  [0m[49m  [0m[7m  [0m[49m  [0m[7m  [0m[49m  [0m[49m  [0m[49m  [0m[7m  [0m[49m  [0m[7m  [0m
[7m  [0m[49m  [0m[7m  [0m[7m  [0m[7m  [0m[7m  [0m[7m  [0m[49m  [0m[7m  [0m[7m  [0m[7m  [0m[49m  [0m[49m  [0m[49m  [0m[7m  [0m[49m  [0m[7m  [0m[49m  [0m[7m  [0m[49m  [0m[7m  [0m[7m  [0m[7m  [0m[7m  [0m[7m  [0m[49m  [0m[7m  [0m
[7m  [0m[49m  [0m[49m  [0m[49m  [0m[49m  [0m[49m  [0m[49m  [0m[49m  [0m[7m  [0m[49m  [0m[7m  [0m[49m  [0m[7m  [0m[49m  [0m[7m  [0m[49m  [0m[7m  [0m[49m  [0m[7m  [0m[49m  [0m[49m  [0m[49m  [0m[49m  [0m[49m  [0m[49m  [0m[49m  [0m[7m  [0m
[7m  [0m[7m  [0m[7m  [0m[7m  [0m[7m  [0m[7m  [0m[7m  [0m[7m  [0m[7m  [0m[49m  [0m[7m  [0m[7m  [0m[49m  [0m[7m  [0m[7m  [0m[7m  [0m[7m  [0m[7m  [0m[7m  [0m[7m  [0m[7m  [0m[7m  [0m[7m  [0m[7m  [0m[7m  [0m[7m  [0m[7m  [0m
[7m  [0m[49m  [0m[49m  [0m[49m  [0m[7m  [0m[49m  [0m[49m  [0m[49m  [0m[49m  [0m[49m  [0m[7m  [0m[7m  [0m[7m  [0m[49m  [0m[49m  [0m[7m  [0m[49m  [0m[7m  [0m[49m  [0m[49m  [0m[7m  [0m[7m  [0m[7m  [0m[49m  [0m[7m  [0m[7m  [0m[7m  [0m
[7m  [0m[49m  [0m[49m  [0m[7m  [0m[7m  [0m[49m  [0m[49m  [0m[7m  [0m[49m  [0m[7m  [0m[49m  [0m[7m  [0m[49m  [0m[49m  [0m[7m  [0m[7m  [0m[7m  [0m[7m  [0m[49m  [0m[49m  [0m[49m  [0m[49m  [0m[7m  [0m[7m  [0m[49m  [0m[49m  [0m[7m  [0m
[7m  [0m[49m  [0m[49m  [0m[49m  [0m[7m  [0m[49m  [0m[7m  [0m[49m  [0m[49m  [0m[7m  [0m[7m  [0m[49m  [0m[49m  [0m[49m  [0m[7m  [0m[7m  [0m[7m  [0m[49m  [0m[49m  [0m[49m  [0m[7m  [0m[49m  [0m[49m  [0m[49m  [0m[49m  [0m[49m  [0m[7m  [0m
[7m  [0m[7m  [0m[49m  [0m[49m  [0m[7m  [0m[49m  [0m[7m  [0m[7m  [0m[7m  [0m[7m  [0m[49m  [0m[49m  [0m[7m  [0m[49m  [0m[7m  [0m[7m  [0m[49m  [0m[7m  [0m[49m  [0m[7m  [0m[49m  [0m[49m  [0m[7m  [0m[7m  [0m[49m  [0m[49m  [0m[7m  [0m
[7m  [0m[49m  [0m[7m  [0m[7m  [0m[49m  [0m[7m  [0m[7m  [0m[49m  [0m[7m  [0m[7m  [0m[7m  [0m[49m  [0m[49m  [0m[7m  [0m[49m  [0m[7m  [0m[7m  [0m[7m  [0m[7m  [0m[49m  [0m[7m  [0m[7m  [0m[7m  [0m[49m  [0m[7m  [0m[7m  [0m[7m  [0m
[7m  [0m[7m  [0m[49m  [0m[7m  [0m[49m  [0m[49m  [0m[7m  [0m[7m  [0m[49m  [0m[49m  [0m[49m  [0m[49m  [0m[49m  [0m[7m  [0m[49m  [0m[7m  [0m[7m  [0m[7m  [0m[7m  [0m[7m  [0m[49m  [0m[7m  [0m[7m  [0m[7m  [0m[49m  [0m[49m  [0m[7m  [0m
[7m  [0m[49m  [0m[7m  [0m[49m  [0m[7m  [0m[49m  [0m[7m  [0m[49m  [0m[49m  [0m[7m  [0m[7m  [0m[7m  [0m[7m  [0m[7m  [0m[7m  [0m[7m  [0m[7m  [0m[49m  [0m[49m  [0m[7m  [0m[49m  [0m[49m  [0m[7m  [0m[7m  [0m[7m  [0m[7m  [0m[7m  [0m
[7m  [0m[7m  [0m[49m  [0m[7m  [0m[7m  [0m[7m  [0m[49m  [0m[7m  [0m[7m  [0m[7m  [0m[7m  [0m[49m  [0m[49m  [0m[7m  [0m[7m  [0m[7m  [0m[7m  [0m[7m  [0m[49m  [0m[7m  [0m[7m  [0m[49m  [0m[49m  [0m[7m  [0m[7m  [0m[7m  [0m[7m  [0m
[7m  [0m[49m  [0m[7m  [0m[7m  [0m[49m  [0m[7m  [0m[7m  [0m[49m  [0m[7m  [0m[7m  [0m[7m  [0m[7m  [0m[7m  [0m[49m  [0m[49m  [0m[7m  [0m[7m  [0m[49m  [0m[49m  [0m[49m  [0m[49m  [0m[49m  [0m[49m  [0m[7m  [0m[7m  [0m[49m  [0m[7m  [0m
[7m  [0m[7m  [0m[7m  [0m[7m  [0m[7m  [0m[7m  [0m[7m  [0m[7m  [0m[7m  [0m[49m  [0m[49m  [0m[7m  [0m[49m  [0m[49m  [0m[49m  [0m[7m  [0m[7m  [0m[49m  [0m[7m  [0m[7m  [0m[7m  [0m[49m  [0m[7m  [0m[49m  [0m[7m  [0m[49m  [0m[7m  [0m
[7m  [0m[49m  [0m[49m  [0m[49m  [0m[49m  [0m[49m  [0m[49m  [0m[49m  [0m[7m  [0m[49m  [0m[7m  [0m[7m  [0m[49m  [0m[49m  [0m[7m  [0m[49m  [0m[7m  [0m[49m  [0m[7m  [0m[49m  [0m[7m  [0m[49m  [0m[49m  [0m[49m  [0m[7m  [0m[7m  [0m[7m  [0m
[7m  [0m[49m  [0m[7m  [0m[7m  [0m[7m  [0m[7m  [0m[7m  [0m[49m  [0m[7m  [0m[49m  [0m[49m  [0m[7m  [0m[7m  [0m[49m  [0m[49m  [0m[7m  [0m[49m  [0m[49m  [0m[7m  [0m[7m  [0m[7m  [0m[49m  [0m[7m  [0m[49m  [0m[7m  [0m[49m  [0m[7m  [0m
[7m  [0m[49m  [0m[7m  [0m[49m  [0m[49m  [0m[49m  [0m[7m  [0m[49m  [0m[7m  [0m[49m  [0m[7m  [0m[7m  [0m[49m  [0m[7m  [0m[7m  [0m[49m  [0m[49m  [0m[49m  [0m[49m  [0m[49m  [0m[49m  [0m[49m  [0m[49m  [0m[49m  [0m[49m  [0m[7m  [0m[7m  [0m
[7m  [0m[49m  [0m[7m  [0m[49m  [0m[49m  [0m[49m  [0m[7m  [0m[49m  [0m[7m  [0m[7m  [0m[49m  [0m[49m  [0m[49m  [0m[7m  [0m[7m  [0m[7m  [0m[7m  [0m[49m  [0m[49m  [0m[49m  [0m[7m  [0m[7m  [0m[49m  [0m[7m  [0m[49m  [0m[7m  [0m[7m  [0m
[7m  [0m[49m  [0m[7m  [0m[49m  [0m[49m  [0m[49m  [0m[7m  [0m[49m  [0m[7m  [0m[49m  [0m[7m  [0m[49m  [0m[7m  [0m[7m  [0m[49m  [0m[7m  [0m[7m  [0m[49m  [0m[7m  [0m[49m  [0m[7m  [0m[49m  [0m[49m  [0m[49m  [0m[7m  [0m[49m  [0m[7m  [0m
[7m  [0m[49m  [0m[7m  [0m[7m  [0m[7m  [0m[7m  [0m[7m  [0m[49m  [0m[7m  [0m[49m  [0m[49m  [0m[7m  [0m[49m  [0m[7m  [0m[7m  [0m[7m  [0m[7m  [0m[49m  [0m[7m  [0m[7m  [0m[7m  [0m[49m  [0m[7m  [0m[49m  [0m[49m  [0m[49m  [0m[7m  [0m
[7m  [0m[49m  [0m[49m  [0m[49m  [0m[49m  [0m[49m  [0m[49m  [0m[49m  [0m[7m  [0m[49m  [0m[49m  [0m[49m  [0m[7m  [0m[49m  [0m[7m  [0m[7m  [0m[49m  [0m[7m  [0m[49m  [0m[49m  [0m[49m  [0m[7m  [0m[7m  [0m[7m  [0m[7m  [0m[49m  [0m[7m  [0m
[7m  [0m[7m  [0m[7m  [0m[7m  [0m[7m  [0m[7m  [0m[7m  [0m[7m  [0m[7m  [0m[7m  [0m[7m  [0m[7m  [0m[7m  [0m[7m  [0m[7m  [0m[7m  [0m[7m  [0m[7m  [0m[7m  [0m[7m  [0m[7m  [0m[7m  [0m[7m  [0m[7m  [0m[7m  [0m[7m  [0m[7m  [0m

256a8aa33f84e8.lhr.life tunneled with tls termination, https://256a8aa33f84e8.lhr.life
create an account and add your key for a longer lasting domain name. see https://localhost.run/docs/forever-free/ for more information.
Open your tunnel address on your mobile with this QR:

[7m  [0m[7m  [0m[7m  [0m[7m  [0m[7m  [0m[7m  [0m[7m  [0m[7m  [0m[7m  [0m[7m  [0m[7m  [0m[7m  [0m[7m  [0m[7m  [0m[7m  [0m[7m  [0m[7m  [0m[7m  [0m[7m  [0m[7m  [0m[7m  [0m[7m  [0m[7m  [0m[7m  [0m[7m  [0m[7m  [0m[7m  [0m
[7m  [0m[49m  [0m[49m  [0m[49m  [0m[49m  [0m[49m  [0m[49m  [0m[49m  [0m[7m  [0m[49m  [0m[49m  [0m[49m  [0m[49m  [0m[7m  [0m[7m  [0m[7m  [0m[49m  [0m[49m  [0m[7m  [0m[49m  [0m[49m  [0m[49m  [0m[49m  [0m[49m  [0m[49m  [0m[49m  [0m[7m  [0m
[7m  [0m[49m  [0m[7m  [0m[7m  [0m[7m  [0m[7m  [0m[7m  [0m[49m  [0m[7m  [0m[7m  [0m[7m  [0m[7m  [0m[49m  [0m[49m  [0m[49m  [0m[49m  [0m[7m  [0m[49m  [0m[7m  [0m[49m  [0m[7m  [0m[7m  [0m[7m  [0m[7m  [0m[7m  [0m[49m  [0m[7m  [0m
[7m  [0m[49m  [0m[7m  [0m[49m  [0m[49m  [0m[49m  [0m[7m  [0m[49m  [0m[7m  [0m[7m  [0m[49m  [0m[7m  [0m[49m  [0m[7m  [0m[7m  [0m[7m  [0m[7m  [0m[49m  [0m[7m  [0m[49m  [0m[7m  [0m[49m  [0m[49m  [0m[49m  [0m[7m  [0m[49m  [0m[7m  [0m
[7m  [0m[49m  [0m[7m  [0m[49m  [0m[49m  [0m[49m  [0m[7m  [0m[49m  [0m[7m  [0m[7m  [0m[7m  [0m[49m  [0m[49m  [0m[7m  [0m[49m  [0m[7m  [0m[49m  [0m[7m  [0m[7m  [0m[49m  [0m[7m  [0m[49m  [0m[49m  [0m[49m  [0m[7m  [0m[49m  [0m[7m  [0m
[7m  [0m[49m  [0m[7m  [0m[49m  [0m[49m  [0m[49m  [0m[7m  [0m[49m  [0m[7m  [0m[7m  [0m[7m  [0m[49m  [0m[49m  [0m[49m  [0m[49m  [0m[49m  [0m[7m  [0m[7m  [0m[7m  [0m[49m  [0m[7m  [0m[49m  [0m[49m  [0m[49m  [0m[7m  [0m[49m  [0m[7m  [0m
[7m  [0m[49m  [0m[7m  [0m[7m  [0m[7m  [0m[7m  [0m[7m  [0m[49m  [0m[7m  [0m[7m  [0m[49m  [0m[7m  [0m[49m  [0m[7m  [0m[49m  [0m[49m  [0m[49m  [0m[7m  [0m[7m  [0m[49m  [0m[7m  [0m[7m  [0m[7m  [0m[7m  [0m[7m  [0m[49m  [0m[7m  [0m
[7m  [0m[49m  [0m[49m  [0m[49m  [0m[49m  [0m[49m  [0m[49m  [0m[49m  [0m[7m  [0m[49m  [0m[7m  [0m[49m  [0m[7m  [0m[49m  [0m[7m  [0m[49m  [0m[7m  [0m[49m  [0m[7m  [0m[49m  [0m[49m  [0m[49m  [0m[49m  [0m[49m  [0m[49m  [0m[49m  [0m[7m  [0m
[7m  [0m[7m  [0m[7m  [0m[7m  [0m[7m  [0m[7m  [0m[7m  [0m[7m  [0m[7m  [0m[49m  [0m[49m  [0m[7m  [0m[7m  [0m[49m  [0m[7m  [0m[49m  [0m[49m  [0m[7m  [0m[7m  [0m[7m  [0m[7m  [0m[7m  [0m[7m  [0m[7m  [0m[7m  [0m[7m  [0m[7m  [0m
[7m  [0m[49m  [0m[49m  [0m[7m  [0m[49m  [0m[49m  [0m[7m  [0m[49m  [0m[7m  [0m[7m  [0m[49m  [0m[7m  [0m[7m  [0m[49m  [0m[7m  [0m[49m  [0m[7m  [0m[7m  [0m[7m  [0m[49m  [0m[7m  [0m[7m  [0m[7m  [0m[7m  [0m[7m  [0m[49m  [0m[7m  [0m
[7m  [0m[49m  [0m[49m  [0m[7m  [0m[49m  [0m[49m  [0m[49m  [0m[7m  [0m[49m  [0m[7m  [0m[7m  [0m[49m  [0m[7m  [0m[7m  [0m[49m  [0m[49m  [0m[49m  [0m[49m  [0m[7m  [0m[49m  [0m[49m  [0m[7m  [0m[49m  [0m[49m  [0m[7m  [0m[7m  [0m[7m  [0m
[7m  [0m[49m  [0m[7m  [0m[49m  [0m[49m  [0m[7m  [0m[7m  [0m[49m  [0m[49m  [0m[49m  [0m[49m  [0m[7m  [0m[7m  [0m[49m  [0m[7m  [0m[7m  [0m[7m  [0m[49m  [0m[49m  [0m[7m  [0m[49m  [0m[49m  [0m[7m  [0m[7m  [0m[7m  [0m[49m  [0m[7m  [0m
[7m  [0m[7m  [0m[7m  [0m[7m  [0m[7m  [0m[7m  [0m[49m  [0m[7m  [0m[7m  [0m[49m  [0m[7m  [0m[7m  [0m[7m  [0m[7m  [0m[49m  [0m[7m  [0m[49m  [0m[7m  [0m[49m  [0m[49m  [0m[49m  [0m[7m  [0m[49m  [0m[49m  [0m[49m  [0m[7m  [0m[7m  [0m
[7m  [0m[7m  [0m[7m  [0m[49m  [0m[7m  [0m[49m  [0m[49m  [0m[49m  [0m[49m  [0m[7m  [0m[49m  [0m[49m  [0m[7m  [0m[7m  [0m[7m  [0m[7m  [0m[7m  [0m[7m  [0m[7m  [0m[7m  [0m[49m  [0m[49m  [0m[49m  [0m[49m  [0m[49m  [0m[7m  [0m[7m  [0m
[7m  [0m[49m  [0m[7m  [0m[7m  [0m[7m  [0m[7m  [0m[49m  [0m[7m  [0m[49m  [0m[7m  [0m[49m  [0m[49m  [0m[7m  [0m[49m  [0m[49m  [0m[49m  [0m[7m  [0m[7m  [0m[7m  [0m[7m  [0m[49m  [0m[49m  [0m[49m  [0m[7m  [0m[7m  [0m[7m  [0m[7m  [0m
[7m  [0m[49m  [0m[49m  [0m[49m  [0m[49m  [0m[7m  [0m[49m  [0m[49m  [0m[7m  [0m[7m  [0m[7m  [0m[49m  [0m[7m  [0m[7m  [0m[49m  [0m[49m  [0m[7m  [0m[49m  [0m[7m  [0m[49m  [0m[7m  [0m[49m  [0m[49m  [0m[7m  [0m[7m  [0m[7m  [0m[7m  [0m
[7m  [0m[49m  [0m[7m  [0m[49m  [0m[49m  [0m[7m  [0m[49m  [0m[7m  [0m[7m  [0m[7m  [0m[49m  [0m[49m  [0m[7m  [0m[49m  [0m[49m  [0m[49m  [0m[7m  [0m[49m  [0m[7m  [0m[7m  [0m[7m  [0m[49m  [0m[7m  [0m[49m  [0m[49m  [0m[49m  [0m[7m  [0m
[7m  [0m[49m  [0m[7m  [0m[7m  [0m[49m  [0m[7m  [0m[7m  [0m[49m  [0m[49m  [0m[7m  [0m[49m  [0m[49m  [0m[49m  [0m[49m  [0m[49m  [0m[7m  [0m[7m  [0m[49m  [0m[49m  [0m[49m  [0m[49m  [0m[49m  [0m[7m  [0m[49m  [0m[49m  [0m[49m  [0m[7m  [0m
[7m  [0m[7m  [0m[7m  [0m[7m  [0m[7m  [0m[7m  [0m[7m  [0m[7m  [0m[7m  [0m[49m  [0m[49m  [0m[7m  [0m[49m  [0m[7m  [0m[7m  [0m[7m  [0m[49m  [0m[49m  [0m[7m  [0m[7m  [0m[7m  [0m[49m  [0m[49m  [0m[7m  [0m[7m  [0m[7m  [0m[7m  [0m
[7m  [0m[49m  [0m[49m  [0m[49m  [0m[49m  [0m[49m  [0m[49m  [0m[49m  [0m[7m  [0m[7m  [0m[7m  [0m[49m  [0m[7m  [0m[49m  [0m[49m  [0m[49m  [0m[49m  [0m[49m  [0m[7m  [0m[49m  [0m[7m  [0m[49m  [0m[7m  [0m[49m  [0m[49m  [0m[7m  [0m[7m  [0m
[7m  [0m[49m  [0m[7m  [0m[7m  [0m[7m  [0m[7m  [0m[7m  [0m[49m  [0m[7m  [0m[7m  [0m[49m  [0m[49m  [0m[49m  [0m[7m  [0m[49m  [0m[49m  [0m[49m  [0m[49m  [0m[7m  [0m[7m  [0m[7m  [0m[49m  [0m[49m  [0m[49m  [0m[49m  [0m[7m  [0m[7m  [0m
[7m  [0m[49m  [0m[7m  [0m[49m  [0m[49m  [0m[49m  [0m[7m  [0m[49m  [0m[7m  [0m[49m  [0m[7m  [0m[7m  [0m[49m  [0m[7m  [0m[49m  [0m[7m  [0m[7m  [0m[49m  [0m[49m  [0m[49m  [0m[49m  [0m[49m  [0m[7m  [0m[49m  [0m[49m  [0m[7m  [0m[7m  [0m
[7m  [0m[49m  [0m[7m  [0m[49m  [0m[49m  [0m[49m  [0m[7m  [0m[49m  [0m[7m  [0m[49m  [0m[7m  [0m[49m  [0m[7m  [0m[49m  [0m[49m  [0m[49m  [0m[7m  [0m[7m  [0m[7m  [0m[7m  [0m[7m  [0m[7m  [0m[7m  [0m[49m  [0m[7m  [0m[49m  [0m[7m  [0m
[7m  [0m[49m  [0m[7m  [0m[49m  [0m[49m  [0m[49m  [0m[7m  [0m[49m  [0m[7m  [0m[7m  [0m[49m  [0m[7m  [0m[49m  [0m[7m  [0m[49m  [0m[7m  [0m[49m  [0m[7m  [0m[49m  [0m[49m  [0m[7m  [0m[49m  [0m[49m  [0m[7m  [0m[49m  [0m[49m  [0m[7m  [0m
[7m  [0m[49m  [0m[7m  [0m[7m  [0m[7m  [0m[7m  [0m[7m  [0m[49m  [0m[7m  [0m[49m  [0m[49m  [0m[49m  [0m[49m  [0m[49m  [0m[49m  [0m[7m  [0m[7m  [0m[7m  [0m[49m  [0m[7m  [0m[49m  [0m[49m  [0m[49m  [0m[49m  [0m[49m  [0m[7m  [0m[7m  [0m
[7m  [0m[49m  [0m[49m  [0m[49m  [0m[49m  [0m[49m  [0m[49m  [0m[49m  [0m[7m  [0m[49m  [0m[49m  [0m[49m  [0m[49m  [0m[49m  [0m[49m  [0m[7m  [0m[7m  [0m[49m  [0m[7m  [0m[49m  [0m[7m  [0m[7m  [0m[7m  [0m[49m  [0m[49m  [0m[49m  [0m[7m  [0m
[7m  [0m[7m  [0m[7m  [0m[7m  [0m[7m  [0m[7m  [0m[7m  [0m[7m  [0m[7m  [0m[7m  [0m[7m  [0m[7m  [0m[7m  [0m[7m  [0m[7m  [0m[7m  [0m[7m  [0m[7m  [0m[7m  [0m[7m  [0m[7m  [0m[7m  [0m[7m  [0m[7m  [0m[7m  [0m[7m  [0m[7m  [0m

d73311d9c6f68e.lhr.life tunneled with tls termination, https://d73311d9c6f68e.lhr.life
create an account and add your key for a longer lasting domain name. see https://localhost.run/docs/forever-free/ for more information.
Open your tunnel address on your mobile with this QR:

[7m  [0m[7m  [0m[7m  [0m[7m  [0m[7m  [0m[7m  [0m[7m  [0m[7m  [0m[7m  [0m[7m  [0m[7m  [0m[7m  [0m[7m  [0m[7m  [0m[7m  [0m[7m  [0m[7m  [0m[7m  [0m[7m  [0m[7m  [0m[7m  [0m[7m  [0m[7m  [0m[7m  [0m[7m  [0m[7m  [0m[7m  [0m
[7m  [0m[49m  [0m[49m  [0m[49m  [0m[49m  [0m[49m  [0m[49m  [0m[49m  [0m[7m  [0m[49m  [0m[49m  [0m[7m  [0m[7m  [0m[7m  [0m[49m  [0m[49m  [0m[49m  [0m[7m  [0m[7m  [0m[49m  [0m[49m  [0m[49m  [0m[49m  [0m[49m  [0m[49m  [0m[49m  [0m[7m  [0m
[7m  [0m[49m  [0m[7m  [0m[7m  [0m[7m  [0m[7m  [0m[7m  [0m[49m  [0m[7m  [0m[7m  [0m[7m  [0m[7m  [0m[7m  [0m[7m  [0m[7m  [0m[49m  [0m[7m  [0m[49m  [0m[7m  [0m[49m  [0m[7m  [0m[7m  [0m[7m  [0m[7m  [0m[7m  [0m[49m  [0m[7m  [0m
[7m  [0m[49m  [0m[7m  [0m[49m  [0m[49m  [0m[49m  [0m[7m  [0m[49m  [0m[7m  [0m[49m  [0m[7m  [0m[7m  [0m[49m  [0m[49m  [0m[7m  [0m[7m  [0m[49m  [0m[49m  [0m[7m  [0m[49m  [0m[7m  [0m[49m  [0m[49m  [0m[49m  [0m[7m  [0m[49m  [0m[7m  [0m
[7m  [0m[49m  [0m[7m  [0m[49m  [0m[49m  [0m[49m  [0m[7m  [0m[49m  [0m[7m  [0m[49m  [0m[49m  [0m[7m  [0m[49m  [0m[7m  [0m[49m  [0m[49m  [0m[7m  [0m[49m  [0m[7m  [0m[49m  [0m[7m  [0m[49m  [0m[49m  [0m[49m  [0m[7m  [0m[49m  [0m[7m  [0m
[7m  [0m[49m  [0m[7m  [0m[49m  [0m[49m  [0m[49m  [0m[7m  [0m[49m  [0m[7m  [0m[49m  [0m[49m  [0m[49m  [0m[49m  [0m[7m  [0m[49m  [0m[49m  [0m[49m  [0m[7m  [0m[7m  [0m[49m  [0m[7m  [0m[49m  [0m[49m  [0m[49m  [0m[7m  [0m[49m  [0m[7m  [0m
[7m  [0m[49m  [0m[7m  [0m[7m  [0m[7m  [0m[7m  [0m[7m  [0m[49m  [0m[7m  [0m[7m  [0m[49m  [0m[7m  [0m[7m  [0m[49m  [0m[7m  [0m[49m  [0m[49m  [0m[7m  [0m[7m  [0m[49m  [0m[7m  [0m[7m  [0m[7m  [0m[7m  [0m[7m  [0m[49m  [0m[7m  [0m
[7m  [0m[49m  [0m[49m  [0m[49m  [0m[49m  [0m[49m  [0m[49m  [0m[49m  [0m[7m  [0m[49m  [0m[7m  [0m[49m  [0m[7m  [0m[49m  [0m[7m  [0m[49m  [0m[7m  [0m[49m  [0m[7m  [0m[49m  [0m[49m  [0m[49m  [0m[49m  [0m[49m  [0m[49m  [0m[49m  [0m[7m  [0m
[7m  [0m[7m  [0m[7m  [0m[7m  [0m[7m  [0m[7m  [0m[7m  [0m[7m  [0m[7m  [0m[7m  [0m[49m  [0m[7m  [0m[49m  [0m[7m  [0m[49m  [0m[49m  [0m[49m  [0m[7m  [0m[7m  [0m[7m  [0m[7m  [0m[7m  [0m[7m  [0m[7m  [0m[7m  [0m[7m  [0m[7m  [0m
[7m  [0m[49m  [0m[49m  [0m[49m  [0m[49m  [0m[7m  [0m[7m  [0m[49m  [0m[7m  [0m[49m  [0m[7m  [0m[7m  [0m[7m  [0m[7m  [0m[7m  [0m[49m  [0m[49m  [0m[7m  [0m[49m  [0m[7m  [0m[7m  [0m[49m  [0m[49m  [0m[49m  [0m[7m  [0m[49m  [0m[7m  [0m
[7m  [0m[49m  [0m[49m  [0m[7m  [0m[7m  [0m[49m  [0m[49m  [0m[7m  [0m[7m  [0m[7m  [0m[49m  [0m[7m  [0m[7m  [0m[7m  [0m[49m  [0m[7m  [0m[7m  [0m[7m  [0m[49m  [0m[7m  [0m[7m  [0m[49m  [0m[7m  [0m[7m  [0m[7m  [0m[7m  [0m[7m  [0m
[7m  [0m[49m  [0m[49m  [0m[7m  [0m[7m  [0m[49m  [0m[7m  [0m[49m  [0m[7m  [0m[49m  [0m[7m  [0m[7m  [0m[7m  [0m[7m  [0m[7m  [0m[7m  [0m[49m  [0m[49m  [0m[49m  [0m[49m  [0m[7m  [0m[49m  [0m[49m  [0m[7m  [0m[7m  [0m[7m  [0m[7m  [0m
[7m  [0m[49m  [0m[7m  [0m[49m  [0m[7m  [0m[7m  [0m[49m  [0m[7m  [0m[7m  [0m[7m  [0m[7m  [0m[7m  [0m[49m  [0m[49m  [0m[7m  [0m[7m  [0m[7m  [0m[7m  [0m[49m  [0m[7m  [0m[49m  [0m[7m  [0m[49m  [0m[49m  [0m[7m  [0m[49m  [0m[7m  [0m
[7m  [0m[7m  [0m[7m  [0m[49m  [0m[49m  [0m[49m  [0m[7m  [0m[49m  [0m[49m  [0m[49m  [0m[49m  [0m[7m  [0m[49m  [0m[7m  [0m[49m  [0m[49m  [0m[7m  [0m[49m  [0m[7m  [0m[49m  [0m[7m  [0m[7m  [0m[49m  [0m[7m  [0m[7m  [0m[7m  [0m[7m  [0m
[7m  [0m[7m  [0m[7m  [0m[49m  [0m[7m  [0m[7m  [0m[7m  [0m[7m  [0m[7m  [0m[7m  [0m[7m  [0m[49m  [0m[49m  [0m[7m  [0m[7m  [0m[49m  [0m[7m  [0m[49m  [0m[49m  [0m[49m  [0m[49m  [0m[49m  [0m[49m  [0m[7m  [0m[49m  [0m[49m  [0m[7m  [0m
[7m  [0m[7m  [0m[49m  [0m[7m  [0m[7m  [0m[7m  [0m[49m  [0m[49m  [0m[49m  [0m[49m  [0m[7m  [0m[49m  [0m[7m  [0m[49m  [0m[49m  [0m[49m  [0m[7m  [0m[49m  [0m[7m  [0m[49m  [0m[7m  [0m[7m  [0m[7m  [0m[7m  [0m[7m  [0m[49m  [0m[7m  [0m
[7m  [0m[49m  [0m[7m  [0m[7m  [0m[49m  [0m[49m  [0m[7m  [0m[7m  [0m[49m  [0m[7m  [0m[49m  [0m[7m  [0m[7m  [0m[49m  [0m[49m  [0m[7m  [0m[7m  [0m[7m  [0m[49m  [0m[49m  [0m[7m  [0m[7m  [0m[49m  [0m[7m  [0m[49m  [0m[49m  [0m[7m  [0m
[7m  [0m[7m  [0m[7m  [0m[49m  [0m[7m  [0m[49m  [0m[49m  [0m[49m  [0m[49m  [0m[7m  [0m[49m  [0m[49m  [0m[49m  [0m[7m  [0m[49m  [0m[7m  [0m[7m  [0m[49m  [0m[49m  [0m[49m  [0m[49m  [0m[49m  [0m[49m  [0m[49m  [0m[49m  [0m[7m  [0m[7m  [0m
[7m  [0m[7m  [0m[7m  [0m[7m  [0m[7m  [0m[7m  [0m[7m  [0m[7m  [0m[7m  [0m[49m  [0m[49m  [0m[7m  [0m[7m  [0m[49m  [0m[49m  [0m[7m  [0m[49m  [0m[49m  [0m[7m  [0m[7m  [0m[7m  [0m[49m  [0m[49m  [0m[7m  [0m[49m  [0m[49m  [0m[7m  [0m
[7m  [0m[49m  [0m[49m  [0m[49m  [0m[49m  [0m[49m  [0m[49m  [0m[49m  [0m[7m  [0m[7m  [0m[49m  [0m[7m  [0m[49m  [0m[49m  [0m[7m  [0m[7m  [0m[49m  [0m[49m  [0m[7m  [0m[49m  [0m[7m  [0m[49m  [0m[7m  [0m[7m  [0m[7m  [0m[7m  [0m[7m  [0m
[7m  [0m[49m  [0m[7m  [0m[7m  [0m[7m  [0m[7m  [0m[7m  [0m[49m  [0m[7m  [0m[7m  [0m[7m  [0m[49m  [0m[7m  [0m[49m  [0m[7m  [0m[49m  [0m[49m  [0m[49m  [0m[7m  [0m[7m  [0m[7m  [0m[49m  [0m[49m  [0m[49m  [0m[7m  [0m[49m  [0m[7m  [0m
[7m  [0m[49m  [0m[7m  [0m[49m  [0m[49m  [0m[49m  [0m[7m  [0m[49m  [0m[7m  [0m[7m  [0m[7m  [0m[49m  [0m[49m  [0m[49m  [0m[49m  [0m[7m  [0m[7m  [0m[49m  [0m[49m  [0m[49m  [0m[49m  [0m[49m  [0m[49m  [0m[49m  [0m[49m  [0m[49m  [0m[7m  [0m
[7m  [0m[49m  [0m[7m  [0m[49m  [0m[49m  [0m[49m  [0m[7m  [0m[49m  [0m[7m  [0m[49m  [0m[7m  [0m[7m  [0m[7m  [0m[49m  [0m[49m  [0m[7m  [0m[7m  [0m[7m  [0m[7m  [0m[49m  [0m[49m  [0m[7m  [0m[49m  [0m[7m  [0m[7m  [0m[49m  [0m[7m  [0m
[7m  [0m[49m  [0m[7m  [0m[49m  [0m[49m  [0m[49m  [0m[7m  [0m[49m  [0m[7m  [0m[49m  [0m[49m  [0m[49m  [0m[49m  [0m[49m  [0m[49m  [0m[7m  [0m[49m  [0m[7m  [0m[49m  [0m[49m  [0m[7m  [0m[49m  [0m[7m  [0m[49m  [0m[49m  [0m[7m  [0m[7m  [0m
[7m  [0m[49m  [0m[7m  [0m[7m  [0m[7m  [0m[7m  [0m[7m  [0m[49m  [0m[7m  [0m[49m  [0m[49m  [0m[49m  [0m[7m  [0m[7m  [0m[7m  [0m[7m  [0m[7m  [0m[7m  [0m[7m  [0m[7m  [0m[49m  [0m[7m  [0m[49m  [0m[49m  [0m[7m  [0m[49m  [0m[7m  [0m
[7m  [0m[49m  [0m[49m  [0m[49m  [0m[49m  [0m[49m  [0m[49m  [0m[49m  [0m[7m  [0m[49m  [0m[49m  [0m[49m  [0m[7m  [0m[49m  [0m[7m  [0m[49m  [0m[49m  [0m[7m  [0m[7m  [0m[7m  [0m[7m  [0m[7m  [0m[7m  [0m[7m  [0m[7m  [0m[49m  [0m[7m  [0m
[7m  [0m[7m  [0m[7m  [0m[7m  [0m[7m  [0m[7m  [0m[7m  [0m[7m  [0m[7m  [0m[7m  [0m[7m  [0m[7m  [0m[7m  [0m[7m  [0m[7m  [0m[7m  [0m[7m  [0m[7m  [0m[7m  [0m[7m  [0m[7m  [0m[7m  [0m[7m  [0m[7m  [0m[7m  [0m[7m  [0m[7m  [0m

0d30ad32347546.lhr.life tunneled with tls termination, https://0d30ad32347546.lhr.life
create an account and add your key for a longer lasting domain name. see https://localhost.run/docs/forever-free/ for more information.
Open your tunnel address on your mobile with this QR:

[7m  [0m[7m  [0m[7m  [0m[7m  [0m[7m  [0m[7m  [0m[7m  [0m[7m  [0m[7m  [0m[7m  [0m[7m  [0m[7m  [0m[7m  [0m[7m  [0m[7m  [0m[7m  [0m[7m  [0m[7m  [0m[7m  [0m[7m  [0m[7m  [0m[7m  [0m[7m  [0m[7m  [0m[7m  [0m[7m  [0m[7m  [0m
[7m  [0m[49m  [0m[49m  [0m[49m  [0m[49m  [0m[49m  [0m[49m  [0m[49m  [0m[7m  [0m[49m  [0m[49m  [0m[7m  [0m[7m  [0m[7m  [0m[49m  [0m[49m  [0m[49m  [0m[7m  [0m[7m  [0m[49m  [0m[49m  [0m[49m  [0m[49m  [0m[49m  [0m[49m  [0m[49m  [0m[7m  [0m
[7m  [0m[49m  [0m[7m  [0m[7m  [0m[7m  [0m[7m  [0m[7m  [0m[49m  [0m[7m  [0m[7m  [0m[7m  [0m[7m  [0m[7m  [0m[7m  [0m[7m  [0m[49m  [0m[7m  [0m[49m  [0m[7m  [0m[49m  [0m[7m  [0m[7m  [0m[7m  [0m[7m  [0m[7m  [0m[49m  [0m[7m  [0m
[7m  [0m[49m  [0m[7m  [0m[49m  [0m[49m  [0m[49m  [0m[7m  [0m[49m  [0m[7m  [0m[49m  [0m[7m  [0m[7m  [0m[49m  [0m[49m  [0m[7m  [0m[7m  [0m[49m  [0m[49m  [0m[7m  [0m[49m  [0m[7m  [0m[49m  [0m[49m  [0m[49m  [0m[7m  [0m[49m  [0m[7m  [0m
[7m  [0m[49m  [0m[7m  [0m[49m  [0m[49m  [0m[49m  [0m[7m  [0m[49m  [0m[7m  [0m[49m  [0m[49m  [0m[7m  [0m[49m  [0m[7m  [0m[49m  [0m[49m  [0m[7m  [0m[49m  [0m[7m  [0m[49m  [0m[7m  [0m[49m  [0m[49m  [0m[49m  [0m[7m  [0m[49m  [0m[7m  [0m
[7m  [0m[49m  [0m[7m  [0m[49m  [0m[49m  [0m[49m  [0m[7m  [0m[49m  [0m[7m  [0m[49m  [0m[49m  [0m[49m  [0m[49m  [0m[7m  [0m[49m  [0m[49m  [0m[49m  [0m[7m  [0m[7m  [0m[49m  [0m[7m  [0m[49m  [0m[49m  [0m[49m  [0m[7m  [0m[49m  [0m[7m  [0m
[7m  [0m[49m  [0m[7m  [0m[7m  [0m[7m  [0m[7m  [0m[7m  [0m[49m  [0m[7m  [0m[7m  [0m[49m  [0m[7m  [0m[7m  [0m[49m  [0m[7m  [0m[49m  [0m[49m  [0m[7m  [0m[7m  [0m[49m  [0m[7m  [0m[7m  [0m[7m  [0m[7m  [0m[7m  [0m[49m  [0m[7m  [0m
[7m  [0m[49m  [0m[49m  [0m[49m  [0m[49m  [0m[49m  [0m[49m  [0m[49m  [0m[7m  [0m[49m  [0m[7m  [0m[49m  [0m[7m  [0m[49m  [0m[7m  [0m[49m  [0m[7m  [0m[49m  [0m[7m  [0m[49m  [0m[49m  [0m[49m  [0m[49m  [0m[49m  [0m[49m  [0m[49m  [0m[7m  [0m
[7m  [0m[7m  [0m[7m  [0m[7m  [0m[7m  [0m[7m  [0m[7m  [0m[7m  [0m[7m  [0m[7m  [0m[49m  [0m[7m  [0m[49m  [0m[7m  [0m[49m  [0m[49m  [0m[49m  [0m[7m  [0m[7m  [0m[7m  [0m[7m  [0m[7m  [0m[7m  [0m[7m  [0m[7m  [0m[7m  [0m[7m  [0m
[7m  [0m[49m  [0m[49m  [0m[49m  [0m[49m  [0m[7m  [0m[7m  [0m[49m  [0m[7m  [0m[49m  [0m[7m  [0m[7m  [0m[7m  [0m[7m  [0m[7m  [0m[49m  [0m[49m  [0m[7m  [0m[49m  [0m[7m  [0m[7m  [0m[49m  [0m[49m  [0m[49m  [0m[7m  [0m[49m  [0m[7m  [0m
[7m  [0m[49m  [0m[49m  [0m[7m  [0m[7m  [0m[49m  [0m[7m  [0m[7m  [0m[49m  [0m[49m  [0m[49m  [0m[7m  [0m[7m  [0m[7m  [0m[49m  [0m[7m  [0m[7m  [0m[7m  [0m[49m  [0m[7m  [0m[7m  [0m[7m  [0m[7m  [0m[7m  [0m[7m  [0m[7m  [0m[7m  [0m
[7m  [0m[49m  [0m[7m  [0m[49m  [0m[49m  [0m[49m  [0m[49m  [0m[49m  [0m[49m  [0m[49m  [0m[7m  [0m[7m  [0m[7m  [0m[7m  [0m[7m  [0m[7m  [0m[49m  [0m[7m  [0m[7m  [0m[49m  [0m[49m  [0m[7m  [0m[49m  [0m[7m  [0m[7m  [0m[7m  [0m[7m  [0m
[7m  [0m[49m  [0m[7m  [0m[7m  [0m[49m  [0m[7m  [0m[7m  [0m[7m  [0m[7m  [0m[49m  [0m[7m  [0m[7m  [0m[49m  [0m[49m  [0m[7m  [0m[7m  [0m[49m  [0m[7m  [0m[7m  [0m[7m  [0m[7m  [0m[7m  [0m[49m  [0m[49m  [0m[7m  [0m[49m  [0m[7m  [0m
[7m  [0m[49m  [0m[7m  [0m[49m  [0m[49m  [0m[49m  [0m[7m  [0m[49m  [0m[7m  [0m[7m  [0m[49m  [0m[7m  [0m[49m  [0m[7m  [0m[49m  [0m[49m  [0m[7m  [0m[7m  [0m[49m  [0m[49m  [0m[7m  [0m[49m  [0m[49m  [0m[7m  [0m[7m  [0m[7m  [0m[7m  [0m
[7m  [0m[7m  [0m[49m  [0m[7m  [0m[49m  [0m[7m  [0m[7m  [0m[7m  [0m[7m  [0m[49m  [0m[49m  [0m[49m  [0m[49m  [0m[7m  [0m[7m  [0m[49m  [0m[49m  [0m[7m  [0m[49m  [0m[7m  [0m[49m  [0m[7m  [0m[49m  [0m[7m  [0m[49m  [0m[49m  [0m[7m  [0m
[7m  [0m[7m  [0m[49m  [0m[49m  [0m[7m  [0m[7m  [0m[7m  [0m[49m  [0m[7m  [0m[49m  [0m[49m  [0m[7m  [0m[7m  [0m[49m  [0m[49m  [0m[49m  [0m[7m  [0m[49m  [0m[49m  [0m[7m  [0m[49m  [0m[7m  [0m[7m  [0m[7m  [0m[7m  [0m[49m  [0m[7m  [0m
[7m  [0m[49m  [0m[7m  [0m[7m  [0m[7m  [0m[49m  [0m[7m  [0m[7m  [0m[49m  [0m[49m  [0m[49m  [0m[49m  [0m[7m  [0m[49m  [0m[49m  [0m[7m  [0m[49m  [0m[7m  [0m[7m  [0m[49m  [0m[7m  [0m[7m  [0m[49m  [0m[7m  [0m[49m  [0m[49m  [0m[7m  [0m
[7m  [0m[7m  [0m[7m  [0m[7m  [0m[7m  [0m[49m  [0m[49m  [0m[49m  [0m[49m  [0m[7m  [0m[49m  [0m[49m  [0m[49m  [0m[7m  [0m[49m  [0m[7m  [0m[7m  [0m[49m  [0m[49m  [0m[49m  [0m[49m  [0m[49m  [0m[49m  [0m[49m  [0m[49m  [0m[7m  [0m[7m  [0m
[7m  [0m[7m  [0m[7m  [0m[7m  [0m[7m  [0m[7m  [0m[7m  [0m[7m  [0m[7m  [0m[49m  [0m[7m  [0m[49m  [0m[7m  [0m[49m  [0m[49m  [0m[7m  [0m[7m  [0m[49m  [0m[7m  [0m[7m  [0m[7m  [0m[49m  [0m[49m  [0m[7m  [0m[49m  [0m[49m  [0m[7m  [0m
[7m  [0m[49m  [0m[49m  [0m[49m  [0m[49m  [0m[49m  [0m[49m  [0m[49m  [0m[7m  [0m[7m  [0m[7m  [0m[49m  [0m[49m  [0m[49m  [0m[7m  [0m[7m  [0m[49m  [0m[49m  [0m[7m  [0m[49m  [0m[7m  [0m[49m  [0m[7m  [0m[7m  [0m[7m  [0m[7m  [0m[7m  [0m
[7m  [0m[49m  [0m[7m  [0m[7m  [0m[7m  [0m[7m  [0m[7m  [0m[49m  [0m[7m  [0m[7m  [0m[49m  [0m[7m  [0m[7m  [0m[49m  [0m[7m  [0m[49m  [0m[7m  [0m[49m  [0m[7m  [0m[7m  [0m[7m  [0m[49m  [0m[49m  [0m[49m  [0m[7m  [0m[49m  [0m[7m  [0m
[7m  [0m[49m  [0m[7m  [0m[49m  [0m[49m  [0m[49m  [0m[7m  [0m[49m  [0m[7m  [0m[7m  [0m[7m  [0m[49m  [0m[49m  [0m[49m  [0m[49m  [0m[7m  [0m[49m  [0m[49m  [0m[49m  [0m[49m  [0m[49m  [0m[49m  [0m[49m  [0m[49m  [0m[49m  [0m[49m  [0m[7m  [0m
[7m  [0m[49m  [0m[7m  [0m[49m  [0m[49m  [0m[49m  [0m[7m  [0m[49m  [0m[7m  [0m[49m  [0m[49m  [0m[7m  [0m[7m  [0m[49m  [0m[49m  [0m[7m  [0m[49m  [0m[49m  [0m[7m  [0m[7m  [0m[49m  [0m[7m  [0m[49m  [0m[7m  [0m[7m  [0m[49m  [0m[7m  [0m
[7m  [0m[49m  [0m[7m  [0m[49m  [0m[49m  [0m[49m  [0m[7m  [0m[49m  [0m[7m  [0m[49m  [0m[7m  [0m[49m  [0m[49m  [0m[49m  [0m[49m  [0m[7m  [0m[7m  [0m[7m  [0m[49m  [0m[7m  [0m[7m  [0m[49m  [0m[7m  [0m[7m  [0m[49m  [0m[7m  [0m[7m  [0m
[7m  [0m[49m  [0m[7m  [0m[7m  [0m[7m  [0m[7m  [0m[7m  [0m[49m  [0m[7m  [0m[49m  [0m[49m  [0m[7m  [0m[7m  [0m[7m  [0m[7m  [0m[7m  [0m[49m  [0m[7m  [0m[7m  [0m[49m  [0m[7m  [0m[7m  [0m[7m  [0m[49m  [0m[7m  [0m[49m  [0m[7m  [0m
[7m  [0m[49m  [0m[49m  [0m[49m  [0m[49m  [0m[49m  [0m[49m  [0m[49m  [0m[7m  [0m[49m  [0m[7m  [0m[7m  [0m[7m  [0m[49m  [0m[7m  [0m[49m  [0m[49m  [0m[49m  [0m[7m  [0m[49m  [0m[49m  [0m[49m  [0m[49m  [0m[7m  [0m[7m  [0m[49m  [0m[7m  [0m
[7m  [0m[7m  [0m[7m  [0m[7m  [0m[7m  [0m[7m  [0m[7m  [0m[7m  [0m[7m  [0m[7m  [0m[7m  [0m[7m  [0m[7m  [0m[7m  [0m[7m  [0m[7m  [0m[7m  [0m[7m  [0m[7m  [0m[7m  [0m[7m  [0m[7m  [0m[7m  [0m[7m  [0m[7m  [0m[7m  [0m[7m  [0m

Received disconnect from 35.171.254.69 port 22:12: ListenAddressT(host='0d30ad32347546.lhr.life', port=80)
Disconnected from 35.171.254.69 port 22
Pseudo-terminal will not be allocated because stdin is not a terminal.

===============================================================================
Welcome to localhost.run!

Follow your favourite reverse tunnel at [https://twitter.com/localhost_run].

To set up and manage custom domains go to https://admin.localhost.run/

More details on custom domains (and how to enable subdomains of your custom
domain) at https://localhost.run/docs/custom-domains

If you get a permission denied error check the faq for how to connect with a key or
create a free tunnel without a key at [http://localhost:3000/docs/faq#generating-an-ssh-key].

To explore using localhost.run visit the documentation site:
https://localhost.run/docs/

===============================================================================

** your connection id is 7a1cadca-2726-4fcf-9d53-868482903b03, please mention it if you send me a message about an issue. **

authenticated as anonymous user
9dd226194827ac.lhr.life tunneled with tls termination, https://9dd226194827ac.lhr.life
create an account and add your key for a longer lasting domain name. see https://localhost.run/docs/forever-free/ for more information.
Open your tunnel address on your mobile with this QR:

[7m  [0m[7m  [0m[7m  [0m[7m  [0m[7m  [0m[7m  [0m[7m  [0m[7m  [0m[7m  [0m[7m  [0m[7m  [0m[7m  [0m[7m  [0m[7m  [0m[7m  [0m[7m  [0m[7m  [0m[7m  [0m[7m  [0m[7m  [0m[7m  [0m[7m  [0m[7m  [0m[7m  [0m[7m  [0m[7m  [0m[7m  [0m
[7m  [0m[49m  [0m[49m  [0m[49m  [0m[49m  [0m[49m  [0m[49m  [0m[49m  [0m[7m  [0m[49m  [0m[49m  [0m[7m  [0m[7m  [0m[7m  [0m[49m  [0m[49m  [0m[49m  [0m[7m  [0m[7m  [0m[49m  [0m[49m  [0m[49m  [0m[49m  [0m[49m  [0m[49m  [0m[49m  [0m[7m  [0m
[7m  [0m[49m  [0m[7m  [0m[7m  [0m[7m  [0m[7m  [0m[7m  [0m[49m  [0m[7m  [0m[7m  [0m[7m  [0m[7m  [0m[7m  [0m[7m  [0m[7m  [0m[49m  [0m[7m  [0m[49m  [0m[7m  [0m[49m  [0m[7m  [0m[7m  [0m[7m  [0m[7m  [0m[7m  [0m[49m  [0m[7m  [0m
[7m  [0m[49m  [0m[7m  [0m[49m  [0m[49m  [0m[49m  [0m[7m  [0m[49m  [0m[7m  [0m[49m  [0m[7m  [0m[7m  [0m[49m  [0m[49m  [0m[7m  [0m[7m  [0m[49m  [0m[49m  [0m[7m  [0m[49m  [0m[7m  [0m[49m  [0m[49m  [0m[49m  [0m[7m  [0m[49m  [0m[7m  [0m
[7m  [0m[49m  [0m[7m  [0m[49m  [0m[49m  [0m[49m  [0m[7m  [0m[49m  [0m[7m  [0m[49m  [0m[49m  [0m[7m  [0m[49m  [0m[7m  [0m[49m  [0m[49m  [0m[7m  [0m[49m  [0m[7m  [0m[49m  [0m[7m  [0m[49m  [0m[49m  [0m[49m  [0m[7m  [0m[49m  [0m[7m  [0m
[7m  [0m[49m  [0m[7m  [0m[49m  [0m[49m  [0m[49m  [0m[7m  [0m[49m  [0m[7m  [0m[49m  [0m[49m  [0m[49m  [0m[49m  [0m[7m  [0m[49m  [0m[49m  [0m[49m  [0m[7m  [0m[7m  [0m[49m  [0m[7m  [0m[49m  [0m[49m  [0m[49m  [0m[7m  [0m[49m  [0m[7m  [0m
[7m  [0m[49m  [0m[7m  [0m[7m  [0m[7m  [0m[7m  [0m[7m  [0m[49m  [0m[7m  [0m[7m  [0m[49m  [0m[7m  [0m[7m  [0m[49m  [0m[7m  [0m[49m  [0m[49m  [0m[7m  [0m[7m  [0m[49m  [0m[7m  [0m[7m  [0m[7m  [0m[7m  [0m[7m  [0m[49m  [0m[7m  [0m
[7m  [0m[49m  [0m[49m  [0m[49m  [0m[49m  [0m[49m  [0m[49m  [0m[49m  [0m[7m  [0m[49m  [0m[7m  [0m[49m  [0m[7m  [0m[49m  [0m[7m  [0m[49m  [0m[7m  [0m[49m  [0m[7m  [0m[49m  [0m[49m  [0m[49m  [0m[49m  [0m[49m  [0m[49m  [0m[49m  [0m[7m  [0m
[7m  [0m[7m  [0m[7m  [0m[7m  [0m[7m  [0m[7m  [0m[7m  [0m[7m  [0m[7m  [0m[7m  [0m[49m  [0m[7m  [0m[49m  [0m[7m  [0m[49m  [0m[49m  [0m[49m  [0m[7m  [0m[7m  [0m[7m  [0m[7m  [0m[7m  [0m[7m  [0m[7m  [0m[7m  [0m[7m  [0m[7m  [0m
[7m  [0m[49m  [0m[49m  [0m[49m  [0m[49m  [0m[7m  [0m[7m  [0m[49m  [0m[7m  [0m[49m  [0m[7m  [0m[7m  [0m[7m  [0m[7m  [0m[7m  [0m[49m  [0m[49m  [0m[7m  [0m[49m  [0m[7m  [0m[7m  [0m[49m  [0m[49m  [0m[49m  [0m[7m  [0m[49m  [0m[7m  [0m
[7m  [0m[7m  [0m[7m  [0m[49m  [0m[49m  [0m[7m  [0m[49m  [0m[7m  [0m[49m  [0m[7m  [0m[49m  [0m[7m  [0m[7m  [0m[7m  [0m[49m  [0m[7m  [0m[7m  [0m[7m  [0m[7m  [0m[49m  [0m[7m  [0m[49m  [0m[7m  [0m[7m  [0m[7m  [0m[7m  [0m[7m  [0m
[7m  [0m[7m  [0m[49m  [0m[49m  [0m[7m  [0m[49m  [0m[7m  [0m[49m  [0m[7m  [0m[7m  [0m[7m  [0m[7m  [0m[7m  [0m[7m  [0m[7m  [0m[7m  [0m[49m  [0m[49m  [0m[49m  [0m[7m  [0m[49m  [0m[49m  [0m[49m  [0m[7m  [0m[7m  [0m[7m  [0m[7m  [0m
[7m  [0m[49m  [0m[7m  [0m[49m  [0m[7m  [0m[7m  [0m[49m  [0m[7m  [0m[7m  [0m[7m  [0m[7m  [0m[7m  [0m[49m  [0m[49m  [0m[7m  [0m[7m  [0m[49m  [0m[49m  [0m[7m  [0m[7m  [0m[49m  [0m[7m  [0m[49m  [0m[49m  [0m[7m  [0m[49m  [0m[7m  [0m
[7m  [0m[49m  [0m[49m  [0m[7m  [0m[7m  [0m[7m  [0m[49m  [0m[49m  [0m[7m  [0m[49m  [0m[49m  [0m[7m  [0m[49m  [0m[7m  [0m[49m  [0m[49m  [0m[49m  [0m[49m  [0m[7m  [0m[49m  [0m[7m  [0m[49m  [0m[49m  [0m[7m  [0m[7m  [0m[7m  [0m[7m  [0m
[7m  [0m[7m  [0m[49m  [0m[7m  [0m[49m  [0m[7m  [0m[49m  [0m[7m  [0m[7m  [0m[49m  [0m[7m  [0m[49m  [0m[49m  [0m[7m  [0m[7m  [0m[49m  [0m[49m  [0m[49m  [0m[7m  [0m[7m  [0m[49m  [0m[49m  [0m[49m  [0m[7m  [0m[49m  [0m[49m  [0m[7m  [0m
[7m  [0m[7m  [0m[49m  [0m[49m  [0m[49m  [0m[49m  [0m[7m  [0m[49m  [0m[49m  [0m[49m  [0m[7m  [0m[7m  [0m[7m  [0m[49m  [0m[49m  [0m[49m  [0m[7m  [0m[49m  [0m[7m  [0m[49m  [0m[7m  [0m[7m  [0m[7m  [0m[7m  [0m[7m  [0m[49m  [0m[7m  [0m
[7m  [0m[49m  [0m[7m  [0m[49m  [0m[49m  [0m[49m  [0m[49m  [0m[7m  [0m[7m  [0m[7m  [0m[7m  [0m[49m  [0m[7m  [0m[49m  [0m[49m  [0m[7m  [0m[7m  [0m[7m  [0m[49m  [0m[7m  [0m[7m  [0m[49m  [0m[49m  [0m[7m  [0m[49m  [0m[49m  [0m[7m  [0m
[7m  [0m[7m  [0m[7m  [0m[49m  [0m[49m  [0m[49m  [0m[7m  [0m[49m  [0m[49m  [0m[49m  [0m[7m  [0m[49m  [0m[49m  [0m[7m  [0m[49m  [0m[7m  [0m[7m  [0m[49m  [0m[49m  [0m[49m  [0m[49m  [0m[49m  [0m[49m  [0m[49m  [0m[49m  [0m[7m  [0m[7m  [0m
[7m  [0m[7m  [0m[7m  [0m[7m  [0m[7m  [0m[7m  [0m[7m  [0m[7m  [0m[7m  [0m[49m  [0m[7m  [0m[7m  [0m[7m  [0m[49m  [0m[49m  [0m[7m  [0m[7m  [0m[49m  [0m[7m  [0m[7m  [0m[7m  [0m[49m  [0m[49m  [0m[7m  [0m[49m  [0m[49m  [0m[7m  [0m
[7m  [0m[49m  [0m[49m  [0m[49m  [0m[49m  [0m[49m  [0m[49m  [0m[49m  [0m[7m  [0m[7m  [0m[49m  [0m[7m  [0m[49m  [0m[49m  [0m[7m  [0m[7m  [0m[49m  [0m[49m  [0m[7m  [0m[49m  [0m[7m  [0m[49m  [0m[7m  [0m[7m  [0m[7m  [0m[7m  [0m[7m  [0m
[7m  [0m[49m  [0m[7m  [0m[7m  [0m[7m  [0m[7m  [0m[7m  [0m[49m  [0m[7m  [0m[7m  [0m[7m  [0m[7m  [0m[7m  [0m[49m  [0m[7m  [0m[49m  [0m[49m  [0m[49m  [0m[7m  [0m[7m  [0m[7m  [0m[49m  [0m[49m  [0m[49m  [0m[7m  [0m[49m  [0m[7m  [0m
[7m  [0m[49m  [0m[7m  [0m[49m  [0m[49m  [0m[49m  [0m[7m  [0m[49m  [0m[7m  [0m[7m  [0m[7m  [0m[7m  [0m[49m  [0m[49m  [0m[49m  [0m[7m  [0m[49m  [0m[49m  [0m[49m  [0m[49m  [0m[49m  [0m[49m  [0m[49m  [0m[49m  [0m[49m  [0m[49m  [0m[7m  [0m
[7m  [0m[49m  [0m[7m  [0m[49m  [0m[49m  [0m[49m  [0m[7m  [0m[49m  [0m[7m  [0m[49m  [0m[49m  [0m[49m  [0m[7m  [0m[49m  [0m[49m  [0m[7m  [0m[49m  [0m[7m  [0m[7m  [0m[49m  [0m[7m  [0m[7m  [0m[49m  [0m[7m  [0m[7m  [0m[49m  [0m[7m  [0m
[7m  [0m[49m  [0m[7m  [0m[49m  [0m[49m  [0m[49m  [0m[7m  [0m[49m  [0m[7m  [0m[49m  [0m[49m  [0m[49m  [0m[49m  [0m[49m  [0m[49m  [0m[7m  [0m[7m  [0m[7m  [0m[49m  [0m[7m  [0m[49m  [0m[49m  [0m[49m  [0m[7m  [0m[49m  [0m[7m  [0m[7m  [0m
[7m  [0m[49m  [0m[7m  [0m[7m  [0m[7m  [0m[7m  [0m[7m  [0m[49m  [0m[7m  [0m[49m  [0m[49m  [0m[49m  [0m[7m  [0m[7m  [0m[7m  [0m[7m  [0m[7m  [0m[49m  [0m[7m  [0m[49m  [0m[49m  [0m[49m  [0m[7m  [0m[7m  [0m[7m  [0m[49m  [0m[7m  [0m
[7m  [0m[49m  [0m[49m  [0m[49m  [0m[49m  [0m[49m  [0m[49m  [0m[49m  [0m[7m  [0m[49m  [0m[7m  [0m[49m  [0m[7m  [0m[49m  [0m[7m  [0m[49m  [0m[7m  [0m[49m  [0m[49m  [0m[7m  [0m[7m  [0m[7m  [0m[49m  [0m[49m  [0m[7m  [0m[49m  [0m[7m  [0m
[7m  [0m[7m  [0m[7m  [0m[7m  [0m[7m  [0m[7m  [0m[7m  [0m[7m  [0m[7m  [0m[7m  [0m[7m  [0m[7m  [0m[7m  [0m[7m  [0m[7m  [0m[7m  [0m[7m  [0m[7m  [0m[7m  [0m[7m  [0m[7m  [0m[7m  [0m[7m  [0m[7m  [0m[7m  [0m[7m  [0m[7m  [0m

f8b80cb01e9de5.lhr.life tunneled with tls termination, https://f8b80cb01e9de5.lhr.life
create an account and add your key for a longer lasting domain name. see https://localhost.run/docs/forever-free/ for more information.
Open your tunnel address on your mobile with this QR:

[7m  [0m[7m  [0m[7m  [0m[7m  [0m[7m  [0m[7m  [0m[7m  [0m[7m  [0m[7m  [0m[7m  [0m[7m  [0m[7m  [0m[7m  [0m[7m  [0m[7m  [0m[7m  [0m[7m  [0m[7m  [0m[7m  [0m[7m  [0m[7m  [0m[7m  [0m[7m  [0m[7m  [0m[7m  [0m[7m  [0m[7m  [0m
[7m  [0m[49m  [0m[49m  [0m[49m  [0m[49m  [0m[49m  [0m[49m  [0m[49m  [0m[7m  [0m[49m  [0m[49m  [0m[7m  [0m[7m  [0m[7m  [0m[49m  [0m[49m  [0m[49m  [0m[7m  [0m[7m  [0m[49m  [0m[49m  [0m[49m  [0m[49m  [0m[49m  [0m[49m  [0m[49m  [0m[7m  [0m
[7m  [0m[49m  [0m[7m  [0m[7m  [0m[7m  [0m[7m  [0m[7m  [0m[49m  [0m[7m  [0m[7m  [0m[7m  [0m[7m  [0m[7m  [0m[7m  [0m[7m  [0m[49m  [0m[7m  [0m[49m  [0m[7m  [0m[49m  [0m[7m  [0m[7m  [0m[7m  [0m[7m  [0m[7m  [0m[49m  [0m[7m  [0m
[7m  [0m[49m  [0m[7m  [0m[49m  [0m[49m  [0m[49m  [0m[7m  [0m[49m  [0m[7m  [0m[49m  [0m[7m  [0m[7m  [0m[49m  [0m[49m  [0m[7m  [0m[7m  [0m[49m  [0m[49m  [0m[7m  [0m[49m  [0m[7m  [0m[49m  [0m[49m  [0m[49m  [0m[7m  [0m[49m  [0m[7m  [0m
[7m  [0m[49m  [0m[7m  [0m[49m  [0m[49m  [0m[49m  [0m[7m  [0m[49m  [0m[7m  [0m[49m  [0m[49m  [0m[7m  [0m[49m  [0m[7m  [0m[49m  [0m[49m  [0m[7m  [0m[49m  [0m[7m  [0m[49m  [0m[7m  [0m[49m  [0m[49m  [0m[49m  [0m[7m  [0m[49m  [0m[7m  [0m
[7m  [0m[49m  [0m[7m  [0m[49m  [0m[49m  [0m[49m  [0m[7m  [0m[49m  [0m[7m  [0m[49m  [0m[49m  [0m[49m  [0m[49m  [0m[7m  [0m[49m  [0m[49m  [0m[49m  [0m[7m  [0m[7m  [0m[49m  [0m[7m  [0m[49m  [0m[49m  [0m[49m  [0m[7m  [0m[49m  [0m[7m  [0m
[7m  [0m[49m  [0m[7m  [0m[7m  [0m[7m  [0m[7m  [0m[7m  [0m[49m  [0m[7m  [0m[7m  [0m[49m  [0m[7m  [0m[7m  [0m[49m  [0m[7m  [0m[49m  [0m[49m  [0m[7m  [0m[7m  [0m[49m  [0m[7m  [0m[7m  [0m[7m  [0m[7m  [0m[7m  [0m[49m  [0m[7m  [0m
[7m  [0m[49m  [0m[49m  [0m[49m  [0m[49m  [0m[49m  [0m[49m  [0m[49m  [0m[7m  [0m[49m  [0m[7m  [0m[49m  [0m[7m  [0m[49m  [0m[7m  [0m[49m  [0m[7m  [0m[49m  [0m[7m  [0m[49m  [0m[49m  [0m[49m  [0m[49m  [0m[49m  [0m[49m  [0m[49m  [0m[7m  [0m
[7m  [0m[7m  [0m[7m  [0m[7m  [0m[7m  [0m[7m  [0m[7m  [0m[7m  [0m[7m  [0m[7m  [0m[49m  [0m[7m  [0m[49m  [0m[7m  [0m[49m  [0m[49m  [0m[49m  [0m[7m  [0m[7m  [0m[7m  [0m[7m  [0m[7m  [0m[7m  [0m[7m  [0m[7m  [0m[7m  [0m[7m  [0m
[7m  [0m[49m  [0m[49m  [0m[49m  [0m[49m  [0m[7m  [0m[7m  [0m[49m  [0m[7m  [0m[49m  [0m[7m  [0m[7m  [0m[7m  [0m[7m  [0m[7m  [0m[49m  [0m[49m  [0m[7m  [0m[49m  [0m[7m  [0m[7m  [0m[49m  [0m[49m  [0m[49m  [0m[7m  [0m[49m  [0m[7m  [0m
[7m  [0m[7m  [0m[49m  [0m[49m  [0m[49m  [0m[7m  [0m[49m  [0m[7m  [0m[7m  [0m[7m  [0m[49m  [0m[7m  [0m[7m  [0m[7m  [0m[49m  [0m[7m  [0m[7m  [0m[49m  [0m[49m  [0m[7m  [0m[7m  [0m[7m  [0m[7m  [0m[7m  [0m[7m  [0m[7m  [0m[7m  [0m
[7m  [0m[49m  [0m[49m  [0m[49m  [0m[49m  [0m[49m  [0m[49m  [0m[49m  [0m[7m  [0m[49m  [0m[7m  [0m[7m  [0m[7m  [0m[7m  [0m[7m  [0m[7m  [0m[49m  [0m[7m  [0m[49m  [0m[7m  [0m[7m  [0m[49m  [0m[49m  [0m[7m  [0m[7m  [0m[7m  [0m[7m  [0m
[7m  [0m[49m  [0m[7m  [0m[49m  [0m[49m  [0m[49m  [0m[49m  [0m[7m  [0m[7m  [0m[7m  [0m[7m  [0m[7m  [0m[49m  [0m[49m  [0m[7m  [0m[7m  [0m[49m  [0m[7m  [0m[7m  [0m[7m  [0m[49m  [0m[7m  [0m[49m  [0m[49m  [0m[7m  [0m[49m  [0m[7m  [0m
[7m  [0m[7m  [0m[7m  [0m[49m  [0m[7m  [0m[7m  [0m[49m  [0m[49m  [0m[49m  [0m[7m  [0m[49m  [0m[7m  [0m[49m  [0m[7m  [0m[49m  [0m[49m  [0m[7m  [0m[49m  [0m[49m  [0m[7m  [0m[7m  [0m[49m  [0m[49m  [0m[7m  [0m[7m  [0m[7m  [0m[7m  [0m
[7m  [0m[7m  [0m[7m  [0m[7m  [0m[7m  [0m[49m  [0m[7m  [0m[7m  [0m[49m  [0m[7m  [0m[7m  [0m[49m  [0m[49m  [0m[7m  [0m[7m  [0m[49m  [0m[7m  [0m[7m  [0m[7m  [0m[49m  [0m[49m  [0m[7m  [0m[49m  [0m[7m  [0m[49m  [0m[49m  [0m[7m  [0m
[7m  [0m[7m  [0m[49m  [0m[49m  [0m[49m  [0m[7m  [0m[7m  [0m[49m  [0m[7m  [0m[49m  [0m[49m  [0m[49m  [0m[7m  [0m[49m  [0m[49m  [0m[49m  [0m[49m  [0m[49m  [0m[49m  [0m[7m  [0m[49m  [0m[49m  [0m[7m  [0m[7m  [0m[7m  [0m[49m  [0m[7m  [0m
[7m  [0m[49m  [0m[7m  [0m[7m  [0m[7m  [0m[49m  [0m[49m  [0m[7m  [0m[49m  [0m[7m  [0m[49m  [0m[7m  [0m[7m  [0m[49m  [0m[49m  [0m[7m  [0m[49m  [0m[49m  [0m[49m  [0m[7m  [0m[49m  [0m[49m  [0m[49m  [0m[7m  [0m[49m  [0m[49m  [0m[7m  [0m
[7m  [0m[7m  [0m[7m  [0m[7m  [0m[7m  [0m[49m  [0m[7m  [0m[49m  [0m[7m  [0m[7m  [0m[49m  [0m[49m  [0m[49m  [0m[7m  [0m[49m  [0m[7m  [0m[7m  [0m[49m  [0m[49m  [0m[49m  [0m[49m  [0m[49m  [0m[49m  [0m[49m  [0m[49m  [0m[7m  [0m[7m  [0m
[7m  [0m[7m  [0m[7m  [0m[7m  [0m[7m  [0m[7m  [0m[7m  [0m[7m  [0m[7m  [0m[49m  [0m[7m  [0m[7m  [0m[7m  [0m[49m  [0m[49m  [0m[7m  [0m[7m  [0m[49m  [0m[7m  [0m[7m  [0m[7m  [0m[49m  [0m[49m  [0m[7m  [0m[49m  [0m[49m  [0m[7m  [0m
[7m  [0m[49m  [0m[49m  [0m[49m  [0m[49m  [0m[49m  [0m[49m  [0m[49m  [0m[7m  [0m[7m  [0m[7m  [0m[49m  [0m[49m  [0m[49m  [0m[7m  [0m[7m  [0m[49m  [0m[49m  [0m[7m  [0m[49m  [0m[7m  [0m[49m  [0m[7m  [0m[7m  [0m[7m  [0m[7m  [0m[7m  [0m
[7m  [0m[49m  [0m[7m  [0m[7m  [0m[7m  [0m[7m  [0m[7m  [0m[49m  [0m[7m  [0m[7m  [0m[7m  [0m[7m  [0m[7m  [0m[49m  [0m[7m  [0m[49m  [0m[49m  [0m[49m  [0m[7m  [0m[7m  [0m[7m  [0m[49m  [0m[49m  [0m[49m  [0m[7m  [0m[49m  [0m[7m  [0m
[7m  [0m[49m  [0m[7m  [0m[49m  [0m[49m  [0m[49m  [0m[7m  [0m[49m  [0m[7m  [0m[7m  [0m[7m  [0m[49m  [0m[49m  [0m[49m  [0m[49m  [0m[7m  [0m[7m  [0m[49m  [0m[49m  [0m[49m  [0m[49m  [0m[49m  [0m[49m  [0m[49m  [0m[49m  [0m[49m  [0m[7m  [0m
[7m  [0m[49m  [0m[7m  [0m[49m  [0m[49m  [0m[49m  [0m[7m  [0m[49m  [0m[7m  [0m[49m  [0m[7m  [0m[7m  [0m[7m  [0m[49m  [0m[49m  [0m[7m  [0m[7m  [0m[49m  [0m[7m  [0m[7m  [0m[49m  [0m[49m  [0m[49m  [0m[7m  [0m[7m  [0m[49m  [0m[7m  [0m
[7m  [0m[49m  [0m[7m  [0m[49m  [0m[49m  [0m[49m  [0m[7m  [0m[49m  [0m[7m  [0m[49m  [0m[49m  [0m[7m  [0m[49m  [0m[49m  [0m[49m  [0m[7m  [0m[7m  [0m[7m  [0m[49m  [0m[7m  [0m[7m  [0m[49m  [0m[7m  [0m[49m  [0m[49m  [0m[7m  [0m[7m  [0m
[7m  [0m[49m  [0m[7m  [0m[7m  [0m[7m  [0m[7m  [0m[7m  [0m[49m  [0m[7m  [0m[49m  [0m[7m  [0m[7m  [0m[7m  [0m[7m  [0m[7m  [0m[7m  [0m[49m  [0m[7m  [0m[7m  [0m[7m  [0m[7m  [0m[49m  [0m[7m  [0m[7m  [0m[7m  [0m[49m  [0m[7m  [0m
[7m  [0m[49m  [0m[49m  [0m[49m  [0m[49m  [0m[49m  [0m[49m  [0m[49m  [0m[7m  [0m[49m  [0m[49m  [0m[7m  [0m[7m  [0m[49m  [0m[7m  [0m[49m  [0m[49m  [0m[49m  [0m[49m  [0m[7m  [0m[7m  [0m[49m  [0m[49m  [0m[49m  [0m[7m  [0m[49m  [0m[7m  [0m
[7m  [0m[7m  [0m[7m  [0m[7m  [0m[7m  [0m[7m  [0m[7m  [0m[7m  [0m[7m  [0m[7m  [0m[7m  [0m[7m  [0m[7m  [0m[7m  [0m[7m  [0m[7m  [0m[7m  [0m[7m  [0m[7m  [0m[7m  [0m[7m  [0m[7m  [0m[7m  [0m[7m  [0m[7m  [0m[7m  [0m[7m  [0m

2c5cedc561dd70.lhr.life tunneled with tls termination, https://2c5cedc561dd70.lhr.life
create an account and add your key for a longer lasting domain name. see https://localhost.run/docs/forever-free/ for more information.
Open your tunnel address on your mobile with this QR:

[7m  [0m[7m  [0m[7m  [0m[7m  [0m[7m  [0m[7m  [0m[7m  [0m[7m  [0m[7m  [0m[7m  [0m[7m  [0m[7m  [0m[7m  [0m[7m  [0m[7m  [0m[7m  [0m[7m  [0m[7m  [0m[7m  [0m[7m  [0m[7m  [0m[7m  [0m[7m  [0m[7m  [0m[7m  [0m[7m  [0m[7m  [0m
[7m  [0m[49m  [0m[49m  [0m[49m  [0m[49m  [0m[49m  [0m[49m  [0m[49m  [0m[7m  [0m[7m  [0m[7m  [0m[49m  [0m[7m  [0m[7m  [0m[49m  [0m[7m  [0m[7m  [0m[49m  [0m[7m  [0m[49m  [0m[49m  [0m[49m  [0m[49m  [0m[49m  [0m[49m  [0m[49m  [0m[7m  [0m
[7m  [0m[49m  [0m[7m  [0m[7m  [0m[7m  [0m[7m  [0m[7m  [0m[49m  [0m[7m  [0m[49m  [0m[49m  [0m[49m  [0m[7m  [0m[7m  [0m[7m  [0m[7m  [0m[49m  [0m[7m  [0m[7m  [0m[49m  [0m[7m  [0m[7m  [0m[7m  [0m[7m  [0m[7m  [0m[49m  [0m[7m  [0m
[7m  [0m[49m  [0m[7m  [0m[49m  [0m[49m  [0m[49m  [0m[7m  [0m[49m  [0m[7m  [0m[49m  [0m[7m  [0m[7m  [0m[7m  [0m[7m  [0m[49m  [0m[7m  [0m[49m  [0m[49m  [0m[7m  [0m[49m  [0m[7m  [0m[49m  [0m[49m  [0m[49m  [0m[7m  [0m[49m  [0m[7m  [0m
[7m  [0m[49m  [0m[7m  [0m[49m  [0m[49m  [0m[49m  [0m[7m  [0m[49m  [0m[7m  [0m[7m  [0m[49m  [0m[7m  [0m[7m  [0m[49m  [0m[7m  [0m[49m  [0m[7m  [0m[49m  [0m[7m  [0m[49m  [0m[7m  [0m[49m  [0m[49m  [0m[49m  [0m[7m  [0m[49m  [0m[7m  [0m
[7m  [0m[49m  [0m[7m  [0m[49m  [0m[49m  [0m[49m  [0m[7m  [0m[49m  [0m[7m  [0m[49m  [0m[49m  [0m[49m  [0m[7m  [0m[49m  [0m[7m  [0m[49m  [0m[49m  [0m[7m  [0m[7m  [0m[49m  [0m[7m  [0m[49m  [0m[49m  [0m[49m  [0m[7m  [0m[49m  [0m[7m  [0m
[7m  [0m[49m  [0m[7m  [0m[7m  [0m[7m  [0m[7m  [0m[7m  [0m[49m  [0m[7m  [0m[49m  [0m[7m  [0m[49m  [0m[7m  [0m[49m  [0m[7m  [0m[7m  [0m[7m  [0m[49m  [0m[7m  [0m[49m  [0m[7m  [0m[7m  [0m[7m  [0m[7m  [0m[7m  [0m[49m  [0m[7m  [0m
[7m  [0m[49m  [0m[49m  [0m[49m  [0m[49m  [0m[49m  [0m[49m  [0m[49m  [0m[7m  [0m[49m  [0m[7m  [0m[49m  [0m[7m  [0m[49m  [0m[7m  [0m[49m  [0m[7m  [0m[49m  [0m[7m  [0m[49m  [0m[49m  [0m[49m  [0m[49m  [0m[49m  [0m[49m  [0m[49m  [0m[7m  [0m
[7m  [0m[7m  [0m[7m  [0m[7m  [0m[7m  [0m[7m  [0m[7m  [0m[7m  [0m[7m  [0m[49m  [0m[7m  [0m[49m  [0m[49m  [0m[7m  [0m[49m  [0m[7m  [0m[7m  [0m[49m  [0m[7m  [0m[7m  [0m[7m  [0m[7m  [0m[7m  [0m[7m  [0m[7m  [0m[7m  [0m[7m  [0m
[7m  [0m[49m  [0m[49m  [0m[7m  [0m[49m  [0m[7m  [0m[7m  [0m[49m  [0m[49m  [0m[7m  [0m[7m  [0m[7m  [0m[49m  [0m[49m  [0m[49m  [0m[49m  [0m[49m  [0m[7m  [0m[7m  [0m[49m  [0m[49m  [0m[49m  [0m[7m  [0m[49m  [0m[49m  [0m[7m  [0m[7m  [0m
[7m  [0m[7m  [0m[49m  [0m[7m  [0m[7m  [0m[7m  [0m[7m  [0m[7m  [0m[7m  [0m[49m  [0m[49m  [0m[7m  [0m[49m  [0m[49m  [0m[7m  [0m[7m  [0m[7m  [0m[49m  [0m[49m  [0m[7m  [0m[49m  [0m[7m  [0m[7m  [0m[7m  [0m[49m  [0m[49m  [0m[7m  [0m
[7m  [0m[49m  [0m[7m  [0m[7m  [0m[7m  [0m[49m  [0m[7m  [0m[49m  [0m[49m  [0m[49m  [0m[7m  [0m[7m  [0m[49m  [0m[49m  [0m[49m  [0m[7m  [0m[49m  [0m[7m  [0m[49m  [0m[7m  [0m[49m  [0m[7m  [0m[49m  [0m[7m  [0m[49m  [0m[49m  [0m[7m  [0m
[7m  [0m[7m  [0m[49m  [0m[7m  [0m[7m  [0m[49m  [0m[49m  [0m[7m  [0m[49m  [0m[49m  [0m[49m  [0m[49m  [0m[49m  [0m[49m  [0m[7m  [0m[49m  [0m[7m  [0m[49m  [0m[49m  [0m[7m  [0m[49m  [0m[7m  [0m[7m  [0m[7m  [0m[7m  [0m[49m  [0m[7m  [0m
[7m  [0m[49m  [0m[7m  [0m[49m  [0m[7m  [0m[7m  [0m[7m  [0m[49m  [0m[49m  [0m[7m  [0m[7m  [0m[49m  [0m[49m  [0m[7m  [0m[49m  [0m[7m  [0m[49m  [0m[49m  [0m[7m  [0m[49m  [0m[7m  [0m[7m  [0m[7m  [0m[49m  [0m[7m  [0m[7m  [0m[7m  [0m
[7m  [0m[7m  [0m[49m  [0m[7m  [0m[7m  [0m[49m  [0m[7m  [0m[7m  [0m[7m  [0m[49m  [0m[49m  [0m[7m  [0m[49m  [0m[7m  [0m[7m  [0m[7m  [0m[49m  [0m[7m  [0m[7m  [0m[7m  [0m[7m  [0m[49m  [0m[7m  [0m[49m  [0m[49m  [0m[49m  [0m[7m  [0m
[7m  [0m[49m  [0m[7m  [0m[49m  [0m[49m  [0m[7m  [0m[49m  [0m[49m  [0m[7m  [0m[7m  [0m[49m  [0m[49m  [0m[49m  [0m[7m  [0m[7m  [0m[49m  [0m[7m  [0m[49m  [0m[49m  [0m[49m  [0m[49m  [0m[7m  [0m[7m  [0m[7m  [0m[49m  [0m[7m  [0m[7m  [0m
[7m  [0m[7m  [0m[49m  [0m[7m  [0m[49m  [0m[49m  [0m[49m  [0m[7m  [0m[49m  [0m[7m  [0m[49m  [0m[7m  [0m[49m  [0m[7m  [0m[7m  [0m[7m  [0m[49m  [0m[49m  [0m[49m  [0m[7m  [0m[7m  [0m[49m  [0m[49m  [0m[7m  [0m[7m  [0m[7m  [0m[7m  [0m
[7m  [0m[49m  [0m[49m  [0m[49m  [0m[7m  [0m[49m  [0m[7m  [0m[49m  [0m[7m  [0m[7m  [0m[49m  [0m[7m  [0m[7m  [0m[49m  [0m[7m  [0m[7m  [0m[49m  [0m[49m  [0m[49m  [0m[49m  [0m[49m  [0m[49m  [0m[49m  [0m[49m  [0m[7m  [0m[49m  [0m[7m  [0m
[7m  [0m[7m  [0m[7m  [0m[7m  [0m[7m  [0m[7m  [0m[7m  [0m[7m  [0m[7m  [0m[49m  [0m[49m  [0m[49m  [0m[7m  [0m[49m  [0m[49m  [0m[49m  [0m[49m  [0m[49m  [0m[7m  [0m[7m  [0m[7m  [0m[49m  [0m[7m  [0m[49m  [0m[49m  [0m[49m  [0m[7m  [0m
[7m  [0m[49m  [0m[49m  [0m[49m  [0m[49m  [0m[49m  [0m[49m  [0m[49m  [0m[7m  [0m[49m  [0m[7m  [0m[7m  [0m[49m  [0m[49m  [0m[7m  [0m[49m  [0m[49m  [0m[49m  [0m[7m  [0m[49m  [0m[7m  [0m[49m  [0m[49m  [0m[49m  [0m[7m  [0m[7m  [0m[7m  [0m
[7m  [0m[49m  [0m[7m  [0m[7m  [0m[7m  [0m[7m  [0m[7m  [0m[49m  [0m[7m  [0m[7m  [0m[7m  [0m[49m  [0m[7m  [0m[49m  [0m[7m  [0m[7m  [0m[49m  [0m[49m  [0m[7m  [0m[7m  [0m[7m  [0m[49m  [0m[7m  [0m[7m  [0m[7m  [0m[49m  [0m[7m  [0m
[7m  [0m[49m  [0m[7m  [0m[49m  [0m[49m  [0m[49m  [0m[7m  [0m[49m  [0m[7m  [0m[7m  [0m[7m  [0m[7m  [0m[7m  [0m[7m  [0m[7m  [0m[7m  [0m[49m  [0m[49m  [0m[49m  [0m[49m  [0m[49m  [0m[49m  [0m[49m  [0m[49m  [0m[7m  [0m[7m  [0m[7m  [0m
[7m  [0m[49m  [0m[7m  [0m[49m  [0m[49m  [0m[49m  [0m[7m  [0m[49m  [0m[7m  [0m[49m  [0m[49m  [0m[49m  [0m[49m  [0m[7m  [0m[7m  [0m[7m  [0m[49m  [0m[7m  [0m[49m  [0m[49m  [0m[7m  [0m[7m  [0m[49m  [0m[7m  [0m[49m  [0m[7m  [0m[7m  [0m
[7m  [0m[49m  [0m[7m  [0m[49m  [0m[49m  [0m[49m  [0m[7m  [0m[49m  [0m[7m  [0m[7m  [0m[49m  [0m[49m  [0m[7m  [0m[7m  [0m[7m  [0m[7m  [0m[49m  [0m[7m  [0m[49m  [0m[49m  [0m[49m  [0m[49m  [0m[7m  [0m[7m  [0m[7m  [0m[49m  [0m[7m  [0m
[7m  [0m[49m  [0m[7m  [0m[7m  [0m[7m  [0m[7m  [0m[7m  [0m[49m  [0m[7m  [0m[49m  [0m[7m  [0m[49m  [0m[7m  [0m[7m  [0m[7m  [0m[49m  [0m[7m  [0m[49m  [0m[7m  [0m[7m  [0m[49m  [0m[7m  [0m[7m  [0m[7m  [0m[7m  [0m[49m  [0m[7m  [0m
[7m  [0m[49m  [0m[49m  [0m[49m  [0m[49m  [0m[49m  [0m[49m  [0m[49m  [0m[7m  [0m[49m  [0m[7m  [0m[7m  [0m[7m  [0m[49m  [0m[7m  [0m[7m  [0m[49m  [0m[7m  [0m[7m  [0m[49m  [0m[49m  [0m[49m  [0m[7m  [0m[7m  [0m[7m  [0m[49m  [0m[7m  [0m
[7m  [0m[7m  [0m[7m  [0m[7m  [0m[7m  [0m[7m  [0m[7m  [0m[7m  [0m[7m  [0m[7m  [0m[7m  [0m[7m  [0m[7m  [0m[7m  [0m[7m  [0m[7m  [0m[7m  [0m[7m  [0m[7m  [0m[7m  [0m[7m  [0m[7m  [0m[7m  [0m[7m  [0m[7m  [0m[7m  [0m[7m  [0m

b8c12fad9e38fa.lhr.life tunneled with tls termination, https://b8c12fad9e38fa.lhr.life
create an account and add your key for a longer lasting domain name. see https://localhost.run/docs/forever-free/ for more information.
Open your tunnel address on your mobile with this QR:

[7m  [0m[7m  [0m[7m  [0m[7m  [0m[7m  [0m[7m  [0m[7m  [0m[7m  [0m[7m  [0m[7m  [0m[7m  [0m[7m  [0m[7m  [0m[7m  [0m[7m  [0m[7m  [0m[7m  [0m[7m  [0m[7m  [0m[7m  [0m[7m  [0m[7m  [0m[7m  [0m[7m  [0m[7m  [0m[7m  [0m[7m  [0m
[7m  [0m[49m  [0m[49m  [0m[49m  [0m[49m  [0m[49m  [0m[49m  [0m[49m  [0m[7m  [0m[7m  [0m[7m  [0m[49m  [0m[7m  [0m[7m  [0m[49m  [0m[7m  [0m[7m  [0m[49m  [0m[7m  [0m[49m  [0m[49m  [0m[49m  [0m[49m  [0m[49m  [0m[49m  [0m[49m  [0m[7m  [0m
[7m  [0m[49m  [0m[7m  [0m[7m  [0m[7m  [0m[7m  [0m[7m  [0m[49m  [0m[7m  [0m[7m  [0m[49m  [0m[7m  [0m[7m  [0m[7m  [0m[49m  [0m[7m  [0m[49m  [0m[49m  [0m[7m  [0m[49m  [0m[7m  [0m[7m  [0m[7m  [0m[7m  [0m[7m  [0m[49m  [0m[7m  [0m
[7m  [0m[49m  [0m[7m  [0m[49m  [0m[49m  [0m[49m  [0m[7m  [0m[49m  [0m[7m  [0m[49m  [0m[7m  [0m[7m  [0m[49m  [0m[7m  [0m[49m  [0m[49m  [0m[49m  [0m[49m  [0m[7m  [0m[49m  [0m[7m  [0m[49m  [0m[49m  [0m[49m  [0m[7m  [0m[49m  [0m[7m  [0m
[7m  [0m[49m  [0m[7m  [0m[49m  [0m[49m  [0m[49m  [0m[7m  [0m[49m  [0m[7m  [0m[7m  [0m[49m  [0m[7m  [0m[7m  [0m[49m  [0m[7m  [0m[49m  [0m[7m  [0m[49m  [0m[7m  [0m[49m  [0m[7m  [0m[49m  [0m[49m  [0m[49m  [0m[7m  [0m[49m  [0m[7m  [0m
[7m  [0m[49m  [0m[7m  [0m[49m  [0m[49m  [0m[49m  [0m[7m  [0m[49m  [0m[7m  [0m[7m  [0m[49m  [0m[7m  [0m[7m  [0m[49m  [0m[49m  [0m[49m  [0m[49m  [0m[49m  [0m[7m  [0m[49m  [0m[7m  [0m[49m  [0m[49m  [0m[49m  [0m[7m  [0m[49m  [0m[7m  [0m
[7m  [0m[49m  [0m[7m  [0m[7m  [0m[7m  [0m[7m  [0m[7m  [0m[49m  [0m[7m  [0m[7m  [0m[7m  [0m[49m  [0m[49m  [0m[49m  [0m[7m  [0m[49m  [0m[7m  [0m[49m  [0m[7m  [0m[49m  [0m[7m  [0m[7m  [0m[7m  [0m[7m  [0m[7m  [0m[49m  [0m[7m  [0m
[7m  [0m[49m  [0m[49m  [0m[49m  [0m[49m  [0m[49m  [0m[49m  [0m[49m  [0m[7m  [0m[49m  [0m[7m  [0m[49m  [0m[7m  [0m[49m  [0m[7m  [0m[49m  [0m[7m  [0m[49m  [0m[7m  [0m[49m  [0m[49m  [0m[49m  [0m[49m  [0m[49m  [0m[49m  [0m[49m  [0m[7m  [0m
[7m  [0m[7m  [0m[7m  [0m[7m  [0m[7m  [0m[7m  [0m[7m  [0m[7m  [0m[7m  [0m[49m  [0m[7m  [0m[7m  [0m[49m  [0m[7m  [0m[7m  [0m[7m  [0m[7m  [0m[7m  [0m[7m  [0m[7m  [0m[7m  [0m[7m  [0m[7m  [0m[7m  [0m[7m  [0m[7m  [0m[7m  [0m
[7m  [0m[49m  [0m[49m  [0m[49m  [0m[7m  [0m[49m  [0m[49m  [0m[49m  [0m[49m  [0m[49m  [0m[7m  [0m[7m  [0m[7m  [0m[49m  [0m[49m  [0m[7m  [0m[49m  [0m[7m  [0m[49m  [0m[49m  [0m[7m  [0m[7m  [0m[7m  [0m[49m  [0m[7m  [0m[7m  [0m[7m  [0m
[7m  [0m[7m  [0m[7m  [0m[7m  [0m[7m  [0m[7m  [0m[7m  [0m[7m  [0m[7m  [0m[7m  [0m[49m  [0m[7m  [0m[49m  [0m[49m  [0m[7m  [0m[7m  [0m[7m  [0m[49m  [0m[49m  [0m[49m  [0m[49m  [0m[49m  [0m[7m  [0m[7m  [0m[49m  [0m[49m  [0m[7m  [0m
[7m  [0m[7m  [0m[49m  [0m[7m  [0m[49m  [0m[7m  [0m[7m  [0m[49m  [0m[49m  [0m[7m  [0m[7m  [0m[49m  [0m[49m  [0m[49m  [0m[7m  [0m[7m  [0m[7m  [0m[7m  [0m[49m  [0m[49m  [0m[49m  [0m[49m  [0m[49m  [0m[49m  [0m[49m  [0m[49m  [0m[7m  [0m
[7m  [0m[49m  [0m[7m  [0m[7m  [0m[49m  [0m[49m  [0m[7m  [0m[7m  [0m[7m  [0m[49m  [0m[49m  [0m[49m  [0m[7m  [0m[49m  [0m[7m  [0m[7m  [0m[7m  [0m[7m  [0m[49m  [0m[7m  [0m[49m  [0m[7m  [0m[7m  [0m[7m  [0m[49m  [0m[49m  [0m[7m  [0m
[7m  [0m[49m  [0m[7m  [0m[49m  [0m[7m  [0m[49m  [0m[7m  [0m[49m  [0m[49m  [0m[49m  [0m[7m  [0m[49m  [0m[49m  [0m[7m  [0m[49m  [0m[7m  [0m[49m  [0m[49m  [0m[49m  [0m[7m  [0m[7m  [0m[7m  [0m[7m  [0m[49m  [0m[7m  [0m[7m  [0m[7m  [0m
[7m  [0m[7m  [0m[7m  [0m[49m  [0m[49m  [0m[7m  [0m[49m  [0m[7m  [0m[49m  [0m[7m  [0m[7m  [0m[49m  [0m[49m  [0m[7m  [0m[49m  [0m[7m  [0m[7m  [0m[7m  [0m[49m  [0m[49m  [0m[49m  [0m[49m  [0m[7m  [0m[7m  [0m[49m  [0m[49m  [0m[7m  [0m
[7m  [0m[49m  [0m[7m  [0m[7m  [0m[7m  [0m[7m  [0m[7m  [0m[49m  [0m[7m  [0m[49m  [0m[7m  [0m[49m  [0m[7m  [0m[7m  [0m[7m  [0m[7m  [0m[49m  [0m[49m  [0m[49m  [0m[49m  [0m[49m  [0m[7m  [0m[7m  [0m[7m  [0m[7m  [0m[7m  [0m[7m  [0m
[7m  [0m[7m  [0m[49m  [0m[49m  [0m[49m  [0m[7m  [0m[49m  [0m[7m  [0m[7m  [0m[7m  [0m[7m  [0m[7m  [0m[49m  [0m[7m  [0m[7m  [0m[7m  [0m[7m  [0m[49m  [0m[7m  [0m[49m  [0m[49m  [0m[7m  [0m[49m  [0m[7m  [0m[7m  [0m[7m  [0m[7m  [0m
[7m  [0m[49m  [0m[7m  [0m[7m  [0m[7m  [0m[49m  [0m[49m  [0m[49m  [0m[7m  [0m[49m  [0m[49m  [0m[49m  [0m[7m  [0m[49m  [0m[49m  [0m[7m  [0m[49m  [0m[49m  [0m[49m  [0m[49m  [0m[49m  [0m[49m  [0m[49m  [0m[7m  [0m[7m  [0m[49m  [0m[7m  [0m
[7m  [0m[7m  [0m[7m  [0m[7m  [0m[7m  [0m[7m  [0m[7m  [0m[7m  [0m[7m  [0m[49m  [0m[7m  [0m[49m  [0m[49m  [0m[49m  [0m[49m  [0m[7m  [0m[7m  [0m[49m  [0m[7m  [0m[7m  [0m[7m  [0m[49m  [0m[7m  [0m[49m  [0m[7m  [0m[49m  [0m[7m  [0m
[7m  [0m[49m  [0m[49m  [0m[49m  [0m[49m  [0m[49m  [0m[49m  [0m[49m  [0m[7m  [0m[49m  [0m[49m  [0m[49m  [0m[49m  [0m[49m  [0m[7m  [0m[49m  [0m[7m  [0m[49m  [0m[7m  [0m[49m  [0m[7m  [0m[49m  [0m[49m  [0m[49m  [0m[7m  [0m[7m  [0m[7m  [0m
[7m  [0m[49m  [0m[7m  [0m[7m  [0m[7m  [0m[7m  [0m[7m  [0m[49m  [0m[7m  [0m[49m  [0m[49m  [0m[7m  [0m[7m  [0m[49m  [0m[49m  [0m[7m  [0m[49m  [0m[49m  [0m[7m  [0m[7m  [0m[7m  [0m[49m  [0m[7m  [0m[49m  [0m[7m  [0m[49m  [0m[7m  [0m
[7m  [0m[49m  [0m[7m  [0m[49m  [0m[49m  [0m[49m  [0m[7m  [0m[49m  [0m[7m  [0m[49m  [0m[49m  [0m[7m  [0m[49m  [0m[7m  [0m[7m  [0m[49m  [0m[7m  [0m[49m  [0m[49m  [0m[49m  [0m[49m  [0m[49m  [0m[49m  [0m[49m  [0m[49m  [0m[7m  [0m[7m  [0m
[7m  [0m[49m  [0m[7m  [0m[49m  [0m[49m  [0m[49m  [0m[7m  [0m[49m  [0m[7m  [0m[7m  [0m[49m  [0m[49m  [0m[49m  [0m[7m  [0m[7m  [0m[7m  [0m[7m  [0m[7m  [0m[49m  [0m[49m  [0m[49m  [0m[7m  [0m[49m  [0m[7m  [0m[49m  [0m[7m  [0m[7m  [0m
[7m  [0m[49m  [0m[7m  [0m[49m  [0m[49m  [0m[49m  [0m[7m  [0m[49m  [0m[7m  [0m[49m  [0m[49m  [0m[49m  [0m[7m  [0m[7m  [0m[49m  [0m[7m  [0m[7m  [0m[49m  [0m[49m  [0m[49m  [0m[49m  [0m[49m  [0m[49m  [0m[49m  [0m[7m  [0m[49m  [0m[7m  [0m
[7m  [0m[49m  [0m[7m  [0m[7m  [0m[7m  [0m[7m  [0m[7m  [0m[49m  [0m[7m  [0m[49m  [0m[7m  [0m[7m  [0m[49m  [0m[7m  [0m[7m  [0m[7m  [0m[7m  [0m[49m  [0m[49m  [0m[49m  [0m[7m  [0m[49m  [0m[7m  [0m[49m  [0m[49m  [0m[49m  [0m[7m  [0m
[7m  [0m[49m  [0m[49m  [0m[49m  [0m[49m  [0m[49m  [0m[49m  [0m[49m  [0m[7m  [0m[49m  [0m[7m  [0m[7m  [0m[7m  [0m[49m  [0m[7m  [0m[7m  [0m[7m  [0m[49m  [0m[7m  [0m[7m  [0m[49m  [0m[49m  [0m[49m  [0m[7m  [0m[7m  [0m[49m  [0m[7m  [0m
[7m  [0m[7m  [0m[7m  [0m[7m  [0m[7m  [0m[7m  [0m[7m  [0m[7m  [0m[7m  [0m[7m  [0m[7m  [0m[7m  [0m[7m  [0m[7m  [0m[7m  [0m[7m  [0m[7m  [0m[7m  [0m[7m  [0m[7m  [0m[7m  [0m[7m  [0m[7m  [0m[7m  [0m[7m  [0m[7m  [0m[7m  [0m

78648b04221bf8.lhr.life tunneled with tls termination, https://78648b04221bf8.lhr.life
create an account and add your key for a longer lasting domain name. see https://localhost.run/docs/forever-free/ for more information.
Open your tunnel address on your mobile with this QR:

[7m  [0m[7m  [0m[7m  [0m[7m  [0m[7m  [0m[7m  [0m[7m  [0m[7m  [0m[7m  [0m[7m  [0m[7m  [0m[7m  [0m[7m  [0m[7m  [0m[7m  [0m[7m  [0m[7m  [0m[7m  [0m[7m  [0m[7m  [0m[7m  [0m[7m  [0m[7m  [0m[7m  [0m[7m  [0m[7m  [0m[7m  [0m
[7m  [0m[49m  [0m[49m  [0m[49m  [0m[49m  [0m[49m  [0m[49m  [0m[49m  [0m[7m  [0m[7m  [0m[7m  [0m[49m  [0m[7m  [0m[7m  [0m[49m  [0m[7m  [0m[7m  [0m[49m  [0m[7m  [0m[49m  [0m[49m  [0m[49m  [0m[49m  [0m[49m  [0m[49m  [0m[49m  [0m[7m  [0m
[7m  [0m[49m  [0m[7m  [0m[7m  [0m[7m  [0m[7m  [0m[7m  [0m[49m  [0m[7m  [0m[7m  [0m[49m  [0m[7m  [0m[7m  [0m[7m  [0m[49m  [0m[7m  [0m[49m  [0m[49m  [0m[7m  [0m[49m  [0m[7m  [0m[7m  [0m[7m  [0m[7m  [0m[7m  [0m[49m  [0m[7m  [0m
[7m  [0m[49m  [0m[7m  [0m[49m  [0m[49m  [0m[49m  [0m[7m  [0m[49m  [0m[7m  [0m[49m  [0m[7m  [0m[7m  [0m[49m  [0m[7m  [0m[49m  [0m[49m  [0m[49m  [0m[49m  [0m[7m  [0m[49m  [0m[7m  [0m[49m  [0m[49m  [0m[49m  [0m[7m  [0m[49m  [0m[7m  [0m
[7m  [0m[49m  [0m[7m  [0m[49m  [0m[49m  [0m[49m  [0m[7m  [0m[49m  [0m[7m  [0m[7m  [0m[49m  [0m[7m  [0m[7m  [0m[49m  [0m[7m  [0m[49m  [0m[7m  [0m[49m  [0m[7m  [0m[49m  [0m[7m  [0m[49m  [0m[49m  [0m[49m  [0m[7m  [0m[49m  [0m[7m  [0m
[7m  [0m[49m  [0m[7m  [0m[49m  [0m[49m  [0m[49m  [0m[7m  [0m[49m  [0m[7m  [0m[7m  [0m[49m  [0m[7m  [0m[7m  [0m[49m  [0m[49m  [0m[49m  [0m[49m  [0m[49m  [0m[7m  [0m[49m  [0m[7m  [0m[49m  [0m[49m  [0m[49m  [0m[7m  [0m[49m  [0m[7m  [0m
[7m  [0m[49m  [0m[7m  [0m[7m  [0m[7m  [0m[7m  [0m[7m  [0m[49m  [0m[7m  [0m[7m  [0m[7m  [0m[49m  [0m[49m  [0m[49m  [0m[7m  [0m[49m  [0m[7m  [0m[49m  [0m[7m  [0m[49m  [0m[7m  [0m[7m  [0m[7m  [0m[7m  [0m[7m  [0m[49m  [0m[7m  [0m
[7m  [0m[49m  [0m[49m  [0m[49m  [0m[49m  [0m[49m  [0m[49m  [0m[49m  [0m[7m  [0m[49m  [0m[7m  [0m[49m  [0m[7m  [0m[49m  [0m[7m  [0m[49m  [0m[7m  [0m[49m  [0m[7m  [0m[49m  [0m[49m  [0m[49m  [0m[49m  [0m[49m  [0m[49m  [0m[49m  [0m[7m  [0m
[7m  [0m[7m  [0m[7m  [0m[7m  [0m[7m  [0m[7m  [0m[7m  [0m[7m  [0m[7m  [0m[49m  [0m[7m  [0m[7m  [0m[49m  [0m[7m  [0m[7m  [0m[7m  [0m[7m  [0m[7m  [0m[7m  [0m[7m  [0m[7m  [0m[7m  [0m[7m  [0m[7m  [0m[7m  [0m[7m  [0m[7m  [0m
[7m  [0m[49m  [0m[49m  [0m[49m  [0m[7m  [0m[49m  [0m[49m  [0m[49m  [0m[49m  [0m[49m  [0m[7m  [0m[7m  [0m[7m  [0m[49m  [0m[49m  [0m[7m  [0m[49m  [0m[7m  [0m[49m  [0m[49m  [0m[7m  [0m[7m  [0m[7m  [0m[49m  [0m[7m  [0m[7m  [0m[7m  [0m
[7m  [0m[7m  [0m[7m  [0m[7m  [0m[7m  [0m[49m  [0m[7m  [0m[7m  [0m[49m  [0m[49m  [0m[49m  [0m[7m  [0m[49m  [0m[49m  [0m[7m  [0m[7m  [0m[7m  [0m[49m  [0m[49m  [0m[7m  [0m[7m  [0m[49m  [0m[7m  [0m[7m  [0m[49m  [0m[49m  [0m[7m  [0m
[7m  [0m[7m  [0m[7m  [0m[49m  [0m[49m  [0m[7m  [0m[49m  [0m[49m  [0m[49m  [0m[49m  [0m[7m  [0m[49m  [0m[49m  [0m[49m  [0m[7m  [0m[7m  [0m[49m  [0m[49m  [0m[49m  [0m[7m  [0m[49m  [0m[49m  [0m[49m  [0m[49m  [0m[49m  [0m[49m  [0m[7m  [0m
[7m  [0m[7m  [0m[7m  [0m[49m  [0m[49m  [0m[7m  [0m[7m  [0m[7m  [0m[7m  [0m[7m  [0m[49m  [0m[49m  [0m[7m  [0m[49m  [0m[7m  [0m[7m  [0m[7m  [0m[7m  [0m[49m  [0m[7m  [0m[7m  [0m[7m  [0m[7m  [0m[7m  [0m[49m  [0m[49m  [0m[7m  [0m
[7m  [0m[7m  [0m[7m  [0m[49m  [0m[49m  [0m[49m  [0m[7m  [0m[49m  [0m[7m  [0m[7m  [0m[7m  [0m[49m  [0m[49m  [0m[7m  [0m[49m  [0m[7m  [0m[49m  [0m[49m  [0m[7m  [0m[49m  [0m[7m  [0m[49m  [0m[7m  [0m[49m  [0m[7m  [0m[7m  [0m[7m  [0m
[7m  [0m[7m  [0m[49m  [0m[7m  [0m[7m  [0m[7m  [0m[7m  [0m[7m  [0m[7m  [0m[7m  [0m[7m  [0m[49m  [0m[49m  [0m[7m  [0m[49m  [0m[7m  [0m[7m  [0m[7m  [0m[49m  [0m[7m  [0m[7m  [0m[7m  [0m[7m  [0m[7m  [0m[49m  [0m[49m  [0m[7m  [0m
[7m  [0m[49m  [0m[7m  [0m[49m  [0m[7m  [0m[7m  [0m[7m  [0m[49m  [0m[49m  [0m[49m  [0m[7m  [0m[49m  [0m[7m  [0m[7m  [0m[7m  [0m[7m  [0m[49m  [0m[49m  [0m[7m  [0m[49m  [0m[7m  [0m[7m  [0m[7m  [0m[7m  [0m[7m  [0m[7m  [0m[7m  [0m
[7m  [0m[7m  [0m[49m  [0m[7m  [0m[49m  [0m[7m  [0m[7m  [0m[7m  [0m[7m  [0m[49m  [0m[7m  [0m[49m  [0m[49m  [0m[7m  [0m[7m  [0m[7m  [0m[49m  [0m[7m  [0m[49m  [0m[49m  [0m[49m  [0m[7m  [0m[49m  [0m[7m  [0m[7m  [0m[7m  [0m[7m  [0m
[7m  [0m[49m  [0m[7m  [0m[7m  [0m[7m  [0m[49m  [0m[7m  [0m[49m  [0m[7m  [0m[7m  [0m[7m  [0m[49m  [0m[7m  [0m[49m  [0m[49m  [0m[7m  [0m[7m  [0m[49m  [0m[49m  [0m[49m  [0m[49m  [0m[49m  [0m[49m  [0m[7m  [0m[7m  [0m[49m  [0m[7m  [0m
[7m  [0m[7m  [0m[7m  [0m[7m  [0m[7m  [0m[7m  [0m[7m  [0m[7m  [0m[7m  [0m[49m  [0m[49m  [0m[49m  [0m[49m  [0m[49m  [0m[49m  [0m[7m  [0m[7m  [0m[49m  [0m[7m  [0m[7m  [0m[7m  [0m[49m  [0m[7m  [0m[49m  [0m[7m  [0m[49m  [0m[7m  [0m
[7m  [0m[49m  [0m[49m  [0m[49m  [0m[49m  [0m[49m  [0m[49m  [0m[49m  [0m[7m  [0m[49m  [0m[7m  [0m[49m  [0m[49m  [0m[49m  [0m[7m  [0m[49m  [0m[49m  [0m[49m  [0m[7m  [0m[49m  [0m[7m  [0m[49m  [0m[49m  [0m[49m  [0m[7m  [0m[7m  [0m[7m  [0m
[7m  [0m[49m  [0m[7m  [0m[7m  [0m[7m  [0m[7m  [0m[7m  [0m[49m  [0m[7m  [0m[49m  [0m[7m  [0m[49m  [0m[7m  [0m[49m  [0m[49m  [0m[7m  [0m[7m  [0m[49m  [0m[7m  [0m[7m  [0m[7m  [0m[49m  [0m[7m  [0m[49m  [0m[7m  [0m[49m  [0m[7m  [0m
[7m  [0m[49m  [0m[7m  [0m[49m  [0m[49m  [0m[49m  [0m[7m  [0m[49m  [0m[7m  [0m[49m  [0m[49m  [0m[7m  [0m[49m  [0m[7m  [0m[7m  [0m[49m  [0m[7m  [0m[49m  [0m[49m  [0m[49m  [0m[49m  [0m[49m  [0m[49m  [0m[49m  [0m[49m  [0m[7m  [0m[7m  [0m
[7m  [0m[49m  [0m[7m  [0m[49m  [0m[49m  [0m[49m  [0m[7m  [0m[49m  [0m[7m  [0m[7m  [0m[49m  [0m[49m  [0m[49m  [0m[7m  [0m[7m  [0m[7m  [0m[49m  [0m[7m  [0m[49m  [0m[7m  [0m[49m  [0m[49m  [0m[49m  [0m[7m  [0m[49m  [0m[7m  [0m[7m  [0m
[7m  [0m[49m  [0m[7m  [0m[49m  [0m[49m  [0m[49m  [0m[7m  [0m[49m  [0m[7m  [0m[49m  [0m[7m  [0m[7m  [0m[7m  [0m[7m  [0m[49m  [0m[7m  [0m[7m  [0m[49m  [0m[7m  [0m[49m  [0m[7m  [0m[49m  [0m[49m  [0m[49m  [0m[7m  [0m[49m  [0m[7m  [0m
[7m  [0m[49m  [0m[7m  [0m[7m  [0m[7m  [0m[7m  [0m[7m  [0m[49m  [0m[7m  [0m[49m  [0m[7m  [0m[49m  [0m[49m  [0m[7m  [0m[7m  [0m[7m  [0m[49m  [0m[7m  [0m[7m  [0m[7m  [0m[7m  [0m[49m  [0m[7m  [0m[7m  [0m[49m  [0m[49m  [0m[7m  [0m
[7m  [0m[49m  [0m[49m  [0m[49m  [0m[49m  [0m[49m  [0m[49m  [0m[49m  [0m[7m  [0m[49m  [0m[7m  [0m[49m  [0m[7m  [0m[49m  [0m[7m  [0m[7m  [0m[49m  [0m[7m  [0m[49m  [0m[49m  [0m[7m  [0m[49m  [0m[7m  [0m[49m  [0m[7m  [0m[49m  [0m[7m  [0m
[7m  [0m[7m  [0m[7m  [0m[7m  [0m[7m  [0m[7m  [0m[7m  [0m[7m  [0m[7m  [0m[7m  [0m[7m  [0m[7m  [0m[7m  [0m[7m  [0m[7m  [0m[7m  [0m[7m  [0m[7m  [0m[7m  [0m[7m  [0m[7m  [0m[7m  [0m[7m  [0m[7m  [0m[7m  [0m[7m  [0m[7m  [0m

8b7d0d606d8144.lhr.life tunneled with tls termination, https://8b7d0d606d8144.lhr.life
create an account and add your key for a longer lasting domain name. see https://localhost.run/docs/forever-free/ for more information.
Open your tunnel address on your mobile with this QR:

[7m  [0m[7m  [0m[7m  [0m[7m  [0m[7m  [0m[7m  [0m[7m  [0m[7m  [0m[7m  [0m[7m  [0m[7m  [0m[7m  [0m[7m  [0m[7m  [0m[7m  [0m[7m  [0m[7m  [0m[7m  [0m[7m  [0m[7m  [0m[7m  [0m[7m  [0m[7m  [0m[7m  [0m[7m  [0m[7m  [0m[7m  [0m
[7m  [0m[49m  [0m[49m  [0m[49m  [0m[49m  [0m[49m  [0m[49m  [0m[49m  [0m[7m  [0m[7m  [0m[7m  [0m[49m  [0m[7m  [0m[7m  [0m[49m  [0m[7m  [0m[7m  [0m[49m  [0m[7m  [0m[49m  [0m[49m  [0m[49m  [0m[49m  [0m[49m  [0m[49m  [0m[49m  [0m[7m  [0m
[7m  [0m[49m  [0m[7m  [0m[7m  [0m[7m  [0m[7m  [0m[7m  [0m[49m  [0m[7m  [0m[49m  [0m[49m  [0m[49m  [0m[7m  [0m[7m  [0m[7m  [0m[7m  [0m[49m  [0m[7m  [0m[7m  [0m[49m  [0m[7m  [0m[7m  [0m[7m  [0m[7m  [0m[7m  [0m[49m  [0m[7m  [0m
[7m  [0m[49m  [0m[7m  [0m[49m  [0m[49m  [0m[49m  [0m[7m  [0m[49m  [0m[7m  [0m[49m  [0m[7m  [0m[7m  [0m[7m  [0m[7m  [0m[49m  [0m[7m  [0m[49m  [0m[49m  [0m[7m  [0m[49m  [0m[7m  [0m[49m  [0m[49m  [0m[49m  [0m[7m  [0m[49m  [0m[7m  [0m
[7m  [0m[49m  [0m[7m  [0m[49m  [0m[49m  [0m[49m  [0m[7m  [0m[49m  [0m[7m  [0m[7m  [0m[49m  [0m[7m  [0m[7m  [0m[49m  [0m[7m  [0m[49m  [0m[7m  [0m[49m  [0m[7m  [0m[49m  [0m[7m  [0m[49m  [0m[49m  [0m[49m  [0m[7m  [0m[49m  [0m[7m  [0m
[7m  [0m[49m  [0m[7m  [0m[49m  [0m[49m  [0m[49m  [0m[7m  [0m[49m  [0m[7m  [0m[49m  [0m[49m  [0m[49m  [0m[7m  [0m[49m  [0m[7m  [0m[49m  [0m[49m  [0m[7m  [0m[7m  [0m[49m  [0m[7m  [0m[49m  [0m[49m  [0m[49m  [0m[7m  [0m[49m  [0m[7m  [0m
[7m  [0m[49m  [0m[7m  [0m[7m  [0m[7m  [0m[7m  [0m[7m  [0m[49m  [0m[7m  [0m[49m  [0m[7m  [0m[49m  [0m[7m  [0m[49m  [0m[7m  [0m[7m  [0m[7m  [0m[49m  [0m[7m  [0m[49m  [0m[7m  [0m[7m  [0m[7m  [0m[7m  [0m[7m  [0m[49m  [0m[7m  [0m
[7m  [0m[49m  [0m[49m  [0m[49m  [0m[49m  [0m[49m  [0m[49m  [0m[49m  [0m[7m  [0m[49m  [0m[7m  [0m[49m  [0m[7m  [0m[49m  [0m[7m  [0m[49m  [0m[7m  [0m[49m  [0m[7m  [0m[49m  [0m[49m  [0m[49m  [0m[49m  [0m[49m  [0m[49m  [0m[49m  [0m[7m  [0m
[7m  [0m[7m  [0m[7m  [0m[7m  [0m[7m  [0m[7m  [0m[7m  [0m[7m  [0m[7m  [0m[49m  [0m[7m  [0m[49m  [0m[49m  [0m[7m  [0m[49m  [0m[7m  [0m[7m  [0m[49m  [0m[7m  [0m[7m  [0m[7m  [0m[7m  [0m[7m  [0m[7m  [0m[7m  [0m[7m  [0m[7m  [0m
[7m  [0m[49m  [0m[49m  [0m[7m  [0m[49m  [0m[7m  [0m[7m  [0m[49m  [0m[49m  [0m[7m  [0m[7m  [0m[7m  [0m[49m  [0m[49m  [0m[49m  [0m[49m  [0m[49m  [0m[7m  [0m[7m  [0m[49m  [0m[49m  [0m[49m  [0m[7m  [0m[49m  [0m[49m  [0m[7m  [0m[7m  [0m
[7m  [0m[49m  [0m[49m  [0m[49m  [0m[49m  [0m[49m  [0m[7m  [0m[7m  [0m[49m  [0m[7m  [0m[49m  [0m[7m  [0m[49m  [0m[49m  [0m[7m  [0m[7m  [0m[7m  [0m[7m  [0m[7m  [0m[49m  [0m[49m  [0m[7m  [0m[7m  [0m[7m  [0m[49m  [0m[49m  [0m[7m  [0m
[7m  [0m[7m  [0m[7m  [0m[7m  [0m[49m  [0m[7m  [0m[49m  [0m[49m  [0m[49m  [0m[49m  [0m[7m  [0m[7m  [0m[49m  [0m[49m  [0m[49m  [0m[7m  [0m[7m  [0m[7m  [0m[49m  [0m[49m  [0m[49m  [0m[49m  [0m[49m  [0m[7m  [0m[49m  [0m[49m  [0m[7m  [0m
[7m  [0m[49m  [0m[7m  [0m[49m  [0m[49m  [0m[7m  [0m[7m  [0m[7m  [0m[49m  [0m[7m  [0m[49m  [0m[49m  [0m[49m  [0m[49m  [0m[7m  [0m[49m  [0m[7m  [0m[49m  [0m[7m  [0m[7m  [0m[49m  [0m[49m  [0m[7m  [0m[7m  [0m[7m  [0m[49m  [0m[7m  [0m
[7m  [0m[49m  [0m[7m  [0m[49m  [0m[7m  [0m[49m  [0m[49m  [0m[49m  [0m[49m  [0m[7m  [0m[7m  [0m[49m  [0m[49m  [0m[7m  [0m[49m  [0m[7m  [0m[49m  [0m[49m  [0m[7m  [0m[7m  [0m[7m  [0m[49m  [0m[7m  [0m[49m  [0m[7m  [0m[7m  [0m[7m  [0m
[7m  [0m[7m  [0m[49m  [0m[7m  [0m[7m  [0m[7m  [0m[7m  [0m[7m  [0m[49m  [0m[49m  [0m[7m  [0m[7m  [0m[49m  [0m[7m  [0m[7m  [0m[7m  [0m[7m  [0m[49m  [0m[49m  [0m[7m  [0m[7m  [0m[7m  [0m[7m  [0m[49m  [0m[49m  [0m[49m  [0m[7m  [0m
[7m  [0m[49m  [0m[7m  [0m[49m  [0m[49m  [0m[49m  [0m[49m  [0m[49m  [0m[7m  [0m[7m  [0m[49m  [0m[49m  [0m[49m  [0m[7m  [0m[7m  [0m[49m  [0m[7m  [0m[49m  [0m[7m  [0m[49m  [0m[49m  [0m[7m  [0m[7m  [0m[7m  [0m[49m  [0m[7m  [0m[7m  [0m
[7m  [0m[7m  [0m[49m  [0m[49m  [0m[7m  [0m[7m  [0m[7m  [0m[7m  [0m[49m  [0m[7m  [0m[49m  [0m[49m  [0m[49m  [0m[7m  [0m[7m  [0m[7m  [0m[7m  [0m[7m  [0m[7m  [0m[49m  [0m[49m  [0m[49m  [0m[49m  [0m[7m  [0m[7m  [0m[7m  [0m[7m  [0m
[7m  [0m[49m  [0m[49m  [0m[7m  [0m[49m  [0m[49m  [0m[49m  [0m[49m  [0m[49m  [0m[49m  [0m[7m  [0m[7m  [0m[7m  [0m[49m  [0m[7m  [0m[7m  [0m[7m  [0m[49m  [0m[49m  [0m[49m  [0m[49m  [0m[49m  [0m[49m  [0m[49m  [0m[7m  [0m[49m  [0m[7m  [0m
[7m  [0m[7m  [0m[7m  [0m[7m  [0m[7m  [0m[7m  [0m[7m  [0m[7m  [0m[7m  [0m[49m  [0m[49m  [0m[49m  [0m[7m  [0m[49m  [0m[49m  [0m[49m  [0m[7m  [0m[49m  [0m[7m  [0m[7m  [0m[7m  [0m[49m  [0m[7m  [0m[49m  [0m[49m  [0m[49m  [0m[7m  [0m
[7m  [0m[49m  [0m[49m  [0m[49m  [0m[49m  [0m[49m  [0m[49m  [0m[49m  [0m[7m  [0m[49m  [0m[7m  [0m[49m  [0m[49m  [0m[49m  [0m[7m  [0m[49m  [0m[7m  [0m[49m  [0m[7m  [0m[49m  [0m[7m  [0m[49m  [0m[49m  [0m[49m  [0m[7m  [0m[7m  [0m[7m  [0m
[7m  [0m[49m  [0m[7m  [0m[7m  [0m[7m  [0m[7m  [0m[7m  [0m[49m  [0m[7m  [0m[7m  [0m[7m  [0m[49m  [0m[7m  [0m[49m  [0m[7m  [0m[7m  [0m[7m  [0m[49m  [0m[7m  [0m[7m  [0m[7m  [0m[49m  [0m[7m  [0m[7m  [0m[7m  [0m[49m  [0m[7m  [0m
[7m  [0m[49m  [0m[7m  [0m[49m  [0m[49m  [0m[49m  [0m[7m  [0m[49m  [0m[7m  [0m[7m  [0m[49m  [0m[49m  [0m[7m  [0m[7m  [0m[7m  [0m[7m  [0m[49m  [0m[49m  [0m[49m  [0m[49m  [0m[49m  [0m[49m  [0m[49m  [0m[49m  [0m[7m  [0m[7m  [0m[7m  [0m
[7m  [0m[49m  [0m[7m  [0m[49m  [0m[49m  [0m[49m  [0m[7m  [0m[49m  [0m[7m  [0m[49m  [0m[7m  [0m[7m  [0m[49m  [0m[7m  [0m[7m  [0m[7m  [0m[49m  [0m[49m  [0m[49m  [0m[7m  [0m[49m  [0m[49m  [0m[49m  [0m[7m  [0m[49m  [0m[7m  [0m[7m  [0m
[7m  [0m[49m  [0m[7m  [0m[49m  [0m[49m  [0m[49m  [0m[7m  [0m[49m  [0m[7m  [0m[7m  [0m[7m  [0m[49m  [0m[7m  [0m[7m  [0m[7m  [0m[7m  [0m[7m  [0m[7m  [0m[49m  [0m[49m  [0m[49m  [0m[49m  [0m[49m  [0m[7m  [0m[7m  [0m[49m  [0m[7m  [0m
[7m  [0m[49m  [0m[7m  [0m[7m  [0m[7m  [0m[7m  [0m[7m  [0m[49m  [0m[7m  [0m[49m  [0m[49m  [0m[49m  [0m[7m  [0m[7m  [0m[7m  [0m[49m  [0m[7m  [0m[49m  [0m[7m  [0m[7m  [0m[7m  [0m[7m  [0m[7m  [0m[7m  [0m[7m  [0m[49m  [0m[7m  [0m
[7m  [0m[49m  [0m[49m  [0m[49m  [0m[49m  [0m[49m  [0m[49m  [0m[49m  [0m[7m  [0m[49m  [0m[49m  [0m[49m  [0m[7m  [0m[49m  [0m[7m  [0m[7m  [0m[7m  [0m[7m  [0m[49m  [0m[49m  [0m[7m  [0m[49m  [0m[49m  [0m[7m  [0m[7m  [0m[49m  [0m[7m  [0m
[7m  [0m[7m  [0m[7m  [0m[7m  [0m[7m  [0m[7m  [0m[7m  [0m[7m  [0m[7m  [0m[7m  [0m[7m  [0m[7m  [0m[7m  [0m[7m  [0m[7m  [0m[7m  [0m[7m  [0m[7m  [0m[7m  [0m[7m  [0m[7m  [0m[7m  [0m[7m  [0m[7m  [0m[7m  [0m[7m  [0m[7m  [0m

58ff5b009368cb.lhr.life tunneled with tls termination, https://58ff5b009368cb.lhr.life
create an account and add your key for a longer lasting domain name. see https://localhost.run/docs/forever-free/ for more information.
Open your tunnel address on your mobile with this QR:

[7m  [0m[7m  [0m[7m  [0m[7m  [0m[7m  [0m[7m  [0m[7m  [0m[7m  [0m[7m  [0m[7m  [0m[7m  [0m[7m  [0m[7m  [0m[7m  [0m[7m  [0m[7m  [0m[7m  [0m[7m  [0m[7m  [0m[7m  [0m[7m  [0m[7m  [0m[7m  [0m[7m  [0m[7m  [0m[7m  [0m[7m  [0m
[7m  [0m[49m  [0m[49m  [0m[49m  [0m[49m  [0m[49m  [0m[49m  [0m[49m  [0m[7m  [0m[7m  [0m[7m  [0m[49m  [0m[7m  [0m[7m  [0m[49m  [0m[7m  [0m[7m  [0m[49m  [0m[7m  [0m[49m  [0m[49m  [0m[49m  [0m[49m  [0m[49m  [0m[49m  [0m[49m  [0m[7m  [0m
[7m  [0m[49m  [0m[7m  [0m[7m  [0m[7m  [0m[7m  [0m[7m  [0m[49m  [0m[7m  [0m[7m  [0m[49m  [0m[7m  [0m[7m  [0m[7m  [0m[49m  [0m[7m  [0m[49m  [0m[49m  [0m[7m  [0m[49m  [0m[7m  [0m[7m  [0m[7m  [0m[7m  [0m[7m  [0m[49m  [0m[7m  [0m
[7m  [0m[49m  [0m[7m  [0m[49m  [0m[49m  [0m[49m  [0m[7m  [0m[49m  [0m[7m  [0m[49m  [0m[7m  [0m[7m  [0m[49m  [0m[7m  [0m[49m  [0m[49m  [0m[49m  [0m[49m  [0m[7m  [0m[49m  [0m[7m  [0m[49m  [0m[49m  [0m[49m  [0m[7m  [0m[49m  [0m[7m  [0m
[7m  [0m[49m  [0m[7m  [0m[49m  [0m[49m  [0m[49m  [0m[7m  [0m[49m  [0m[7m  [0m[7m  [0m[49m  [0m[7m  [0m[7m  [0m[49m  [0m[7m  [0m[49m  [0m[7m  [0m[49m  [0m[7m  [0m[49m  [0m[7m  [0m[49m  [0m[49m  [0m[49m  [0m[7m  [0m[49m  [0m[7m  [0m
[7m  [0m[49m  [0m[7m  [0m[49m  [0m[49m  [0m[49m  [0m[7m  [0m[49m  [0m[7m  [0m[7m  [0m[49m  [0m[7m  [0m[7m  [0m[49m  [0m[49m  [0m[49m  [0m[49m  [0m[49m  [0m[7m  [0m[49m  [0m[7m  [0m[49m  [0m[49m  [0m[49m  [0m[7m  [0m[49m  [0m[7m  [0m
[7m  [0m[49m  [0m[7m  [0m[7m  [0m[7m  [0m[7m  [0m[7m  [0m[49m  [0m[7m  [0m[7m  [0m[7m  [0m[49m  [0m[49m  [0m[49m  [0m[7m  [0m[49m  [0m[7m  [0m[49m  [0m[7m  [0m[49m  [0m[7m  [0m[7m  [0m[7m  [0m[7m  [0m[7m  [0m[49m  [0m[7m  [0m
[7m  [0m[49m  [0m[49m  [0m[49m  [0m[49m  [0m[49m  [0m[49m  [0m[49m  [0m[7m  [0m[49m  [0m[7m  [0m[49m  [0m[7m  [0m[49m  [0m[7m  [0m[49m  [0m[7m  [0m[49m  [0m[7m  [0m[49m  [0m[49m  [0m[49m  [0m[49m  [0m[49m  [0m[49m  [0m[49m  [0m[7m  [0m
[7m  [0m[7m  [0m[7m  [0m[7m  [0m[7m  [0m[7m  [0m[7m  [0m[7m  [0m[7m  [0m[49m  [0m[7m  [0m[7m  [0m[49m  [0m[7m  [0m[7m  [0m[7m  [0m[7m  [0m[7m  [0m[7m  [0m[7m  [0m[7m  [0m[7m  [0m[7m  [0m[7m  [0m[7m  [0m[7m  [0m[7m  [0m
[7m  [0m[49m  [0m[49m  [0m[49m  [0m[7m  [0m[49m  [0m[49m  [0m[49m  [0m[49m  [0m[49m  [0m[7m  [0m[7m  [0m[7m  [0m[49m  [0m[49m  [0m[7m  [0m[49m  [0m[7m  [0m[49m  [0m[49m  [0m[7m  [0m[7m  [0m[7m  [0m[49m  [0m[7m  [0m[7m  [0m[7m  [0m
[7m  [0m[7m  [0m[7m  [0m[49m  [0m[49m  [0m[7m  [0m[7m  [0m[7m  [0m[49m  [0m[49m  [0m[49m  [0m[7m  [0m[49m  [0m[49m  [0m[7m  [0m[7m  [0m[7m  [0m[49m  [0m[7m  [0m[49m  [0m[49m  [0m[49m  [0m[7m  [0m[7m  [0m[49m  [0m[49m  [0m[7m  [0m
[7m  [0m[49m  [0m[49m  [0m[49m  [0m[49m  [0m[7m  [0m[7m  [0m[49m  [0m[7m  [0m[7m  [0m[7m  [0m[49m  [0m[49m  [0m[49m  [0m[7m  [0m[7m  [0m[49m  [0m[7m  [0m[7m  [0m[49m  [0m[49m  [0m[7m  [0m[49m  [0m[49m  [0m[49m  [0m[49m  [0m[7m  [0m
[7m  [0m[7m  [0m[7m  [0m[7m  [0m[7m  [0m[49m  [0m[7m  [0m[7m  [0m[49m  [0m[49m  [0m[49m  [0m[49m  [0m[7m  [0m[49m  [0m[7m  [0m[7m  [0m[49m  [0m[7m  [0m[49m  [0m[7m  [0m[49m  [0m[7m  [0m[7m  [0m[7m  [0m[49m  [0m[49m  [0m[7m  [0m
[7m  [0m[7m  [0m[7m  [0m[49m  [0m[7m  [0m[49m  [0m[49m  [0m[49m  [0m[49m  [0m[7m  [0m[7m  [0m[49m  [0m[49m  [0m[7m  [0m[49m  [0m[7m  [0m[49m  [0m[49m  [0m[7m  [0m[49m  [0m[7m  [0m[49m  [0m[7m  [0m[49m  [0m[7m  [0m[7m  [0m[7m  [0m
[7m  [0m[7m  [0m[49m  [0m[7m  [0m[7m  [0m[49m  [0m[49m  [0m[7m  [0m[7m  [0m[7m  [0m[49m  [0m[49m  [0m[49m  [0m[7m  [0m[49m  [0m[7m  [0m[49m  [0m[7m  [0m[49m  [0m[7m  [0m[7m  [0m[7m  [0m[7m  [0m[7m  [0m[49m  [0m[49m  [0m[7m  [0m
[7m  [0m[49m  [0m[7m  [0m[49m  [0m[49m  [0m[49m  [0m[7m  [0m[49m  [0m[49m  [0m[7m  [0m[7m  [0m[7m  [0m[7m  [0m[7m  [0m[7m  [0m[7m  [0m[49m  [0m[49m  [0m[7m  [0m[49m  [0m[7m  [0m[7m  [0m[7m  [0m[7m  [0m[7m  [0m[7m  [0m[7m  [0m
[7m  [0m[7m  [0m[49m  [0m[7m  [0m[7m  [0m[49m  [0m[49m  [0m[7m  [0m[7m  [0m[7m  [0m[49m  [0m[49m  [0m[49m  [0m[7m  [0m[7m  [0m[7m  [0m[49m  [0m[49m  [0m[49m  [0m[7m  [0m[7m  [0m[7m  [0m[49m  [0m[7m  [0m[7m  [0m[7m  [0m[7m  [0m
[7m  [0m[49m  [0m[7m  [0m[7m  [0m[49m  [0m[49m  [0m[49m  [0m[49m  [0m[7m  [0m[7m  [0m[49m  [0m[49m  [0m[7m  [0m[49m  [0m[49m  [0m[7m  [0m[49m  [0m[49m  [0m[49m  [0m[49m  [0m[49m  [0m[49m  [0m[49m  [0m[7m  [0m[7m  [0m[49m  [0m[7m  [0m
[7m  [0m[7m  [0m[7m  [0m[7m  [0m[7m  [0m[7m  [0m[7m  [0m[7m  [0m[7m  [0m[49m  [0m[49m  [0m[49m  [0m[49m  [0m[49m  [0m[49m  [0m[7m  [0m[49m  [0m[49m  [0m[7m  [0m[7m  [0m[7m  [0m[49m  [0m[7m  [0m[49m  [0m[7m  [0m[49m  [0m[7m  [0m
[7m  [0m[49m  [0m[49m  [0m[49m  [0m[49m  [0m[49m  [0m[49m  [0m[49m  [0m[7m  [0m[49m  [0m[7m  [0m[7m  [0m[49m  [0m[49m  [0m[7m  [0m[49m  [0m[49m  [0m[49m  [0m[7m  [0m[49m  [0m[7m  [0m[49m  [0m[49m  [0m[49m  [0m[7m  [0m[7m  [0m[7m  [0m
[7m  [0m[49m  [0m[7m  [0m[7m  [0m[7m  [0m[7m  [0m[7m  [0m[49m  [0m[7m  [0m[49m  [0m[49m  [0m[7m  [0m[7m  [0m[49m  [0m[49m  [0m[7m  [0m[49m  [0m[49m  [0m[7m  [0m[7m  [0m[7m  [0m[49m  [0m[7m  [0m[49m  [0m[7m  [0m[49m  [0m[7m  [0m
[7m  [0m[49m  [0m[7m  [0m[49m  [0m[49m  [0m[49m  [0m[7m  [0m[49m  [0m[7m  [0m[49m  [0m[7m  [0m[7m  [0m[49m  [0m[7m  [0m[7m  [0m[49m  [0m[7m  [0m[49m  [0m[49m  [0m[49m  [0m[49m  [0m[49m  [0m[49m  [0m[49m  [0m[49m  [0m[7m  [0m[7m  [0m
[7m  [0m[49m  [0m[7m  [0m[49m  [0m[49m  [0m[49m  [0m[7m  [0m[49m  [0m[7m  [0m[7m  [0m[49m  [0m[7m  [0m[49m  [0m[7m  [0m[7m  [0m[7m  [0m[49m  [0m[49m  [0m[49m  [0m[7m  [0m[7m  [0m[7m  [0m[49m  [0m[7m  [0m[49m  [0m[7m  [0m[7m  [0m
[7m  [0m[49m  [0m[7m  [0m[49m  [0m[49m  [0m[49m  [0m[7m  [0m[49m  [0m[7m  [0m[49m  [0m[49m  [0m[49m  [0m[7m  [0m[7m  [0m[49m  [0m[7m  [0m[7m  [0m[49m  [0m[49m  [0m[49m  [0m[49m  [0m[49m  [0m[7m  [0m[49m  [0m[7m  [0m[49m  [0m[7m  [0m
[7m  [0m[49m  [0m[7m  [0m[7m  [0m[7m  [0m[7m  [0m[7m  [0m[49m  [0m[7m  [0m[49m  [0m[7m  [0m[7m  [0m[49m  [0m[7m  [0m[7m  [0m[7m  [0m[49m  [0m[7m  [0m[49m  [0m[49m  [0m[7m  [0m[7m  [0m[7m  [0m[49m  [0m[49m  [0m[49m  [0m[7m  [0m
[7m  [0m[49m  [0m[49m  [0m[49m  [0m[49m  [0m[49m  [0m[49m  [0m[49m  [0m[7m  [0m[49m  [0m[49m  [0m[7m  [0m[7m  [0m[49m  [0m[7m  [0m[7m  [0m[7m  [0m[7m  [0m[49m  [0m[49m  [0m[7m  [0m[7m  [0m[7m  [0m[7m  [0m[7m  [0m[49m  [0m[7m  [0m
[7m  [0m[7m  [0m[7m  [0m[7m  [0m[7m  [0m[7m  [0m[7m  [0m[7m  [0m[7m  [0m[7m  [0m[7m  [0m[7m  [0m[7m  [0m[7m  [0m[7m  [0m[7m  [0m[7m  [0m[7m  [0m[7m  [0m[7m  [0m[7m  [0m[7m  [0m[7m  [0m[7m  [0m[7m  [0m[7m  [0m[7m  [0m

812608d0bf0767.lhr.life tunneled with tls termination, https://812608d0bf0767.lhr.life
create an account and add your key for a longer lasting domain name. see https://localhost.run/docs/forever-free/ for more information.
Open your tunnel address on your mobile with this QR:

[7m  [0m[7m  [0m[7m  [0m[7m  [0m[7m  [0m[7m  [0m[7m  [0m[7m  [0m[7m  [0m[7m  [0m[7m  [0m[7m  [0m[7m  [0m[7m  [0m[7m  [0m[7m  [0m[7m  [0m[7m  [0m[7m  [0m[7m  [0m[7m  [0m[7m  [0m[7m  [0m[7m  [0m[7m  [0m[7m  [0m[7m  [0m
[7m  [0m[49m  [0m[49m  [0m[49m  [0m[49m  [0m[49m  [0m[49m  [0m[49m  [0m[7m  [0m[7m  [0m[7m  [0m[49m  [0m[7m  [0m[7m  [0m[49m  [0m[7m  [0m[7m  [0m[49m  [0m[7m  [0m[49m  [0m[49m  [0m[49m  [0m[49m  [0m[49m  [0m[49m  [0m[49m  [0m[7m  [0m
[7m  [0m[49m  [0m[7m  [0m[7m  [0m[7m  [0m[7m  [0m[7m  [0m[49m  [0m[7m  [0m[49m  [0m[49m  [0m[49m  [0m[7m  [0m[7m  [0m[7m  [0m[7m  [0m[49m  [0m[7m  [0m[7m  [0m[49m  [0m[7m  [0m[7m  [0m[7m  [0m[7m  [0m[7m  [0m[49m  [0m[7m  [0m
[7m  [0m[49m  [0m[7m  [0m[49m  [0m[49m  [0m[49m  [0m[7m  [0m[49m  [0m[7m  [0m[49m  [0m[7m  [0m[7m  [0m[7m  [0m[7m  [0m[49m  [0m[7m  [0m[49m  [0m[49m  [0m[7m  [0m[49m  [0m[7m  [0m[49m  [0m[49m  [0m[49m  [0m[7m  [0m[49m  [0m[7m  [0m
[7m  [0m[49m  [0m[7m  [0m[49m  [0m[49m  [0m[49m  [0m[7m  [0m[49m  [0m[7m  [0m[7m  [0m[49m  [0m[7m  [0m[7m  [0m[49m  [0m[7m  [0m[49m  [0m[7m  [0m[49m  [0m[7m  [0m[49m  [0m[7m  [0m[49m  [0m[49m  [0m[49m  [0m[7m  [0m[49m  [0m[7m  [0m
[7m  [0m[49m  [0m[7m  [0m[49m  [0m[49m  [0m[49m  [0m[7m  [0m[49m  [0m[7m  [0m[49m  [0m[49m  [0m[49m  [0m[7m  [0m[49m  [0m[7m  [0m[49m  [0m[49m  [0m[7m  [0m[7m  [0m[49m  [0m[7m  [0m[49m  [0m[49m  [0m[49m  [0m[7m  [0m[49m  [0m[7m  [0m
[7m  [0m[49m  [0m[7m  [0m[7m  [0m[7m  [0m[7m  [0m[7m  [0m[49m  [0m[7m  [0m[49m  [0m[7m  [0m[49m  [0m[7m  [0m[49m  [0m[7m  [0m[7m  [0m[7m  [0m[49m  [0m[7m  [0m[49m  [0m[7m  [0m[7m  [0m[7m  [0m[7m  [0m[7m  [0m[49m  [0m[7m  [0m
[7m  [0m[49m  [0m[49m  [0m[49m  [0m[49m  [0m[49m  [0m[49m  [0m[49m  [0m[7m  [0m[49m  [0m[7m  [0m[49m  [0m[7m  [0m[49m  [0m[7m  [0m[49m  [0m[7m  [0m[49m  [0m[7m  [0m[49m  [0m[49m  [0m[49m  [0m[49m  [0m[49m  [0m[49m  [0m[49m  [0m[7m  [0m
[7m  [0m[7m  [0m[7m  [0m[7m  [0m[7m  [0m[7m  [0m[7m  [0m[7m  [0m[7m  [0m[49m  [0m[7m  [0m[49m  [0m[49m  [0m[7m  [0m[49m  [0m[7m  [0m[7m  [0m[49m  [0m[7m  [0m[7m  [0m[7m  [0m[7m  [0m[7m  [0m[7m  [0m[7m  [0m[7m  [0m[7m  [0m
[7m  [0m[49m  [0m[49m  [0m[7m  [0m[49m  [0m[7m  [0m[7m  [0m[49m  [0m[49m  [0m[7m  [0m[7m  [0m[7m  [0m[49m  [0m[49m  [0m[49m  [0m[49m  [0m[49m  [0m[7m  [0m[7m  [0m[49m  [0m[49m  [0m[49m  [0m[7m  [0m[49m  [0m[49m  [0m[7m  [0m[7m  [0m
[7m  [0m[49m  [0m[49m  [0m[49m  [0m[7m  [0m[49m  [0m[49m  [0m[7m  [0m[7m  [0m[7m  [0m[49m  [0m[7m  [0m[49m  [0m[49m  [0m[7m  [0m[7m  [0m[7m  [0m[49m  [0m[49m  [0m[49m  [0m[49m  [0m[7m  [0m[7m  [0m[7m  [0m[49m  [0m[49m  [0m[7m  [0m
[7m  [0m[49m  [0m[49m  [0m[49m  [0m[7m  [0m[7m  [0m[49m  [0m[49m  [0m[7m  [0m[7m  [0m[7m  [0m[7m  [0m[49m  [0m[49m  [0m[49m  [0m[7m  [0m[7m  [0m[49m  [0m[7m  [0m[49m  [0m[49m  [0m[49m  [0m[49m  [0m[7m  [0m[49m  [0m[49m  [0m[7m  [0m
[7m  [0m[49m  [0m[49m  [0m[49m  [0m[49m  [0m[49m  [0m[7m  [0m[7m  [0m[49m  [0m[49m  [0m[49m  [0m[49m  [0m[49m  [0m[49m  [0m[7m  [0m[49m  [0m[49m  [0m[49m  [0m[49m  [0m[7m  [0m[49m  [0m[49m  [0m[7m  [0m[7m  [0m[7m  [0m[49m  [0m[7m  [0m
[7m  [0m[7m  [0m[49m  [0m[49m  [0m[49m  [0m[49m  [0m[49m  [0m[49m  [0m[49m  [0m[7m  [0m[7m  [0m[49m  [0m[49m  [0m[7m  [0m[49m  [0m[7m  [0m[7m  [0m[49m  [0m[7m  [0m[49m  [0m[7m  [0m[49m  [0m[7m  [0m[49m  [0m[7m  [0m[7m  [0m[7m  [0m
[7m  [0m[7m  [0m[7m  [0m[7m  [0m[49m  [0m[7m  [0m[49m  [0m[7m  [0m[7m  [0m[49m  [0m[7m  [0m[7m  [0m[49m  [0m[7m  [0m[7m  [0m[7m  [0m[49m  [0m[7m  [0m[49m  [0m[49m  [0m[7m  [0m[7m  [0m[7m  [0m[49m  [0m[49m  [0m[49m  [0m[7m  [0m
[7m  [0m[49m  [0m[7m  [0m[49m  [0m[7m  [0m[7m  [0m[49m  [0m[49m  [0m[49m  [0m[49m  [0m[7m  [0m[49m  [0m[49m  [0m[7m  [0m[7m  [0m[49m  [0m[7m  [0m[49m  [0m[7m  [0m[49m  [0m[7m  [0m[7m  [0m[7m  [0m[7m  [0m[49m  [0m[7m  [0m[7m  [0m
[7m  [0m[7m  [0m[49m  [0m[49m  [0m[7m  [0m[7m  [0m[7m  [0m[7m  [0m[7m  [0m[7m  [0m[7m  [0m[7m  [0m[49m  [0m[7m  [0m[7m  [0m[7m  [0m[7m  [0m[49m  [0m[49m  [0m[7m  [0m[7m  [0m[49m  [0m[49m  [0m[7m  [0m[7m  [0m[7m  [0m[7m  [0m
[7m  [0m[49m  [0m[49m  [0m[7m  [0m[7m  [0m[49m  [0m[7m  [0m[49m  [0m[49m  [0m[7m  [0m[7m  [0m[49m  [0m[7m  [0m[49m  [0m[7m  [0m[7m  [0m[49m  [0m[49m  [0m[49m  [0m[49m  [0m[49m  [0m[49m  [0m[49m  [0m[49m  [0m[7m  [0m[49m  [0m[7m  [0m
[7m  [0m[7m  [0m[7m  [0m[7m  [0m[7m  [0m[7m  [0m[7m  [0m[7m  [0m[7m  [0m[49m  [0m[7m  [0m[49m  [0m[7m  [0m[49m  [0m[49m  [0m[49m  [0m[49m  [0m[49m  [0m[7m  [0m[7m  [0m[7m  [0m[49m  [0m[7m  [0m[49m  [0m[49m  [0m[49m  [0m[7m  [0m
[7m  [0m[49m  [0m[49m  [0m[49m  [0m[49m  [0m[49m  [0m[49m  [0m[49m  [0m[7m  [0m[49m  [0m[7m  [0m[7m  [0m[49m  [0m[49m  [0m[7m  [0m[49m  [0m[7m  [0m[49m  [0m[7m  [0m[49m  [0m[7m  [0m[49m  [0m[49m  [0m[49m  [0m[7m  [0m[7m  [0m[7m  [0m
[7m  [0m[49m  [0m[7m  [0m[7m  [0m[7m  [0m[7m  [0m[7m  [0m[49m  [0m[7m  [0m[7m  [0m[7m  [0m[49m  [0m[7m  [0m[49m  [0m[7m  [0m[7m  [0m[49m  [0m[49m  [0m[7m  [0m[7m  [0m[7m  [0m[49m  [0m[7m  [0m[7m  [0m[7m  [0m[49m  [0m[7m  [0m
[7m  [0m[49m  [0m[7m  [0m[49m  [0m[49m  [0m[49m  [0m[7m  [0m[49m  [0m[7m  [0m[7m  [0m[7m  [0m[49m  [0m[7m  [0m[7m  [0m[7m  [0m[7m  [0m[7m  [0m[49m  [0m[49m  [0m[49m  [0m[49m  [0m[49m  [0m[49m  [0m[49m  [0m[7m  [0m[7m  [0m[7m  [0m
[7m  [0m[49m  [0m[7m  [0m[49m  [0m[49m  [0m[49m  [0m[7m  [0m[49m  [0m[7m  [0m[49m  [0m[49m  [0m[7m  [0m[49m  [0m[7m  [0m[7m  [0m[7m  [0m[49m  [0m[7m  [0m[49m  [0m[49m  [0m[49m  [0m[7m  [0m[49m  [0m[7m  [0m[49m  [0m[7m  [0m[7m  [0m
[7m  [0m[49m  [0m[7m  [0m[49m  [0m[49m  [0m[49m  [0m[7m  [0m[49m  [0m[7m  [0m[7m  [0m[49m  [0m[7m  [0m[7m  [0m[7m  [0m[7m  [0m[7m  [0m[7m  [0m[7m  [0m[49m  [0m[49m  [0m[49m  [0m[49m  [0m[49m  [0m[7m  [0m[7m  [0m[49m  [0m[7m  [0m
[7m  [0m[49m  [0m[7m  [0m[7m  [0m[7m  [0m[7m  [0m[7m  [0m[49m  [0m[7m  [0m[49m  [0m[49m  [0m[49m  [0m[7m  [0m[7m  [0m[7m  [0m[49m  [0m[49m  [0m[49m  [0m[49m  [0m[49m  [0m[7m  [0m[49m  [0m[7m  [0m[7m  [0m[7m  [0m[49m  [0m[7m  [0m
[7m  [0m[49m  [0m[49m  [0m[49m  [0m[49m  [0m[49m  [0m[49m  [0m[49m  [0m[7m  [0m[49m  [0m[7m  [0m[7m  [0m[7m  [0m[49m  [0m[7m  [0m[7m  [0m[49m  [0m[7m  [0m[49m  [0m[7m  [0m[7m  [0m[7m  [0m[7m  [0m[7m  [0m[7m  [0m[49m  [0m[7m  [0m
[7m  [0m[7m  [0m[7m  [0m[7m  [0m[7m  [0m[7m  [0m[7m  [0m[7m  [0m[7m  [0m[7m  [0m[7m  [0m[7m  [0m[7m  [0m[7m  [0m[7m  [0m[7m  [0m[7m  [0m[7m  [0m[7m  [0m[7m  [0m[7m  [0m[7m  [0m[7m  [0m[7m  [0m[7m  [0m[7m  [0m[7m  [0m

555f055186931c.lhr.life tunneled with tls termination, https://555f055186931c.lhr.life
create an account and add your key for a longer lasting domain name. see https://localhost.run/docs/forever-free/ for more information.
Open your tunnel address on your mobile with this QR:

[7m  [0m[7m  [0m[7m  [0m[7m  [0m[7m  [0m[7m  [0m[7m  [0m[7m  [0m[7m  [0m[7m  [0m[7m  [0m[7m  [0m[7m  [0m[7m  [0m[7m  [0m[7m  [0m[7m  [0m[7m  [0m[7m  [0m[7m  [0m[7m  [0m[7m  [0m[7m  [0m[7m  [0m[7m  [0m[7m  [0m[7m  [0m
[7m  [0m[49m  [0m[49m  [0m[49m  [0m[49m  [0m[49m  [0m[49m  [0m[49m  [0m[7m  [0m[49m  [0m[49m  [0m[7m  [0m[7m  [0m[7m  [0m[49m  [0m[49m  [0m[49m  [0m[7m  [0m[7m  [0m[49m  [0m[49m  [0m[49m  [0m[49m  [0m[49m  [0m[49m  [0m[49m  [0m[7m  [0m
[7m  [0m[49m  [0m[7m  [0m[7m  [0m[7m  [0m[7m  [0m[7m  [0m[49m  [0m[7m  [0m[7m  [0m[7m  [0m[7m  [0m[7m  [0m[7m  [0m[7m  [0m[49m  [0m[7m  [0m[49m  [0m[7m  [0m[49m  [0m[7m  [0m[7m  [0m[7m  [0m[7m  [0m[7m  [0m[49m  [0m[7m  [0m
[7m  [0m[49m  [0m[7m  [0m[49m  [0m[49m  [0m[49m  [0m[7m  [0m[49m  [0m[7m  [0m[49m  [0m[7m  [0m[7m  [0m[49m  [0m[49m  [0m[7m  [0m[7m  [0m[49m  [0m[49m  [0m[7m  [0m[49m  [0m[7m  [0m[49m  [0m[49m  [0m[49m  [0m[7m  [0m[49m  [0m[7m  [0m
[7m  [0m[49m  [0m[7m  [0m[49m  [0m[49m  [0m[49m  [0m[7m  [0m[49m  [0m[7m  [0m[49m  [0m[49m  [0m[7m  [0m[49m  [0m[7m  [0m[49m  [0m[49m  [0m[7m  [0m[49m  [0m[7m  [0m[49m  [0m[7m  [0m[49m  [0m[49m  [0m[49m  [0m[7m  [0m[49m  [0m[7m  [0m
[7m  [0m[49m  [0m[7m  [0m[49m  [0m[49m  [0m[49m  [0m[7m  [0m[49m  [0m[7m  [0m[49m  [0m[49m  [0m[49m  [0m[49m  [0m[7m  [0m[49m  [0m[49m  [0m[49m  [0m[7m  [0m[7m  [0m[49m  [0m[7m  [0m[49m  [0m[49m  [0m[49m  [0m[7m  [0m[49m  [0m[7m  [0m
[7m  [0m[49m  [0m[7m  [0m[7m  [0m[7m  [0m[7m  [0m[7m  [0m[49m  [0m[7m  [0m[7m  [0m[49m  [0m[7m  [0m[7m  [0m[49m  [0m[7m  [0m[49m  [0m[49m  [0m[7m  [0m[7m  [0m[49m  [0m[7m  [0m[7m  [0m[7m  [0m[7m  [0m[7m  [0m[49m  [0m[7m  [0m
[7m  [0m[49m  [0m[49m  [0m[49m  [0m[49m  [0m[49m  [0m[49m  [0m[49m  [0m[7m  [0m[49m  [0m[7m  [0m[49m  [0m[7m  [0m[49m  [0m[7m  [0m[49m  [0m[7m  [0m[49m  [0m[7m  [0m[49m  [0m[49m  [0m[49m  [0m[49m  [0m[49m  [0m[49m  [0m[49m  [0m[7m  [0m
[7m  [0m[7m  [0m[7m  [0m[7m  [0m[7m  [0m[7m  [0m[7m  [0m[7m  [0m[7m  [0m[7m  [0m[49m  [0m[7m  [0m[49m  [0m[7m  [0m[49m  [0m[49m  [0m[49m  [0m[7m  [0m[7m  [0m[7m  [0m[7m  [0m[7m  [0m[7m  [0m[7m  [0m[7m  [0m[7m  [0m[7m  [0m
[7m  [0m[49m  [0m[49m  [0m[49m  [0m[49m  [0m[7m  [0m[7m  [0m[49m  [0m[7m  [0m[49m  [0m[7m  [0m[7m  [0m[7m  [0m[7m  [0m[7m  [0m[49m  [0m[49m  [0m[7m  [0m[49m  [0m[7m  [0m[7m  [0m[49m  [0m[49m  [0m[49m  [0m[7m  [0m[49m  [0m[7m  [0m
[7m  [0m[49m  [0m[7m  [0m[7m  [0m[49m  [0m[7m  [0m[49m  [0m[7m  [0m[49m  [0m[49m  [0m[49m  [0m[7m  [0m[7m  [0m[7m  [0m[49m  [0m[7m  [0m[7m  [0m[49m  [0m[49m  [0m[49m  [0m[7m  [0m[7m  [0m[7m  [0m[7m  [0m[7m  [0m[7m  [0m[7m  [0m
[7m  [0m[7m  [0m[49m  [0m[49m  [0m[49m  [0m[49m  [0m[49m  [0m[49m  [0m[7m  [0m[49m  [0m[7m  [0m[7m  [0m[7m  [0m[7m  [0m[7m  [0m[7m  [0m[7m  [0m[7m  [0m[7m  [0m[7m  [0m[7m  [0m[49m  [0m[49m  [0m[7m  [0m[7m  [0m[7m  [0m[7m  [0m
[7m  [0m[7m  [0m[49m  [0m[49m  [0m[7m  [0m[7m  [0m[7m  [0m[7m  [0m[49m  [0m[49m  [0m[7m  [0m[7m  [0m[49m  [0m[49m  [0m[7m  [0m[7m  [0m[49m  [0m[7m  [0m[7m  [0m[7m  [0m[49m  [0m[7m  [0m[49m  [0m[49m  [0m[7m  [0m[49m  [0m[7m  [0m
[7m  [0m[7m  [0m[49m  [0m[7m  [0m[49m  [0m[49m  [0m[49m  [0m[49m  [0m[49m  [0m[7m  [0m[49m  [0m[7m  [0m[49m  [0m[7m  [0m[49m  [0m[49m  [0m[7m  [0m[7m  [0m[49m  [0m[49m  [0m[7m  [0m[7m  [0m[49m  [0m[7m  [0m[7m  [0m[7m  [0m[7m  [0m
[7m  [0m[7m  [0m[7m  [0m[49m  [0m[49m  [0m[49m  [0m[49m  [0m[7m  [0m[49m  [0m[7m  [0m[7m  [0m[49m  [0m[49m  [0m[7m  [0m[7m  [0m[49m  [0m[7m  [0m[7m  [0m[7m  [0m[49m  [0m[7m  [0m[49m  [0m[49m  [0m[7m  [0m[49m  [0m[49m  [0m[7m  [0m
[7m  [0m[7m  [0m[49m  [0m[7m  [0m[49m  [0m[7m  [0m[49m  [0m[49m  [0m[49m  [0m[7m  [0m[7m  [0m[49m  [0m[7m  [0m[49m  [0m[49m  [0m[49m  [0m[7m  [0m[49m  [0m[7m  [0m[7m  [0m[49m  [0m[49m  [0m[7m  [0m[7m  [0m[7m  [0m[49m  [0m[7m  [0m
[7m  [0m[49m  [0m[7m  [0m[49m  [0m[7m  [0m[49m  [0m[7m  [0m[7m  [0m[7m  [0m[7m  [0m[7m  [0m[7m  [0m[7m  [0m[49m  [0m[49m  [0m[7m  [0m[49m  [0m[7m  [0m[49m  [0m[49m  [0m[49m  [0m[49m  [0m[49m  [0m[7m  [0m[49m  [0m[49m  [0m[7m  [0m
[7m  [0m[7m  [0m[7m  [0m[49m  [0m[7m  [0m[49m  [0m[49m  [0m[49m  [0m[7m  [0m[7m  [0m[49m  [0m[7m  [0m[49m  [0m[7m  [0m[49m  [0m[7m  [0m[7m  [0m[49m  [0m[49m  [0m[49m  [0m[49m  [0m[49m  [0m[49m  [0m[49m  [0m[49m  [0m[7m  [0m[7m  [0m
[7m  [0m[7m  [0m[7m  [0m[7m  [0m[7m  [0m[7m  [0m[7m  [0m[7m  [0m[7m  [0m[49m  [0m[7m  [0m[49m  [0m[7m  [0m[49m  [0m[49m  [0m[7m  [0m[49m  [0m[49m  [0m[7m  [0m[7m  [0m[7m  [0m[49m  [0m[49m  [0m[7m  [0m[49m  [0m[49m  [0m[7m  [0m
[7m  [0m[49m  [0m[49m  [0m[49m  [0m[49m  [0m[49m  [0m[49m  [0m[49m  [0m[7m  [0m[7m  [0m[7m  [0m[49m  [0m[49m  [0m[49m  [0m[7m  [0m[7m  [0m[7m  [0m[49m  [0m[7m  [0m[49m  [0m[7m  [0m[49m  [0m[7m  [0m[7m  [0m[7m  [0m[7m  [0m[7m  [0m
[7m  [0m[49m  [0m[7m  [0m[7m  [0m[7m  [0m[7m  [0m[7m  [0m[49m  [0m[7m  [0m[7m  [0m[7m  [0m[49m  [0m[7m  [0m[49m  [0m[7m  [0m[49m  [0m[7m  [0m[49m  [0m[7m  [0m[7m  [0m[7m  [0m[49m  [0m[49m  [0m[49m  [0m[7m  [0m[49m  [0m[7m  [0m
[7m  [0m[49m  [0m[7m  [0m[49m  [0m[49m  [0m[49m  [0m[7m  [0m[49m  [0m[7m  [0m[7m  [0m[49m  [0m[49m  [0m[49m  [0m[49m  [0m[49m  [0m[7m  [0m[7m  [0m[49m  [0m[49m  [0m[49m  [0m[49m  [0m[49m  [0m[49m  [0m[49m  [0m[49m  [0m[49m  [0m[7m  [0m
[7m  [0m[49m  [0m[7m  [0m[49m  [0m[49m  [0m[49m  [0m[7m  [0m[49m  [0m[7m  [0m[49m  [0m[7m  [0m[7m  [0m[7m  [0m[49m  [0m[49m  [0m[7m  [0m[7m  [0m[49m  [0m[7m  [0m[49m  [0m[49m  [0m[7m  [0m[49m  [0m[7m  [0m[7m  [0m[49m  [0m[7m  [0m
[7m  [0m[49m  [0m[7m  [0m[49m  [0m[49m  [0m[49m  [0m[7m  [0m[49m  [0m[7m  [0m[49m  [0m[7m  [0m[7m  [0m[49m  [0m[49m  [0m[49m  [0m[7m  [0m[7m  [0m[7m  [0m[7m  [0m[7m  [0m[7m  [0m[49m  [0m[7m  [0m[7m  [0m[49m  [0m[7m  [0m[7m  [0m
[7m  [0m[49m  [0m[7m  [0m[7m  [0m[7m  [0m[7m  [0m[7m  [0m[49m  [0m[7m  [0m[49m  [0m[7m  [0m[49m  [0m[7m  [0m[7m  [0m[7m  [0m[7m  [0m[7m  [0m[7m  [0m[49m  [0m[7m  [0m[49m  [0m[49m  [0m[49m  [0m[7m  [0m[7m  [0m[49m  [0m[7m  [0m
[7m  [0m[49m  [0m[49m  [0m[49m  [0m[49m  [0m[49m  [0m[49m  [0m[49m  [0m[7m  [0m[49m  [0m[7m  [0m[49m  [0m[7m  [0m[49m  [0m[7m  [0m[49m  [0m[7m  [0m[49m  [0m[7m  [0m[7m  [0m[49m  [0m[7m  [0m[49m  [0m[49m  [0m[7m  [0m[49m  [0m[7m  [0m
[7m  [0m[7m  [0m[7m  [0m[7m  [0m[7m  [0m[7m  [0m[7m  [0m[7m  [0m[7m  [0m[7m  [0m[7m  [0m[7m  [0m[7m  [0m[7m  [0m[7m  [0m[7m  [0m[7m  [0m[7m  [0m[7m  [0m[7m  [0m[7m  [0m[7m  [0m[7m  [0m[7m  [0m[7m  [0m[7m  [0m[7m  [0m

b3edfc80af1b55.lhr.life tunneled with tls termination, https://b3edfc80af1b55.lhr.life
create an account and add your key for a longer lasting domain name. see https://localhost.run/docs/forever-free/ for more information.
Open your tunnel address on your mobile with this QR:

[7m  [0m[7m  [0m[7m  [0m[7m  [0m[7m  [0m[7m  [0m[7m  [0m[7m  [0m[7m  [0m[7m  [0m[7m  [0m[7m  [0m[7m  [0m[7m  [0m[7m  [0m[7m  [0m[7m  [0m[7m  [0m[7m  [0m[7m  [0m[7m  [0m[7m  [0m[7m  [0m[7m  [0m[7m  [0m[7m  [0m[7m  [0m
[7m  [0m[49m  [0m[49m  [0m[49m  [0m[49m  [0m[49m  [0m[49m  [0m[49m  [0m[7m  [0m[7m  [0m[7m  [0m[49m  [0m[7m  [0m[7m  [0m[49m  [0m[7m  [0m[7m  [0m[49m  [0m[7m  [0m[49m  [0m[49m  [0m[49m  [0m[49m  [0m[49m  [0m[49m  [0m[49m  [0m[7m  [0m
[7m  [0m[49m  [0m[7m  [0m[7m  [0m[7m  [0m[7m  [0m[7m  [0m[49m  [0m[7m  [0m[49m  [0m[49m  [0m[49m  [0m[7m  [0m[7m  [0m[7m  [0m[7m  [0m[49m  [0m[7m  [0m[7m  [0m[49m  [0m[7m  [0m[7m  [0m[7m  [0m[7m  [0m[7m  [0m[49m  [0m[7m  [0m
[7m  [0m[49m  [0m[7m  [0m[49m  [0m[49m  [0m[49m  [0m[7m  [0m[49m  [0m[7m  [0m[49m  [0m[7m  [0m[7m  [0m[7m  [0m[7m  [0m[49m  [0m[7m  [0m[49m  [0m[49m  [0m[7m  [0m[49m  [0m[7m  [0m[49m  [0m[49m  [0m[49m  [0m[7m  [0m[49m  [0m[7m  [0m
[7m  [0m[49m  [0m[7m  [0m[49m  [0m[49m  [0m[49m  [0m[7m  [0m[49m  [0m[7m  [0m[7m  [0m[49m  [0m[7m  [0m[7m  [0m[49m  [0m[7m  [0m[49m  [0m[7m  [0m[49m  [0m[7m  [0m[49m  [0m[7m  [0m[49m  [0m[49m  [0m[49m  [0m[7m  [0m[49m  [0m[7m  [0m
[7m  [0m[49m  [0m[7m  [0m[49m  [0m[49m  [0m[49m  [0m[7m  [0m[49m  [0m[7m  [0m[49m  [0m[49m  [0m[49m  [0m[7m  [0m[49m  [0m[7m  [0m[49m  [0m[49m  [0m[7m  [0m[7m  [0m[49m  [0m[7m  [0m[49m  [0m[49m  [0m[49m  [0m[7m  [0m[49m  [0m[7m  [0m
[7m  [0m[49m  [0m[7m  [0m[7m  [0m[7m  [0m[7m  [0m[7m  [0m[49m  [0m[7m  [0m[49m  [0m[7m  [0m[49m  [0m[7m  [0m[49m  [0m[7m  [0m[7m  [0m[7m  [0m[49m  [0m[7m  [0m[49m  [0m[7m  [0m[7m  [0m[7m  [0m[7m  [0m[7m  [0m[49m  [0m[7m  [0m
[7m  [0m[49m  [0m[49m  [0m[49m  [0m[49m  [0m[49m  [0m[49m  [0m[49m  [0m[7m  [0m[49m  [0m[7m  [0m[49m  [0m[7m  [0m[49m  [0m[7m  [0m[49m  [0m[7m  [0m[49m  [0m[7m  [0m[49m  [0m[49m  [0m[49m  [0m[49m  [0m[49m  [0m[49m  [0m[49m  [0m[7m  [0m
[7m  [0m[7m  [0m[7m  [0m[7m  [0m[7m  [0m[7m  [0m[7m  [0m[7m  [0m[7m  [0m[49m  [0m[7m  [0m[49m  [0m[49m  [0m[7m  [0m[49m  [0m[7m  [0m[7m  [0m[49m  [0m[7m  [0m[7m  [0m[7m  [0m[7m  [0m[7m  [0m[7m  [0m[7m  [0m[7m  [0m[7m  [0m
[7m  [0m[49m  [0m[49m  [0m[7m  [0m[49m  [0m[7m  [0m[7m  [0m[49m  [0m[49m  [0m[7m  [0m[7m  [0m[7m  [0m[49m  [0m[49m  [0m[49m  [0m[49m  [0m[49m  [0m[7m  [0m[7m  [0m[49m  [0m[49m  [0m[49m  [0m[7m  [0m[49m  [0m[49m  [0m[7m  [0m[7m  [0m
[7m  [0m[49m  [0m[49m  [0m[7m  [0m[49m  [0m[49m  [0m[7m  [0m[7m  [0m[7m  [0m[49m  [0m[49m  [0m[7m  [0m[49m  [0m[49m  [0m[7m  [0m[7m  [0m[7m  [0m[7m  [0m[7m  [0m[49m  [0m[49m  [0m[49m  [0m[7m  [0m[7m  [0m[49m  [0m[49m  [0m[7m  [0m
[7m  [0m[49m  [0m[49m  [0m[49m  [0m[49m  [0m[7m  [0m[7m  [0m[49m  [0m[7m  [0m[49m  [0m[7m  [0m[7m  [0m[49m  [0m[49m  [0m[49m  [0m[7m  [0m[49m  [0m[49m  [0m[49m  [0m[7m  [0m[49m  [0m[7m  [0m[49m  [0m[7m  [0m[49m  [0m[49m  [0m[7m  [0m
[7m  [0m[7m  [0m[49m  [0m[7m  [0m[49m  [0m[49m  [0m[49m  [0m[7m  [0m[7m  [0m[49m  [0m[49m  [0m[49m  [0m[49m  [0m[49m  [0m[7m  [0m[49m  [0m[49m  [0m[7m  [0m[7m  [0m[7m  [0m[49m  [0m[7m  [0m[7m  [0m[7m  [0m[7m  [0m[49m  [0m[7m  [0m
[7m  [0m[7m  [0m[49m  [0m[49m  [0m[7m  [0m[7m  [0m[7m  [0m[49m  [0m[49m  [0m[49m  [0m[7m  [0m[49m  [0m[49m  [0m[7m  [0m[49m  [0m[7m  [0m[49m  [0m[7m  [0m[7m  [0m[7m  [0m[7m  [0m[7m  [0m[7m  [0m[49m  [0m[7m  [0m[7m  [0m[7m  [0m
[7m  [0m[7m  [0m[49m  [0m[7m  [0m[49m  [0m[49m  [0m[49m  [0m[7m  [0m[7m  [0m[49m  [0m[49m  [0m[7m  [0m[49m  [0m[7m  [0m[7m  [0m[7m  [0m[7m  [0m[49m  [0m[7m  [0m[49m  [0m[49m  [0m[7m  [0m[7m  [0m[49m  [0m[49m  [0m[49m  [0m[7m  [0m
[7m  [0m[49m  [0m[7m  [0m[49m  [0m[49m  [0m[49m  [0m[7m  [0m[49m  [0m[7m  [0m[49m  [0m[49m  [0m[49m  [0m[49m  [0m[7m  [0m[7m  [0m[49m  [0m[7m  [0m[49m  [0m[7m  [0m[49m  [0m[7m  [0m[7m  [0m[7m  [0m[7m  [0m[49m  [0m[7m  [0m[7m  [0m
[7m  [0m[7m  [0m[49m  [0m[49m  [0m[49m  [0m[7m  [0m[7m  [0m[7m  [0m[49m  [0m[7m  [0m[49m  [0m[49m  [0m[49m  [0m[7m  [0m[7m  [0m[7m  [0m[49m  [0m[7m  [0m[49m  [0m[7m  [0m[49m  [0m[7m  [0m[49m  [0m[7m  [0m[7m  [0m[7m  [0m[7m  [0m
[7m  [0m[49m  [0m[49m  [0m[7m  [0m[7m  [0m[49m  [0m[7m  [0m[49m  [0m[7m  [0m[49m  [0m[49m  [0m[7m  [0m[7m  [0m[49m  [0m[7m  [0m[7m  [0m[7m  [0m[49m  [0m[49m  [0m[49m  [0m[49m  [0m[49m  [0m[49m  [0m[49m  [0m[7m  [0m[49m  [0m[7m  [0m
[7m  [0m[7m  [0m[7m  [0m[7m  [0m[7m  [0m[7m  [0m[7m  [0m[7m  [0m[7m  [0m[49m  [0m[49m  [0m[7m  [0m[7m  [0m[49m  [0m[49m  [0m[49m  [0m[7m  [0m[49m  [0m[7m  [0m[7m  [0m[7m  [0m[49m  [0m[7m  [0m[49m  [0m[49m  [0m[49m  [0m[7m  [0m
[7m  [0m[49m  [0m[49m  [0m[49m  [0m[49m  [0m[49m  [0m[49m  [0m[49m  [0m[7m  [0m[49m  [0m[7m  [0m[7m  [0m[49m  [0m[49m  [0m[7m  [0m[49m  [0m[49m  [0m[49m  [0m[7m  [0m[49m  [0m[7m  [0m[49m  [0m[49m  [0m[49m  [0m[7m  [0m[7m  [0m[7m  [0m
[7m  [0m[49m  [0m[7m  [0m[7m  [0m[7m  [0m[7m  [0m[7m  [0m[49m  [0m[7m  [0m[7m  [0m[49m  [0m[7m  [0m[7m  [0m[49m  [0m[7m  [0m[7m  [0m[7m  [0m[49m  [0m[7m  [0m[7m  [0m[7m  [0m[49m  [0m[7m  [0m[7m  [0m[7m  [0m[49m  [0m[7m  [0m
[7m  [0m[49m  [0m[7m  [0m[49m  [0m[49m  [0m[49m  [0m[7m  [0m[49m  [0m[7m  [0m[7m  [0m[49m  [0m[7m  [0m[7m  [0m[7m  [0m[7m  [0m[7m  [0m[7m  [0m[49m  [0m[49m  [0m[49m  [0m[49m  [0m[49m  [0m[49m  [0m[49m  [0m[7m  [0m[7m  [0m[7m  [0m
[7m  [0m[49m  [0m[7m  [0m[49m  [0m[49m  [0m[49m  [0m[7m  [0m[49m  [0m[7m  [0m[49m  [0m[49m  [0m[49m  [0m[49m  [0m[7m  [0m[7m  [0m[7m  [0m[49m  [0m[7m  [0m[49m  [0m[7m  [0m[7m  [0m[7m  [0m[49m  [0m[7m  [0m[49m  [0m[7m  [0m[7m  [0m
[7m  [0m[49m  [0m[7m  [0m[49m  [0m[49m  [0m[49m  [0m[7m  [0m[49m  [0m[7m  [0m[7m  [0m[7m  [0m[49m  [0m[7m  [0m[7m  [0m[7m  [0m[7m  [0m[7m  [0m[7m  [0m[49m  [0m[49m  [0m[7m  [0m[49m  [0m[49m  [0m[7m  [0m[7m  [0m[49m  [0m[7m  [0m
[7m  [0m[49m  [0m[7m  [0m[7m  [0m[7m  [0m[7m  [0m[7m  [0m[49m  [0m[7m  [0m[49m  [0m[49m  [0m[49m  [0m[7m  [0m[7m  [0m[7m  [0m[49m  [0m[7m  [0m[7m  [0m[49m  [0m[49m  [0m[49m  [0m[7m  [0m[7m  [0m[49m  [0m[7m  [0m[49m  [0m[7m  [0m
[7m  [0m[49m  [0m[49m  [0m[49m  [0m[49m  [0m[49m  [0m[49m  [0m[49m  [0m[7m  [0m[49m  [0m[7m  [0m[49m  [0m[7m  [0m[49m  [0m[7m  [0m[7m  [0m[7m  [0m[49m  [0m[49m  [0m[49m  [0m[7m  [0m[49m  [0m[49m  [0m[7m  [0m[7m  [0m[49m  [0m[7m  [0m
[7m  [0m[7m  [0m[7m  [0m[7m  [0m[7m  [0m[7m  [0m[7m  [0m[7m  [0m[7m  [0m[7m  [0m[7m  [0m[7m  [0m[7m  [0m[7m  [0m[7m  [0m[7m  [0m[7m  [0m[7m  [0m[7m  [0m[7m  [0m[7m  [0m[7m  [0m[7m  [0m[7m  [0m[7m  [0m[7m  [0m[7m  [0m

76ff084fbbbb7f.lhr.life tunneled with tls termination, https://76ff084fbbbb7f.lhr.life
create an account and add your key for a longer lasting domain name. see https://localhost.run/docs/forever-free/ for more information.
Open your tunnel address on your mobile with this QR:

[7m  [0m[7m  [0m[7m  [0m[7m  [0m[7m  [0m[7m  [0m[7m  [0m[7m  [0m[7m  [0m[7m  [0m[7m  [0m[7m  [0m[7m  [0m[7m  [0m[7m  [0m[7m  [0m[7m  [0m[7m  [0m[7m  [0m[7m  [0m[7m  [0m[7m  [0m[7m  [0m[7m  [0m[7m  [0m[7m  [0m[7m  [0m
[7m  [0m[49m  [0m[49m  [0m[49m  [0m[49m  [0m[49m  [0m[49m  [0m[49m  [0m[7m  [0m[7m  [0m[7m  [0m[49m  [0m[7m  [0m[7m  [0m[49m  [0m[7m  [0m[7m  [0m[49m  [0m[7m  [0m[49m  [0m[49m  [0m[49m  [0m[49m  [0m[49m  [0m[49m  [0m[49m  [0m[7m  [0m
[7m  [0m[49m  [0m[7m  [0m[7m  [0m[7m  [0m[7m  [0m[7m  [0m[49m  [0m[7m  [0m[7m  [0m[49m  [0m[7m  [0m[7m  [0m[7m  [0m[49m  [0m[7m  [0m[49m  [0m[49m  [0m[7m  [0m[49m  [0m[7m  [0m[7m  [0m[7m  [0m[7m  [0m[7m  [0m[49m  [0m[7m  [0m
[7m  [0m[49m  [0m[7m  [0m[49m  [0m[49m  [0m[49m  [0m[7m  [0m[49m  [0m[7m  [0m[49m  [0m[7m  [0m[7m  [0m[49m  [0m[7m  [0m[49m  [0m[49m  [0m[49m  [0m[49m  [0m[7m  [0m[49m  [0m[7m  [0m[49m  [0m[49m  [0m[49m  [0m[7m  [0m[49m  [0m[7m  [0m
[7m  [0m[49m  [0m[7m  [0m[49m  [0m[49m  [0m[49m  [0m[7m  [0m[49m  [0m[7m  [0m[7m  [0m[49m  [0m[7m  [0m[7m  [0m[49m  [0m[7m  [0m[49m  [0m[7m  [0m[49m  [0m[7m  [0m[49m  [0m[7m  [0m[49m  [0m[49m  [0m[49m  [0m[7m  [0m[49m  [0m[7m  [0m
[7m  [0m[49m  [0m[7m  [0m[49m  [0m[49m  [0m[49m  [0m[7m  [0m[49m  [0m[7m  [0m[7m  [0m[49m  [0m[7m  [0m[7m  [0m[49m  [0m[49m  [0m[49m  [0m[49m  [0m[49m  [0m[7m  [0m[49m  [0m[7m  [0m[49m  [0m[49m  [0m[49m  [0m[7m  [0m[49m  [0m[7m  [0m
[7m  [0m[49m  [0m[7m  [0m[7m  [0m[7m  [0m[7m  [0m[7m  [0m[49m  [0m[7m  [0m[7m  [0m[7m  [0m[49m  [0m[49m  [0m[49m  [0m[7m  [0m[49m  [0m[7m  [0m[49m  [0m[7m  [0m[49m  [0m[7m  [0m[7m  [0m[7m  [0m[7m  [0m[7m  [0m[49m  [0m[7m  [0m
[7m  [0m[49m  [0m[49m  [0m[49m  [0m[49m  [0m[49m  [0m[49m  [0m[49m  [0m[7m  [0m[49m  [0m[7m  [0m[49m  [0m[7m  [0m[49m  [0m[7m  [0m[49m  [0m[7m  [0m[49m  [0m[7m  [0m[49m  [0m[49m  [0m[49m  [0m[49m  [0m[49m  [0m[49m  [0m[49m  [0m[7m  [0m
[7m  [0m[7m  [0m[7m  [0m[7m  [0m[7m  [0m[7m  [0m[7m  [0m[7m  [0m[7m  [0m[49m  [0m[7m  [0m[7m  [0m[49m  [0m[7m  [0m[7m  [0m[7m  [0m[7m  [0m[7m  [0m[7m  [0m[7m  [0m[7m  [0m[7m  [0m[7m  [0m[7m  [0m[7m  [0m[7m  [0m[7m  [0m
[7m  [0m[49m  [0m[49m  [0m[49m  [0m[7m  [0m[49m  [0m[49m  [0m[49m  [0m[49m  [0m[49m  [0m[7m  [0m[7m  [0m[7m  [0m[49m  [0m[49m  [0m[7m  [0m[49m  [0m[7m  [0m[49m  [0m[49m  [0m[7m  [0m[7m  [0m[7m  [0m[49m  [0m[7m  [0m[7m  [0m[7m  [0m
[7m  [0m[7m  [0m[49m  [0m[7m  [0m[49m  [0m[49m  [0m[49m  [0m[7m  [0m[49m  [0m[7m  [0m[49m  [0m[7m  [0m[49m  [0m[49m  [0m[7m  [0m[7m  [0m[7m  [0m[7m  [0m[49m  [0m[49m  [0m[49m  [0m[7m  [0m[7m  [0m[7m  [0m[49m  [0m[49m  [0m[7m  [0m
[7m  [0m[7m  [0m[7m  [0m[7m  [0m[7m  [0m[7m  [0m[49m  [0m[49m  [0m[49m  [0m[7m  [0m[7m  [0m[49m  [0m[49m  [0m[49m  [0m[7m  [0m[7m  [0m[49m  [0m[49m  [0m[7m  [0m[49m  [0m[7m  [0m[49m  [0m[49m  [0m[49m  [0m[49m  [0m[49m  [0m[7m  [0m
[7m  [0m[49m  [0m[49m  [0m[49m  [0m[7m  [0m[7m  [0m[7m  [0m[7m  [0m[49m  [0m[7m  [0m[49m  [0m[49m  [0m[7m  [0m[49m  [0m[7m  [0m[7m  [0m[7m  [0m[7m  [0m[49m  [0m[7m  [0m[49m  [0m[7m  [0m[7m  [0m[7m  [0m[49m  [0m[49m  [0m[7m  [0m
[7m  [0m[7m  [0m[49m  [0m[49m  [0m[7m  [0m[7m  [0m[7m  [0m[49m  [0m[7m  [0m[7m  [0m[7m  [0m[49m  [0m[49m  [0m[7m  [0m[49m  [0m[7m  [0m[7m  [0m[7m  [0m[49m  [0m[49m  [0m[7m  [0m[49m  [0m[7m  [0m[49m  [0m[7m  [0m[7m  [0m[7m  [0m
[7m  [0m[7m  [0m[49m  [0m[7m  [0m[7m  [0m[49m  [0m[49m  [0m[7m  [0m[49m  [0m[7m  [0m[7m  [0m[49m  [0m[49m  [0m[7m  [0m[49m  [0m[7m  [0m[49m  [0m[49m  [0m[49m  [0m[49m  [0m[7m  [0m[7m  [0m[7m  [0m[7m  [0m[49m  [0m[49m  [0m[7m  [0m
[7m  [0m[49m  [0m[7m  [0m[7m  [0m[49m  [0m[49m  [0m[49m  [0m[49m  [0m[49m  [0m[7m  [0m[7m  [0m[49m  [0m[7m  [0m[7m  [0m[7m  [0m[7m  [0m[7m  [0m[49m  [0m[7m  [0m[49m  [0m[7m  [0m[7m  [0m[7m  [0m[7m  [0m[7m  [0m[7m  [0m[7m  [0m
[7m  [0m[7m  [0m[49m  [0m[49m  [0m[7m  [0m[7m  [0m[7m  [0m[7m  [0m[49m  [0m[7m  [0m[49m  [0m[49m  [0m[49m  [0m[7m  [0m[7m  [0m[7m  [0m[49m  [0m[49m  [0m[7m  [0m[7m  [0m[7m  [0m[7m  [0m[49m  [0m[7m  [0m[7m  [0m[7m  [0m[7m  [0m
[7m  [0m[49m  [0m[7m  [0m[49m  [0m[7m  [0m[49m  [0m[49m  [0m[49m  [0m[7m  [0m[7m  [0m[49m  [0m[7m  [0m[7m  [0m[49m  [0m[49m  [0m[7m  [0m[7m  [0m[49m  [0m[49m  [0m[49m  [0m[49m  [0m[49m  [0m[49m  [0m[7m  [0m[7m  [0m[49m  [0m[7m  [0m
[7m  [0m[7m  [0m[7m  [0m[7m  [0m[7m  [0m[7m  [0m[7m  [0m[7m  [0m[7m  [0m[49m  [0m[7m  [0m[49m  [0m[49m  [0m[49m  [0m[49m  [0m[7m  [0m[7m  [0m[49m  [0m[7m  [0m[7m  [0m[7m  [0m[49m  [0m[7m  [0m[49m  [0m[7m  [0m[49m  [0m[7m  [0m
[7m  [0m[49m  [0m[49m  [0m[49m  [0m[49m  [0m[49m  [0m[49m  [0m[49m  [0m[7m  [0m[49m  [0m[7m  [0m[7m  [0m[49m  [0m[49m  [0m[7m  [0m[49m  [0m[49m  [0m[49m  [0m[7m  [0m[49m  [0m[7m  [0m[49m  [0m[49m  [0m[49m  [0m[7m  [0m[7m  [0m[7m  [0m
[7m  [0m[49m  [0m[7m  [0m[7m  [0m[7m  [0m[7m  [0m[7m  [0m[49m  [0m[7m  [0m[49m  [0m[49m  [0m[7m  [0m[7m  [0m[49m  [0m[49m  [0m[7m  [0m[7m  [0m[49m  [0m[7m  [0m[7m  [0m[7m  [0m[49m  [0m[7m  [0m[49m  [0m[7m  [0m[49m  [0m[7m  [0m
[7m  [0m[49m  [0m[7m  [0m[49m  [0m[49m  [0m[49m  [0m[7m  [0m[49m  [0m[7m  [0m[49m  [0m[7m  [0m[7m  [0m[49m  [0m[7m  [0m[7m  [0m[49m  [0m[49m  [0m[49m  [0m[49m  [0m[49m  [0m[49m  [0m[49m  [0m[49m  [0m[49m  [0m[49m  [0m[7m  [0m[7m  [0m
[7m  [0m[49m  [0m[7m  [0m[49m  [0m[49m  [0m[49m  [0m[7m  [0m[49m  [0m[7m  [0m[7m  [0m[49m  [0m[7m  [0m[49m  [0m[7m  [0m[7m  [0m[7m  [0m[7m  [0m[49m  [0m[49m  [0m[49m  [0m[7m  [0m[7m  [0m[49m  [0m[7m  [0m[49m  [0m[7m  [0m[7m  [0m
[7m  [0m[49m  [0m[7m  [0m[49m  [0m[49m  [0m[49m  [0m[7m  [0m[49m  [0m[7m  [0m[49m  [0m[7m  [0m[49m  [0m[7m  [0m[7m  [0m[49m  [0m[7m  [0m[7m  [0m[49m  [0m[49m  [0m[49m  [0m[49m  [0m[49m  [0m[49m  [0m[49m  [0m[7m  [0m[49m  [0m[7m  [0m
[7m  [0m[49m  [0m[7m  [0m[7m  [0m[7m  [0m[7m  [0m[7m  [0m[49m  [0m[7m  [0m[49m  [0m[49m  [0m[7m  [0m[49m  [0m[7m  [0m[7m  [0m[7m  [0m[49m  [0m[49m  [0m[7m  [0m[49m  [0m[7m  [0m[7m  [0m[7m  [0m[7m  [0m[49m  [0m[49m  [0m[7m  [0m
[7m  [0m[49m  [0m[49m  [0m[49m  [0m[49m  [0m[49m  [0m[49m  [0m[49m  [0m[7m  [0m[49m  [0m[49m  [0m[7m  [0m[7m  [0m[49m  [0m[7m  [0m[7m  [0m[7m  [0m[7m  [0m[49m  [0m[7m  [0m[7m  [0m[49m  [0m[7m  [0m[49m  [0m[7m  [0m[49m  [0m[7m  [0m
[7m  [0m[7m  [0m[7m  [0m[7m  [0m[7m  [0m[7m  [0m[7m  [0m[7m  [0m[7m  [0m[7m  [0m[7m  [0m[7m  [0m[7m  [0m[7m  [0m[7m  [0m[7m  [0m[7m  [0m[7m  [0m[7m  [0m[7m  [0m[7m  [0m[7m  [0m[7m  [0m[7m  [0m[7m  [0m[7m  [0m[7m  [0m

e8e0980f215da8.lhr.life tunneled with tls termination, https://e8e0980f215da8.lhr.life
create an account and add your key for a longer lasting domain name. see https://localhost.run/docs/forever-free/ for more information.
Open your tunnel address on your mobile with this QR:

[7m  [0m[7m  [0m[7m  [0m[7m  [0m[7m  [0m[7m  [0m[7m  [0m[7m  [0m[7m  [0m[7m  [0m[7m  [0m[7m  [0m[7m  [0m[7m  [0m[7m  [0m[7m  [0m[7m  [0m[7m  [0m[7m  [0m[7m  [0m[7m  [0m[7m  [0m[7m  [0m[7m  [0m[7m  [0m[7m  [0m[7m  [0m
[7m  [0m[49m  [0m[49m  [0m[49m  [0m[49m  [0m[49m  [0m[49m  [0m[49m  [0m[7m  [0m[49m  [0m[7m  [0m[7m  [0m[7m  [0m[7m  [0m[7m  [0m[7m  [0m[7m  [0m[7m  [0m[7m  [0m[49m  [0m[49m  [0m[49m  [0m[49m  [0m[49m  [0m[49m  [0m[49m  [0m[7m  [0m
[7m  [0m[49m  [0m[7m  [0m[7m  [0m[7m  [0m[7m  [0m[7m  [0m[49m  [0m[7m  [0m[49m  [0m[7m  [0m[7m  [0m[49m  [0m[49m  [0m[49m  [0m[49m  [0m[7m  [0m[49m  [0m[7m  [0m[49m  [0m[7m  [0m[7m  [0m[7m  [0m[7m  [0m[7m  [0m[49m  [0m[7m  [0m
[7m  [0m[49m  [0m[7m  [0m[49m  [0m[49m  [0m[49m  [0m[7m  [0m[49m  [0m[7m  [0m[49m  [0m[49m  [0m[7m  [0m[7m  [0m[49m  [0m[49m  [0m[7m  [0m[7m  [0m[49m  [0m[7m  [0m[49m  [0m[7m  [0m[49m  [0m[49m  [0m[49m  [0m[7m  [0m[49m  [0m[7m  [0m
[7m  [0m[49m  [0m[7m  [0m[49m  [0m[49m  [0m[49m  [0m[7m  [0m[49m  [0m[7m  [0m[49m  [0m[49m  [0m[49m  [0m[7m  [0m[49m  [0m[49m  [0m[49m  [0m[7m  [0m[7m  [0m[7m  [0m[49m  [0m[7m  [0m[49m  [0m[49m  [0m[49m  [0m[7m  [0m[49m  [0m[7m  [0m
[7m  [0m[49m  [0m[7m  [0m[49m  [0m[49m  [0m[49m  [0m[7m  [0m[49m  [0m[7m  [0m[7m  [0m[49m  [0m[49m  [0m[7m  [0m[49m  [0m[7m  [0m[49m  [0m[49m  [0m[7m  [0m[7m  [0m[49m  [0m[7m  [0m[49m  [0m[49m  [0m[49m  [0m[7m  [0m[49m  [0m[7m  [0m
[7m  [0m[49m  [0m[7m  [0m[7m  [0m[7m  [0m[7m  [0m[7m  [0m[49m  [0m[7m  [0m[49m  [0m[49m  [0m[49m  [0m[7m  [0m[7m  [0m[7m  [0m[7m  [0m[49m  [0m[49m  [0m[7m  [0m[49m  [0m[7m  [0m[7m  [0m[7m  [0m[7m  [0m[7m  [0m[49m  [0m[7m  [0m
[7m  [0m[49m  [0m[49m  [0m[49m  [0m[49m  [0m[49m  [0m[49m  [0m[49m  [0m[7m  [0m[49m  [0m[7m  [0m[49m  [0m[7m  [0m[49m  [0m[7m  [0m[49m  [0m[7m  [0m[49m  [0m[7m  [0m[49m  [0m[49m  [0m[49m  [0m[49m  [0m[49m  [0m[49m  [0m[49m  [0m[7m  [0m
[7m  [0m[7m  [0m[7m  [0m[7m  [0m[7m  [0m[7m  [0m[7m  [0m[7m  [0m[7m  [0m[7m  [0m[7m  [0m[49m  [0m[49m  [0m[7m  [0m[49m  [0m[7m  [0m[7m  [0m[49m  [0m[7m  [0m[7m  [0m[7m  [0m[7m  [0m[7m  [0m[7m  [0m[7m  [0m[7m  [0m[7m  [0m
[7m  [0m[49m  [0m[49m  [0m[7m  [0m[7m  [0m[49m  [0m[49m  [0m[49m  [0m[7m  [0m[7m  [0m[7m  [0m[49m  [0m[7m  [0m[49m  [0m[7m  [0m[7m  [0m[49m  [0m[49m  [0m[7m  [0m[7m  [0m[49m  [0m[7m  [0m[49m  [0m[49m  [0m[49m  [0m[49m  [0m[7m  [0m
[7m  [0m[49m  [0m[7m  [0m[49m  [0m[7m  [0m[7m  [0m[7m  [0m[7m  [0m[7m  [0m[49m  [0m[7m  [0m[7m  [0m[7m  [0m[7m  [0m[7m  [0m[49m  [0m[49m  [0m[7m  [0m[49m  [0m[7m  [0m[7m  [0m[49m  [0m[49m  [0m[7m  [0m[7m  [0m[7m  [0m[7m  [0m
[7m  [0m[7m  [0m[49m  [0m[49m  [0m[49m  [0m[7m  [0m[49m  [0m[49m  [0m[49m  [0m[7m  [0m[49m  [0m[49m  [0m[7m  [0m[7m  [0m[7m  [0m[49m  [0m[7m  [0m[49m  [0m[7m  [0m[7m  [0m[7m  [0m[49m  [0m[7m  [0m[49m  [0m[7m  [0m[7m  [0m[7m  [0m
[7m  [0m[7m  [0m[49m  [0m[49m  [0m[7m  [0m[7m  [0m[7m  [0m[7m  [0m[49m  [0m[49m  [0m[49m  [0m[7m  [0m[7m  [0m[49m  [0m[49m  [0m[7m  [0m[7m  [0m[49m  [0m[49m  [0m[7m  [0m[49m  [0m[7m  [0m[7m  [0m[49m  [0m[49m  [0m[49m  [0m[7m  [0m
[7m  [0m[49m  [0m[49m  [0m[49m  [0m[49m  [0m[49m  [0m[7m  [0m[49m  [0m[7m  [0m[49m  [0m[7m  [0m[7m  [0m[49m  [0m[7m  [0m[7m  [0m[7m  [0m[7m  [0m[49m  [0m[7m  [0m[49m  [0m[49m  [0m[49m  [0m[7m  [0m[7m  [0m[7m  [0m[7m  [0m[7m  [0m
[7m  [0m[49m  [0m[49m  [0m[49m  [0m[49m  [0m[7m  [0m[49m  [0m[7m  [0m[7m  [0m[7m  [0m[7m  [0m[49m  [0m[7m  [0m[49m  [0m[49m  [0m[49m  [0m[49m  [0m[49m  [0m[7m  [0m[49m  [0m[7m  [0m[7m  [0m[49m  [0m[7m  [0m[7m  [0m[7m  [0m[7m  [0m
[7m  [0m[7m  [0m[7m  [0m[49m  [0m[7m  [0m[7m  [0m[7m  [0m[49m  [0m[49m  [0m[49m  [0m[7m  [0m[49m  [0m[49m  [0m[49m  [0m[7m  [0m[49m  [0m[49m  [0m[49m  [0m[7m  [0m[7m  [0m[7m  [0m[49m  [0m[49m  [0m[7m  [0m[49m  [0m[49m  [0m[7m  [0m
[7m  [0m[7m  [0m[7m  [0m[7m  [0m[7m  [0m[49m  [0m[49m  [0m[7m  [0m[49m  [0m[7m  [0m[7m  [0m[7m  [0m[49m  [0m[7m  [0m[49m  [0m[7m  [0m[49m  [0m[7m  [0m[7m  [0m[49m  [0m[49m  [0m[49m  [0m[49m  [0m[49m  [0m[7m  [0m[7m  [0m[7m  [0m
[7m  [0m[49m  [0m[49m  [0m[49m  [0m[7m  [0m[7m  [0m[49m  [0m[49m  [0m[7m  [0m[7m  [0m[49m  [0m[7m  [0m[7m  [0m[49m  [0m[7m  [0m[7m  [0m[49m  [0m[49m  [0m[49m  [0m[49m  [0m[49m  [0m[49m  [0m[49m  [0m[49m  [0m[7m  [0m[49m  [0m[7m  [0m
[7m  [0m[7m  [0m[7m  [0m[7m  [0m[7m  [0m[7m  [0m[7m  [0m[7m  [0m[7m  [0m[49m  [0m[49m  [0m[7m  [0m[7m  [0m[7m  [0m[49m  [0m[49m  [0m[49m  [0m[49m  [0m[7m  [0m[7m  [0m[7m  [0m[49m  [0m[49m  [0m[49m  [0m[49m  [0m[7m  [0m[7m  [0m
[7m  [0m[49m  [0m[49m  [0m[49m  [0m[49m  [0m[49m  [0m[49m  [0m[49m  [0m[7m  [0m[7m  [0m[7m  [0m[49m  [0m[7m  [0m[7m  [0m[7m  [0m[7m  [0m[49m  [0m[49m  [0m[7m  [0m[49m  [0m[7m  [0m[49m  [0m[7m  [0m[49m  [0m[49m  [0m[49m  [0m[7m  [0m
[7m  [0m[49m  [0m[7m  [0m[7m  [0m[7m  [0m[7m  [0m[7m  [0m[49m  [0m[7m  [0m[49m  [0m[7m  [0m[7m  [0m[7m  [0m[49m  [0m[7m  [0m[7m  [0m[7m  [0m[49m  [0m[7m  [0m[7m  [0m[7m  [0m[49m  [0m[7m  [0m[7m  [0m[7m  [0m[49m  [0m[7m  [0m
[7m  [0m[49m  [0m[7m  [0m[49m  [0m[49m  [0m[49m  [0m[7m  [0m[49m  [0m[7m  [0m[49m  [0m[49m  [0m[7m  [0m[49m  [0m[7m  [0m[49m  [0m[49m  [0m[49m  [0m[49m  [0m[49m  [0m[49m  [0m[49m  [0m[49m  [0m[49m  [0m[7m  [0m[49m  [0m[7m  [0m[7m  [0m
[7m  [0m[49m  [0m[7m  [0m[49m  [0m[49m  [0m[49m  [0m[7m  [0m[49m  [0m[7m  [0m[7m  [0m[49m  [0m[7m  [0m[7m  [0m[49m  [0m[7m  [0m[49m  [0m[49m  [0m[7m  [0m[7m  [0m[7m  [0m[49m  [0m[49m  [0m[7m  [0m[7m  [0m[7m  [0m[49m  [0m[7m  [0m
[7m  [0m[49m  [0m[7m  [0m[49m  [0m[49m  [0m[49m  [0m[7m  [0m[49m  [0m[7m  [0m[7m  [0m[7m  [0m[49m  [0m[49m  [0m[49m  [0m[49m  [0m[49m  [0m[49m  [0m[49m  [0m[49m  [0m[7m  [0m[49m  [0m[7m  [0m[49m  [0m[7m  [0m[49m  [0m[7m  [0m[7m  [0m
[7m  [0m[49m  [0m[7m  [0m[7m  [0m[7m  [0m[7m  [0m[7m  [0m[49m  [0m[7m  [0m[49m  [0m[7m  [0m[49m  [0m[49m  [0m[7m  [0m[49m  [0m[7m  [0m[7m  [0m[7m  [0m[7m  [0m[7m  [0m[7m  [0m[49m  [0m[7m  [0m[49m  [0m[49m  [0m[49m  [0m[7m  [0m
[7m  [0m[49m  [0m[49m  [0m[49m  [0m[49m  [0m[49m  [0m[49m  [0m[49m  [0m[7m  [0m[49m  [0m[49m  [0m[49m  [0m[7m  [0m[49m  [0m[49m  [0m[7m  [0m[7m  [0m[49m  [0m[49m  [0m[49m  [0m[7m  [0m[7m  [0m[49m  [0m[49m  [0m[7m  [0m[49m  [0m[7m  [0m
[7m  [0m[7m  [0m[7m  [0m[7m  [0m[7m  [0m[7m  [0m[7m  [0m[7m  [0m[7m  [0m[7m  [0m[7m  [0m[7m  [0m[7m  [0m[7m  [0m[7m  [0m[7m  [0m[7m  [0m[7m  [0m[7m  [0m[7m  [0m[7m  [0m[7m  [0m[7m  [0m[7m  [0m[7m  [0m[7m  [0m[7m  [0m

9088ffad5e747f.lhr.life tunneled with tls termination, https://9088ffad5e747f.lhr.life
create an account and add your key for a longer lasting domain name. see https://localhost.run/docs/forever-free/ for more information.
Open your tunnel address on your mobile with this QR:

[7m  [0m[7m  [0m[7m  [0m[7m  [0m[7m  [0m[7m  [0m[7m  [0m[7m  [0m[7m  [0m[7m  [0m[7m  [0m[7m  [0m[7m  [0m[7m  [0m[7m  [0m[7m  [0m[7m  [0m[7m  [0m[7m  [0m[7m  [0m[7m  [0m[7m  [0m[7m  [0m[7m  [0m[7m  [0m[7m  [0m[7m  [0m
[7m  [0m[49m  [0m[49m  [0m[49m  [0m[49m  [0m[49m  [0m[49m  [0m[49m  [0m[7m  [0m[49m  [0m[49m  [0m[7m  [0m[7m  [0m[7m  [0m[49m  [0m[49m  [0m[49m  [0m[7m  [0m[7m  [0m[49m  [0m[49m  [0m[49m  [0m[49m  [0m[49m  [0m[49m  [0m[49m  [0m[7m  [0m
[7m  [0m[49m  [0m[7m  [0m[7m  [0m[7m  [0m[7m  [0m[7m  [0m[49m  [0m[7m  [0m[7m  [0m[7m  [0m[7m  [0m[7m  [0m[7m  [0m[7m  [0m[49m  [0m[7m  [0m[49m  [0m[7m  [0m[49m  [0m[7m  [0m[7m  [0m[7m  [0m[7m  [0m[7m  [0m[49m  [0m[7m  [0m
[7m  [0m[49m  [0m[7m  [0m[49m  [0m[49m  [0m[49m  [0m[7m  [0m[49m  [0m[7m  [0m[49m  [0m[7m  [0m[7m  [0m[49m  [0m[49m  [0m[7m  [0m[7m  [0m[49m  [0m[49m  [0m[7m  [0m[49m  [0m[7m  [0m[49m  [0m[49m  [0m[49m  [0m[7m  [0m[49m  [0m[7m  [0m
[7m  [0m[49m  [0m[7m  [0m[49m  [0m[49m  [0m[49m  [0m[7m  [0m[49m  [0m[7m  [0m[49m  [0m[49m  [0m[7m  [0m[49m  [0m[7m  [0m[49m  [0m[49m  [0m[7m  [0m[49m  [0m[7m  [0m[49m  [0m[7m  [0m[49m  [0m[49m  [0m[49m  [0m[7m  [0m[49m  [0m[7m  [0m
[7m  [0m[49m  [0m[7m  [0m[49m  [0m[49m  [0m[49m  [0m[7m  [0m[49m  [0m[7m  [0m[49m  [0m[49m  [0m[49m  [0m[49m  [0m[7m  [0m[49m  [0m[49m  [0m[49m  [0m[7m  [0m[7m  [0m[49m  [0m[7m  [0m[49m  [0m[49m  [0m[49m  [0m[7m  [0m[49m  [0m[7m  [0m
[7m  [0m[49m  [0m[7m  [0m[7m  [0m[7m  [0m[7m  [0m[7m  [0m[49m  [0m[7m  [0m[7m  [0m[49m  [0m[7m  [0m[7m  [0m[49m  [0m[7m  [0m[49m  [0m[49m  [0m[7m  [0m[7m  [0m[49m  [0m[7m  [0m[7m  [0m[7m  [0m[7m  [0m[7m  [0m[49m  [0m[7m  [0m
[7m  [0m[49m  [0m[49m  [0m[49m  [0m[49m  [0m[49m  [0m[49m  [0m[49m  [0m[7m  [0m[49m  [0m[7m  [0m[49m  [0m[7m  [0m[49m  [0m[7m  [0m[49m  [0m[7m  [0m[49m  [0m[7m  [0m[49m  [0m[49m  [0m[49m  [0m[49m  [0m[49m  [0m[49m  [0m[49m  [0m[7m  [0m
[7m  [0m[7m  [0m[7m  [0m[7m  [0m[7m  [0m[7m  [0m[7m  [0m[7m  [0m[7m  [0m[7m  [0m[49m  [0m[7m  [0m[49m  [0m[7m  [0m[49m  [0m[49m  [0m[49m  [0m[7m  [0m[7m  [0m[7m  [0m[7m  [0m[7m  [0m[7m  [0m[7m  [0m[7m  [0m[7m  [0m[7m  [0m
[7m  [0m[49m  [0m[49m  [0m[49m  [0m[49m  [0m[7m  [0m[7m  [0m[49m  [0m[7m  [0m[49m  [0m[7m  [0m[7m  [0m[7m  [0m[7m  [0m[7m  [0m[49m  [0m[49m  [0m[7m  [0m[49m  [0m[7m  [0m[7m  [0m[49m  [0m[49m  [0m[49m  [0m[7m  [0m[49m  [0m[7m  [0m
[7m  [0m[49m  [0m[49m  [0m[49m  [0m[7m  [0m[7m  [0m[49m  [0m[7m  [0m[7m  [0m[7m  [0m[49m  [0m[7m  [0m[7m  [0m[7m  [0m[49m  [0m[7m  [0m[7m  [0m[7m  [0m[7m  [0m[49m  [0m[49m  [0m[49m  [0m[7m  [0m[7m  [0m[7m  [0m[7m  [0m[7m  [0m
[7m  [0m[7m  [0m[49m  [0m[49m  [0m[7m  [0m[49m  [0m[7m  [0m[49m  [0m[7m  [0m[7m  [0m[7m  [0m[7m  [0m[7m  [0m[7m  [0m[7m  [0m[7m  [0m[49m  [0m[7m  [0m[49m  [0m[49m  [0m[7m  [0m[7m  [0m[49m  [0m[7m  [0m[7m  [0m[7m  [0m[7m  [0m
[7m  [0m[7m  [0m[7m  [0m[49m  [0m[7m  [0m[49m  [0m[7m  [0m[7m  [0m[7m  [0m[49m  [0m[7m  [0m[7m  [0m[49m  [0m[49m  [0m[7m  [0m[7m  [0m[49m  [0m[49m  [0m[7m  [0m[7m  [0m[49m  [0m[49m  [0m[49m  [0m[49m  [0m[7m  [0m[49m  [0m[7m  [0m
[7m  [0m[7m  [0m[7m  [0m[7m  [0m[49m  [0m[49m  [0m[49m  [0m[49m  [0m[49m  [0m[49m  [0m[49m  [0m[7m  [0m[49m  [0m[7m  [0m[49m  [0m[49m  [0m[49m  [0m[49m  [0m[49m  [0m[7m  [0m[7m  [0m[7m  [0m[49m  [0m[7m  [0m[7m  [0m[7m  [0m[7m  [0m
[7m  [0m[7m  [0m[7m  [0m[49m  [0m[7m  [0m[7m  [0m[7m  [0m[7m  [0m[7m  [0m[49m  [0m[49m  [0m[49m  [0m[49m  [0m[7m  [0m[7m  [0m[49m  [0m[7m  [0m[49m  [0m[49m  [0m[49m  [0m[7m  [0m[49m  [0m[49m  [0m[7m  [0m[49m  [0m[49m  [0m[7m  [0m
[7m  [0m[7m  [0m[49m  [0m[49m  [0m[7m  [0m[49m  [0m[49m  [0m[49m  [0m[7m  [0m[7m  [0m[7m  [0m[7m  [0m[7m  [0m[49m  [0m[49m  [0m[49m  [0m[7m  [0m[49m  [0m[49m  [0m[7m  [0m[49m  [0m[49m  [0m[7m  [0m[7m  [0m[7m  [0m[49m  [0m[7m  [0m
[7m  [0m[49m  [0m[7m  [0m[7m  [0m[49m  [0m[7m  [0m[7m  [0m[7m  [0m[49m  [0m[49m  [0m[49m  [0m[7m  [0m[7m  [0m[49m  [0m[49m  [0m[7m  [0m[7m  [0m[49m  [0m[49m  [0m[7m  [0m[49m  [0m[49m  [0m[49m  [0m[7m  [0m[49m  [0m[49m  [0m[7m  [0m
[7m  [0m[7m  [0m[7m  [0m[49m  [0m[7m  [0m[49m  [0m[49m  [0m[49m  [0m[7m  [0m[7m  [0m[49m  [0m[49m  [0m[49m  [0m[7m  [0m[49m  [0m[7m  [0m[49m  [0m[49m  [0m[49m  [0m[49m  [0m[49m  [0m[49m  [0m[49m  [0m[49m  [0m[49m  [0m[7m  [0m[7m  [0m
[7m  [0m[7m  [0m[7m  [0m[7m  [0m[7m  [0m[7m  [0m[7m  [0m[7m  [0m[7m  [0m[49m  [0m[7m  [0m[49m  [0m[7m  [0m[49m  [0m[49m  [0m[7m  [0m[49m  [0m[49m  [0m[7m  [0m[7m  [0m[7m  [0m[49m  [0m[49m  [0m[7m  [0m[49m  [0m[49m  [0m[7m  [0m
[7m  [0m[49m  [0m[49m  [0m[49m  [0m[49m  [0m[49m  [0m[49m  [0m[49m  [0m[7m  [0m[7m  [0m[7m  [0m[49m  [0m[49m  [0m[49m  [0m[7m  [0m[7m  [0m[7m  [0m[49m  [0m[7m  [0m[49m  [0m[7m  [0m[49m  [0m[7m  [0m[7m  [0m[7m  [0m[7m  [0m[7m  [0m
[7m  [0m[49m  [0m[7m  [0m[7m  [0m[7m  [0m[7m  [0m[7m  [0m[49m  [0m[7m  [0m[7m  [0m[49m  [0m[7m  [0m[7m  [0m[49m  [0m[7m  [0m[49m  [0m[49m  [0m[49m  [0m[7m  [0m[7m  [0m[7m  [0m[49m  [0m[49m  [0m[49m  [0m[7m  [0m[49m  [0m[7m  [0m
[7m  [0m[49m  [0m[7m  [0m[49m  [0m[49m  [0m[49m  [0m[7m  [0m[49m  [0m[7m  [0m[7m  [0m[7m  [0m[49m  [0m[49m  [0m[49m  [0m[49m  [0m[7m  [0m[7m  [0m[49m  [0m[49m  [0m[49m  [0m[49m  [0m[49m  [0m[49m  [0m[49m  [0m[49m  [0m[49m  [0m[7m  [0m
[7m  [0m[49m  [0m[7m  [0m[49m  [0m[49m  [0m[49m  [0m[7m  [0m[49m  [0m[7m  [0m[49m  [0m[49m  [0m[7m  [0m[7m  [0m[49m  [0m[49m  [0m[7m  [0m[49m  [0m[49m  [0m[7m  [0m[7m  [0m[7m  [0m[49m  [0m[49m  [0m[7m  [0m[7m  [0m[49m  [0m[7m  [0m
[7m  [0m[49m  [0m[7m  [0m[49m  [0m[49m  [0m[49m  [0m[7m  [0m[49m  [0m[7m  [0m[49m  [0m[7m  [0m[7m  [0m[49m  [0m[49m  [0m[49m  [0m[7m  [0m[7m  [0m[7m  [0m[49m  [0m[7m  [0m[7m  [0m[49m  [0m[49m  [0m[7m  [0m[49m  [0m[7m  [0m[7m  [0m
[7m  [0m[49m  [0m[7m  [0m[7m  [0m[7m  [0m[7m  [0m[7m  [0m[49m  [0m[7m  [0m[49m  [0m[7m  [0m[49m  [0m[7m  [0m[7m  [0m[7m  [0m[7m  [0m[49m  [0m[7m  [0m[49m  [0m[49m  [0m[7m  [0m[7m  [0m[7m  [0m[7m  [0m[7m  [0m[49m  [0m[7m  [0m
[7m  [0m[49m  [0m[49m  [0m[49m  [0m[49m  [0m[49m  [0m[49m  [0m[49m  [0m[7m  [0m[49m  [0m[7m  [0m[7m  [0m[7m  [0m[49m  [0m[7m  [0m[49m  [0m[7m  [0m[49m  [0m[7m  [0m[7m  [0m[49m  [0m[7m  [0m[7m  [0m[7m  [0m[7m  [0m[49m  [0m[7m  [0m
[7m  [0m[7m  [0m[7m  [0m[7m  [0m[7m  [0m[7m  [0m[7m  [0m[7m  [0m[7m  [0m[7m  [0m[7m  [0m[7m  [0m[7m  [0m[7m  [0m[7m  [0m[7m  [0m[7m  [0m[7m  [0m[7m  [0m[7m  [0m[7m  [0m[7m  [0m[7m  [0m[7m  [0m[7m  [0m[7m  [0m[7m  [0m

Timeout, server localhost.run not responding.
Pseudo-terminal will not be allocated because stdin is not a terminal.
ssh: connect to host localhost.run port 22: Connection timed out
Pseudo-terminal will not be allocated because stdin is not a terminal.
ssh: connect to host localhost.run port 22: Connection timed out
Pseudo-terminal will not be allocated because stdin is not a terminal.
ssh: connect to host localhost.run port 22: Connection timed out
Pseudo-terminal will not be allocated because stdin is not a terminal.
ssh: connect to host localhost.run port 22: Connection timed out
Pseudo-terminal will not be allocated because stdin is not a terminal.
ssh: connect to host localhost.run port 22: Connection timed out
Pseudo-terminal will not be allocated because stdin is not a terminal.
ssh: connect to host localhost.run port 22: Connection timed out
Pseudo-terminal will not be allocated because stdin is not a terminal.
ssh: connect to host localhost.run port 22: Connection timed out
Pseudo-terminal will not be allocated because stdin is not a terminal.
ssh: connect to host localhost.run port 22: Connection timed out
Pseudo-terminal will not be allocated because stdin is not a terminal.
ssh: connect to host localhost.run port 22: Connection timed out
Pseudo-terminal will not be allocated because stdin is not a terminal.
ssh: connect to host localhost.run port 22: Connection timed out
Pseudo-terminal will not be allocated because stdin is not a terminal.
ssh: connect to host localhost.run port 22: Connection timed out
Pseudo-terminal will not be allocated because stdin is not a terminal.
ssh: connect to host localhost.run port 22: Connection timed out
Pseudo-terminal will not be allocated because stdin is not a terminal.
ssh: connect to host localhost.run port 22: Connection timed out
Pseudo-terminal will not be allocated because stdin is not a terminal.
ssh: connect to host localhost.run port 22: Connection timed out
Pseudo-terminal will not be allocated because stdin is not a terminal.
ssh: connect to host localhost.run port 22: Connection timed out
Pseudo-terminal will not be allocated because stdin is not a terminal.
ssh: connect to host localhost.run port 22: Connection timed out
Pseudo-terminal will not be allocated because stdin is not a terminal.
ssh: connect to host localhost.run port 22: Connection timed out
Pseudo-terminal will not be allocated because stdin is not a terminal.
ssh: connect to host localhost.run port 22: Connection timed out
Pseudo-terminal will not be allocated because stdin is not a terminal.
ssh: connect to host localhost.run port 22: Connection timed out
Pseudo-terminal will not be allocated because stdin is not a terminal.
ssh: connect to host localhost.run port 22: Connection timed out
Pseudo-terminal will not be allocated because stdin is not a terminal.
ssh: connect to host localhost.run port 22: Connection timed out
Pseudo-terminal will not be allocated because stdin is not a terminal.
ssh: connect to host localhost.run port 22: Connection timed out
Pseudo-terminal will not be allocated because stdin is not a terminal.
ssh: connect to host localhost.run port 22: Connection timed out
Pseudo-terminal will not be allocated because stdin is not a terminal.
ssh: connect to host localhost.run port 22: Connection timed out
Pseudo-terminal will not be allocated because stdin is not a terminal.
ssh: connect to host localhost.run port 22: Connection timed out
Pseudo-terminal will not be allocated because stdin is not a terminal.
ssh: connect to host localhost.run port 22: Connection timed out
Pseudo-terminal will not be allocated because stdin is not a terminal.
ssh: connect to host localhost.run port 22: Connection timed out
Pseudo-terminal will not be allocated because stdin is not a terminal.
ssh: connect to host localhost.run port 22: Connection timed out
Pseudo-terminal will not be allocated because stdin is not a terminal.
ssh: connect to host localhost.run port 22: Connection timed out
Pseudo-terminal will not be allocated because stdin is not a terminal.
ssh: connect to host localhost.run port 22: Connection timed out
Pseudo-terminal will not be allocated because stdin is not a terminal.
ssh: connect to host localhost.run port 22: Connection timed out
Pseudo-terminal will not be allocated because stdin is not a terminal.
ssh: connect to host localhost.run port 22: Connection timed out
Pseudo-terminal will not be allocated because stdin is not a terminal.
ssh: connect to host localhost.run port 22: Connection timed out
Pseudo-terminal will not be allocated because stdin is not a terminal.
ssh: connect to host localhost.run port 22: Connection timed out
Pseudo-terminal will not be allocated because stdin is not a terminal.
ssh: connect to host localhost.run port 22: Connection timed out
Pseudo-terminal will not be allocated because stdin is not a terminal.
ssh: connect to host localhost.run port 22: Connection timed out
Pseudo-terminal will not be allocated because stdin is not a terminal.
ssh: connect to host localhost.run port 22: Connection timed out
Pseudo-terminal will not be allocated because stdin is not a terminal.
ssh: connect to host localhost.run port 22: Connection timed out
Pseudo-terminal will not be allocated because stdin is not a terminal.
ssh: connect to host localhost.run port 22: Connection timed out
Pseudo-terminal will not be allocated because stdin is not a terminal.
ssh: connect to host localhost.run port 22: Connection timed out
Pseudo-terminal will not be allocated because stdin is not a terminal.
ssh: connect to host localhost.run port 22: Connection timed out
Pseudo-terminal will not be allocated because stdin is not a terminal.
ssh: connect to host localhost.run port 22: Connection timed out
Pseudo-terminal will not be allocated because stdin is not a terminal.
ssh: connect to host localhost.run port 22: Connection timed out
Pseudo-terminal will not be allocated because stdin is not a terminal.
ssh: connect to host localhost.run port 22: Connection timed out
Pseudo-terminal will not be allocated because stdin is not a terminal.
ssh: connect to host localhost.run port 22: Connection timed out
Pseudo-terminal will not be allocated because stdin is not a terminal.
ssh: connect to host localhost.run port 22: Connection timed out
Pseudo-terminal will not be allocated because stdin is not a terminal.
ssh: connect to host localhost.run port 22: Connection timed out
Pseudo-terminal will not be allocated because stdin is not a terminal.
ssh: connect to host localhost.run port 22: Connection timed out
Pseudo-terminal will not be allocated because stdin is not a terminal.
ssh: connect to host localhost.run port 22: Connection timed out
Pseudo-terminal will not be allocated because stdin is not a terminal.
ssh: connect to host localhost.run port 22: Connection timed out
Pseudo-terminal will not be allocated because stdin is not a terminal.
ssh: connect to host localhost.run port 22: Connection timed out
Pseudo-terminal will not be allocated because stdin is not a terminal.
ssh: connect to host localhost.run port 22: Connection timed out
Pseudo-terminal will not be allocated because stdin is not a terminal.
ssh: connect to host localhost.run port 22: Connection timed out
Pseudo-terminal will not be allocated because stdin is not a terminal.
ssh: connect to host localhost.run port 22: Connection timed out
Pseudo-terminal will not be allocated because stdin is not a terminal.
ssh: connect to host localhost.run port 22: Connection timed out
Pseudo-terminal will not be allocated because stdin is not a terminal.
ssh: connect to host localhost.run port 22: Connection timed out
Pseudo-terminal will not be allocated because stdin is not a terminal.
ssh: connect to host localhost.run port 22: Connection timed out
Pseudo-terminal will not be allocated because stdin is not a terminal.
ssh: connect to host localhost.run port 22: Connection timed out
Pseudo-terminal will not be allocated because stdin is not a terminal.
ssh: connect to host localhost.run port 22: Connection timed out
Pseudo-terminal will not be allocated because stdin is not a terminal.
ssh: connect to host localhost.run port 22: Connection timed out
Pseudo-terminal will not be allocated because stdin is not a terminal.
ssh: connect to host localhost.run port 22: Connection timed out
Pseudo-terminal will not be allocated because stdin is not a terminal.
ssh: connect to host localhost.run port 22: Connection timed out
Pseudo-terminal will not be allocated because stdin is not a terminal.
ssh: connect to host localhost.run port 22: Connection timed out
Pseudo-terminal will not be allocated because stdin is not a terminal.
ssh: connect to host localhost.run port 22: Connection timed out
Pseudo-terminal will not be allocated because stdin is not a terminal.
ssh: connect to host localhost.run port 22: Connection timed out
Pseudo-terminal will not be allocated because stdin is not a terminal.
ssh: connect to host localhost.run port 22: Connection timed out
Pseudo-terminal will not be allocated because stdin is not a terminal.
ssh: connect to host localhost.run port 22: Connection timed out
Pseudo-terminal will not be allocated because stdin is not a terminal.
ssh: connect to host localhost.run port 22: Connection timed out
Pseudo-terminal will not be allocated because stdin is not a terminal.
ssh: connect to host localhost.run port 22: Connection timed out
Pseudo-terminal will not be allocated because stdin is not a terminal.
ssh: connect to host localhost.run port 22: Connection timed out
Pseudo-terminal will not be allocated because stdin is not a terminal.
ssh: connect to host localhost.run port 22: Connection timed out
Pseudo-terminal will not be allocated because stdin is not a terminal.
ssh: connect to host localhost.run port 22: Connection timed out
Pseudo-terminal will not be allocated because stdin is not a terminal.
ssh: connect to host localhost.run port 22: Connection timed out
Pseudo-terminal will not be allocated because stdin is not a terminal.
ssh: connect to host localhost.run port 22: Connection timed out
Pseudo-terminal will not be allocated because stdin is not a terminal.
ssh: connect to host localhost.run port 22: Connection timed out
Pseudo-terminal will not be allocated because stdin is not a terminal.
ssh: connect to host localhost.run port 22: Connection timed out
Pseudo-terminal will not be allocated because stdin is not a terminal.
ssh: connect to host localhost.run port 22: Connection timed out
Pseudo-terminal will not be allocated because stdin is not a terminal.
ssh: connect to host localhost.run port 22: Connection timed out
Pseudo-terminal will not be allocated because stdin is not a terminal.
ssh: connect to host localhost.run port 22: Connection timed out
Pseudo-terminal will not be allocated because stdin is not a terminal.
ssh: connect to host localhost.run port 22: Connection timed out
Pseudo-terminal will not be allocated because stdin is not a terminal.
ssh: connect to host localhost.run port 22: Connection timed out
Pseudo-terminal will not be allocated because stdin is not a terminal.
ssh: connect to host localhost.run port 22: Connection timed out
Pseudo-terminal will not be allocated because stdin is not a terminal.
ssh: connect to host localhost.run port 22: Connection timed out
Pseudo-terminal will not be allocated because stdin is not a terminal.
ssh: connect to host localhost.run port 22: Connection timed out
Pseudo-terminal will not be allocated because stdin is not a terminal.
ssh: connect to host localhost.run port 22: Connection timed out
Pseudo-terminal will not be allocated because stdin is not a terminal.
ssh: connect to host localhost.run port 22: Connection timed out
Pseudo-terminal will not be allocated because stdin is not a terminal.
ssh: connect to host localhost.run port 22: Connection timed out
Pseudo-terminal will not be allocated because stdin is not a terminal.
ssh: connect to host localhost.run port 22: Connection timed out
Pseudo-terminal will not be allocated because stdin is not a terminal.
ssh: connect to host localhost.run port 22: Connection timed out
Pseudo-terminal will not be allocated because stdin is not a terminal.
ssh: connect to host localhost.run port 22: Connection timed out
Pseudo-terminal will not be allocated because stdin is not a terminal.
ssh: connect to host localhost.run port 22: Connection timed out
Pseudo-terminal will not be allocated because stdin is not a terminal.
ssh: connect to host localhost.run port 22: Connection timed out
Pseudo-terminal will not be allocated because stdin is not a terminal.
ssh: connect to host localhost.run port 22: Connection timed out
Pseudo-terminal will not be allocated because stdin is not a terminal.
ssh: connect to host localhost.run port 22: Connection timed out
Pseudo-terminal will not be allocated because stdin is not a terminal.
ssh: connect to host localhost.run port 22: Connection timed out
Pseudo-terminal will not be allocated because stdin is not a terminal.
ssh: connect to host localhost.run port 22: Connection timed out
Pseudo-terminal will not be allocated because stdin is not a terminal.
ssh: connect to host localhost.run port 22: Connection timed out
Pseudo-terminal will not be allocated because stdin is not a terminal.
ssh: connect to host localhost.run port 22: Connection timed out
Pseudo-terminal will not be allocated because stdin is not a terminal.
ssh: connect to host localhost.run port 22: Connection timed out
Pseudo-terminal will not be allocated because stdin is not a terminal.
ssh: connect to host localhost.run port 22: Connection timed out
Pseudo-terminal will not be allocated because stdin is not a terminal.
ssh: connect to host localhost.run port 22: Connection timed out
Pseudo-terminal will not be allocated because stdin is not a terminal.
ssh: connect to host localhost.run port 22: Connection timed out
Pseudo-terminal will not be allocated because stdin is not a terminal.
ssh: connect to host localhost.run port 22: Connection timed out
Pseudo-terminal will not be allocated because stdin is not a terminal.
ssh: connect to host localhost.run port 22: Connection timed out
Pseudo-terminal will not be allocated because stdin is not a terminal.
ssh: connect to host localhost.run port 22: Connection timed out
Pseudo-terminal will not be allocated because stdin is not a terminal.
ssh: connect to host localhost.run port 22: Connection timed out
Pseudo-terminal will not be allocated because stdin is not a terminal.
ssh: connect to host localhost.run port 22: Connection timed out
Pseudo-terminal will not be allocated because stdin is not a terminal.
ssh: connect to host localhost.run port 22: Connection timed out
Pseudo-terminal will not be allocated because stdin is not a terminal.
ssh: connect to host localhost.run port 22: Connection timed out
Pseudo-terminal will not be allocated because stdin is not a terminal.
ssh: connect to host localhost.run port 22: Connection timed out
Pseudo-terminal will not be allocated because stdin is not a terminal.
ssh: connect to host localhost.run port 22: Connection timed out
Pseudo-terminal will not be allocated because stdin is not a terminal.
ssh: connect to host localhost.run port 22: Connection timed out
Pseudo-terminal will not be allocated because stdin is not a terminal.
ssh: connect to host localhost.run port 22: Connection timed out
Pseudo-terminal will not be allocated because stdin is not a terminal.
ssh: connect to host localhost.run port 22: Connection timed out
Pseudo-terminal will not be allocated because stdin is not a terminal.
ssh: connect to host localhost.run port 22: Connection timed out
Pseudo-terminal will not be allocated because stdin is not a terminal.
ssh: connect to host localhost.run port 22: Connection timed out
Pseudo-terminal will not be allocated because stdin is not a terminal.
ssh: connect to host localhost.run port 22: Connection timed out
Pseudo-terminal will not be allocated because stdin is not a terminal.
ssh: connect to host localhost.run port 22: Connection timed out
Pseudo-terminal will not be allocated because stdin is not a terminal.
ssh: connect to host localhost.run port 22: Connection timed out
Pseudo-terminal will not be allocated because stdin is not a terminal.
ssh: connect to host localhost.run port 22: Connection timed out
Pseudo-terminal will not be allocated because stdin is not a terminal.
ssh: connect to host localhost.run port 22: Connection timed out
Pseudo-terminal will not be allocated because stdin is not a terminal.
ssh: connect to host localhost.run port 22: Connection timed out
Pseudo-terminal will not be allocated because stdin is not a terminal.
ssh: connect to host localhost.run port 22: Connection timed out
Pseudo-terminal will not be allocated because stdin is not a terminal.
ssh: connect to host localhost.run port 22: Connection timed out
Pseudo-terminal will not be allocated because stdin is not a terminal.
ssh: connect to host localhost.run port 22: Connection timed out
Pseudo-terminal will not be allocated because stdin is not a terminal.
ssh: connect to host localhost.run port 22: Connection timed out
Pseudo-terminal will not be allocated because stdin is not a terminal.
ssh: connect to host localhost.run port 22: Connection timed out
Pseudo-terminal will not be allocated because stdin is not a terminal.
ssh: connect to host localhost.run port 22: Connection timed out
Pseudo-terminal will not be allocated because stdin is not a terminal.
ssh: connect to host localhost.run port 22: Connection timed out
Pseudo-terminal will not be allocated because stdin is not a terminal.
ssh: connect to host localhost.run port 22: Connection timed out
Pseudo-terminal will not be allocated because stdin is not a terminal.
ssh: connect to host localhost.run port 22: Connection timed out
Pseudo-terminal will not be allocated because stdin is not a terminal.
ssh: connect to host localhost.run port 22: Connection timed out
Pseudo-terminal will not be allocated because stdin is not a terminal.
ssh: connect to host localhost.run port 22: Connection timed out
Pseudo-terminal will not be allocated because stdin is not a terminal.
ssh: connect to host localhost.run port 22: Connection timed out
Pseudo-terminal will not be allocated because stdin is not a terminal.
ssh: connect to host localhost.run port 22: Connection timed out
Pseudo-terminal will not be allocated because stdin is not a terminal.
ssh: connect to host localhost.run port 22: Connection timed out
Pseudo-terminal will not be allocated because stdin is not a terminal.
ssh: connect to host localhost.run port 22: Connection timed out
Pseudo-terminal will not be allocated because stdin is not a terminal.
ssh: connect to host localhost.run port 22: Connection timed out
Pseudo-terminal will not be allocated because stdin is not a terminal.
ssh: connect to host localhost.run port 22: Connection timed out
Pseudo-terminal will not be allocated because stdin is not a terminal.
ssh: connect to host localhost.run port 22: Connection timed out
Pseudo-terminal will not be allocated because stdin is not a terminal.
ssh: connect to host localhost.run port 22: Connection timed out
Pseudo-terminal will not be allocated because stdin is not a terminal.
ssh: connect to host localhost.run port 22: Connection timed out
Pseudo-terminal will not be allocated because stdin is not a terminal.
ssh: connect to host localhost.run port 22: Connection timed out
Pseudo-terminal will not be allocated because stdin is not a terminal.
ssh: connect to host localhost.run port 22: Connection timed out
Pseudo-terminal will not be allocated because stdin is not a terminal.
ssh: connect to host localhost.run port 22: Connection timed out
Pseudo-terminal will not be allocated because stdin is not a terminal.
ssh: connect to host localhost.run port 22: Connection timed out
Pseudo-terminal will not be allocated because stdin is not a terminal.
ssh: connect to host localhost.run port 22: Connection timed out
Pseudo-terminal will not be allocated because stdin is not a terminal.
ssh: connect to host localhost.run port 22: Connection timed out
Pseudo-terminal will not be allocated because stdin is not a terminal.
ssh: connect to host localhost.run port 22: Connection timed out
Pseudo-terminal will not be allocated because stdin is not a terminal.
ssh: connect to host localhost.run port 22: Connection timed out
Pseudo-terminal will not be allocated because stdin is not a terminal.
ssh: connect to host localhost.run port 22: Connection timed out
Pseudo-terminal will not be allocated because stdin is not a terminal.
ssh: connect to host localhost.run port 22: Connection timed out
Pseudo-terminal will not be allocated because stdin is not a terminal.
ssh: connect to host localhost.run port 22: Connection timed out
Pseudo-terminal will not be allocated because stdin is not a terminal.
ssh: connect to host localhost.run port 22: Connection timed out
Pseudo-terminal will not be allocated because stdin is not a terminal.
ssh: connect to host localhost.run port 22: Connection timed out
Pseudo-terminal will not be allocated because stdin is not a terminal.
ssh: connect to host localhost.run port 22: Connection timed out
Pseudo-terminal will not be allocated because stdin is not a terminal.
ssh: connect to host localhost.run port 22: Connection timed out
Pseudo-terminal will not be allocated because stdin is not a terminal.
ssh: connect to host localhost.run port 22: Connection timed out
Pseudo-terminal will not be allocated because stdin is not a terminal.
ssh: connect to host localhost.run port 22: Connection timed out
Pseudo-terminal will not be allocated because stdin is not a terminal.
ssh: connect to host localhost.run port 22: Connection timed out
Pseudo-terminal will not be allocated because stdin is not a terminal.
ssh: connect to host localhost.run port 22: Connection timed out
Pseudo-terminal will not be allocated because stdin is not a terminal.
ssh: connect to host localhost.run port 22: Connection timed out
Pseudo-terminal will not be allocated because stdin is not a terminal.
ssh: connect to host localhost.run port 22: Connection timed out
Pseudo-terminal will not be allocated because stdin is not a terminal.
ssh: connect to host localhost.run port 22: Connection timed out
Pseudo-terminal will not be allocated because stdin is not a terminal.
ssh: connect to host localhost.run port 22: Connection timed out
Pseudo-terminal will not be allocated because stdin is not a terminal.
ssh: connect to host localhost.run port 22: Connection timed out
Pseudo-terminal will not be allocated because stdin is not a terminal.
ssh: connect to host localhost.run port 22: Connection timed out
Pseudo-terminal will not be allocated because stdin is not a terminal.
ssh: connect to host localhost.run port 22: Connection timed out
Pseudo-terminal will not be allocated because stdin is not a terminal.
ssh: connect to host localhost.run port 22: Connection timed out
Pseudo-terminal will not be allocated because stdin is not a terminal.
ssh: connect to host localhost.run port 22: Connection timed out
Pseudo-terminal will not be allocated because stdin is not a terminal.
ssh: connect to host localhost.run port 22: Connection timed out
Pseudo-terminal will not be allocated because stdin is not a terminal.
ssh: connect to host localhost.run port 22: Connection timed out
Pseudo-terminal will not be allocated because stdin is not a terminal.
ssh: connect to host localhost.run port 22: Connection timed out
Pseudo-terminal will not be allocated because stdin is not a terminal.
ssh: connect to host localhost.run port 22: Connection timed out
Pseudo-terminal will not be allocated because stdin is not a terminal.
ssh: connect to host localhost.run port 22: Connection timed out
Pseudo-terminal will not be allocated because stdin is not a terminal.
ssh: connect to host localhost.run port 22: Connection timed out
Pseudo-terminal will not be allocated because stdin is not a terminal.
ssh: connect to host localhost.run port 22: Connection timed out
Pseudo-terminal will not be allocated because stdin is not a terminal.
ssh: connect to host localhost.run port 22: Connection timed out
Pseudo-terminal will not be allocated because stdin is not a terminal.
ssh: connect to host localhost.run port 22: Connection timed out
Pseudo-terminal will not be allocated because stdin is not a terminal.
ssh: connect to host localhost.run port 22: Connection timed out
Pseudo-terminal will not be allocated because stdin is not a terminal.
ssh: connect to host localhost.run port 22: Connection timed out
Pseudo-terminal will not be allocated because stdin is not a terminal.
ssh: connect to host localhost.run port 22: Connection timed out
Pseudo-terminal will not be allocated because stdin is not a terminal.
ssh: connect to host localhost.run port 22: Connection timed out
Pseudo-terminal will not be allocated because stdin is not a terminal.
ssh: connect to host localhost.run port 22: Connection timed out
Pseudo-terminal will not be allocated because stdin is not a terminal.
ssh: connect to host localhost.run port 22: Connection timed out
Pseudo-terminal will not be allocated because stdin is not a terminal.
ssh: connect to host localhost.run port 22: Connection timed out
Pseudo-terminal will not be allocated because stdin is not a terminal.
ssh: connect to host localhost.run port 22: Connection timed out
Pseudo-terminal will not be allocated because stdin is not a terminal.
ssh: connect to host localhost.run port 22: Connection timed out
Pseudo-terminal will not be allocated because stdin is not a terminal.
ssh: connect to host localhost.run port 22: Connection timed out
Pseudo-terminal will not be allocated because stdin is not a terminal.
ssh: connect to host localhost.run port 22: Connection timed out
Pseudo-terminal will not be allocated because stdin is not a terminal.
ssh: connect to host localhost.run port 22: Connection timed out
Pseudo-terminal will not be allocated because stdin is not a terminal.
ssh: connect to host localhost.run port 22: Connection timed out
Pseudo-terminal will not be allocated because stdin is not a terminal.
ssh: connect to host localhost.run port 22: Connection timed out
Pseudo-terminal will not be allocated because stdin is not a terminal.
ssh: connect to host localhost.run port 22: Connection timed out
Pseudo-terminal will not be allocated because stdin is not a terminal.
ssh: connect to host localhost.run port 22: Connection timed out
Pseudo-terminal will not be allocated because stdin is not a terminal.
ssh: connect to host localhost.run port 22: Connection timed out
Pseudo-terminal will not be allocated because stdin is not a terminal.
ssh: connect to host localhost.run port 22: Connection timed out
Pseudo-terminal will not be allocated because stdin is not a terminal.
ssh: connect to host localhost.run port 22: Connection timed out
Pseudo-terminal will not be allocated because stdin is not a terminal.
ssh: connect to host localhost.run port 22: Connection timed out
Pseudo-terminal will not be allocated because stdin is not a terminal.
ssh: connect to host localhost.run port 22: Connection timed out
Pseudo-terminal will not be allocated because stdin is not a terminal.
ssh: connect to host localhost.run port 22: Connection timed out
Pseudo-terminal will not be allocated because stdin is not a terminal.
ssh: connect to host localhost.run port 22: Connection timed out
Pseudo-terminal will not be allocated because stdin is not a terminal.
ssh: connect to host localhost.run port 22: Connection timed out
Pseudo-terminal will not be allocated because stdin is not a terminal.
ssh: connect to host localhost.run port 22: Connection timed out
Pseudo-terminal will not be allocated because stdin is not a terminal.
ssh: connect to host localhost.run port 22: Connection timed out
Pseudo-terminal will not be allocated because stdin is not a terminal.
ssh: connect to host localhost.run port 22: Connection timed out
Pseudo-terminal will not be allocated because stdin is not a terminal.
ssh: connect to host localhost.run port 22: Connection timed out
Pseudo-terminal will not be allocated because stdin is not a terminal.
ssh: connect to host localhost.run port 22: Connection timed out
Pseudo-terminal will not be allocated because stdin is not a terminal.
ssh: connect to host localhost.run port 22: Connection timed out
Pseudo-terminal will not be allocated because stdin is not a terminal.
ssh: connect to host localhost.run port 22: Connection timed out
Pseudo-terminal will not be allocated because stdin is not a terminal.
ssh: connect to host localhost.run port 22: Connection timed out
Pseudo-terminal will not be allocated because stdin is not a terminal.
ssh: connect to host localhost.run port 22: Connection timed out
Pseudo-terminal will not be allocated because stdin is not a terminal.
ssh: connect to host localhost.run port 22: Connection timed out
Pseudo-terminal will not be allocated because stdin is not a terminal.
ssh: connect to host localhost.run port 22: Connection timed out
Pseudo-terminal will not be allocated because stdin is not a terminal.
ssh: connect to host localhost.run port 22: Connection timed out
Pseudo-terminal will not be allocated because stdin is not a terminal.
ssh: connect to host localhost.run port 22: Connection timed out
Pseudo-terminal will not be allocated because stdin is not a terminal.
ssh: connect to host localhost.run port 22: Connection timed out
Pseudo-terminal will not be allocated because stdin is not a terminal.
ssh: connect to host localhost.run port 22: Connection timed out
Pseudo-terminal will not be allocated because stdin is not a terminal.
ssh: connect to host localhost.run port 22: Connection timed out
Pseudo-terminal will not be allocated because stdin is not a terminal.
ssh: connect to host localhost.run port 22: Connection timed out
Pseudo-terminal will not be allocated because stdin is not a terminal.
ssh: connect to host localhost.run port 22: Connection timed out
Pseudo-terminal will not be allocated because stdin is not a terminal.
ssh: connect to host localhost.run port 22: Connection timed out
Pseudo-terminal will not be allocated because stdin is not a terminal.
ssh: connect to host localhost.run port 22: Connection timed out
Pseudo-terminal will not be allocated because stdin is not a terminal.

===============================================================================
Welcome to localhost.run!

Follow your favourite reverse tunnel at [https://twitter.com/localhost_run].

To set up and manage custom domains go to https://admin.localhost.run/

More details on custom domains (and how to enable subdomains of your custom
domain) at https://localhost.run/docs/custom-domains

If you get a permission denied error check the faq for how to connect with a key or
create a free tunnel without a key at [http://localhost:3000/docs/faq#generating-an-ssh-key].

To explore using localhost.run visit the documentation site:
https://localhost.run/docs/

===============================================================================

** your connection id is 16f72c00-ea5d-478e-891a-22c4f2346f02, please mention it if you send me a message about an issue. **

authenticated as anonymous user
f974deae95be28.lhr.life tunneled with tls termination, https://f974deae95be28.lhr.life
create an account and add your key for a longer lasting domain name. see https://localhost.run/docs/forever-free/ for more information.
Open your tunnel address on your mobile with this QR:

[7m  [0m[7m  [0m[7m  [0m[7m  [0m[7m  [0m[7m  [0m[7m  [0m[7m  [0m[7m  [0m[7m  [0m[7m  [0m[7m  [0m[7m  [0m[7m  [0m[7m  [0m[7m  [0m[7m  [0m[7m  [0m[7m  [0m[7m  [0m[7m  [0m[7m  [0m[7m  [0m[7m  [0m[7m  [0m[7m  [0m[7m  [0m
[7m  [0m[49m  [0m[49m  [0m[49m  [0m[49m  [0m[49m  [0m[49m  [0m[49m  [0m[7m  [0m[7m  [0m[7m  [0m[49m  [0m[7m  [0m[7m  [0m[49m  [0m[7m  [0m[7m  [0m[49m  [0m[7m  [0m[49m  [0m[49m  [0m[49m  [0m[49m  [0m[49m  [0m[49m  [0m[49m  [0m[7m  [0m
[7m  [0m[49m  [0m[7m  [0m[7m  [0m[7m  [0m[7m  [0m[7m  [0m[49m  [0m[7m  [0m[49m  [0m[49m  [0m[49m  [0m[7m  [0m[7m  [0m[7m  [0m[7m  [0m[49m  [0m[7m  [0m[7m  [0m[49m  [0m[7m  [0m[7m  [0m[7m  [0m[7m  [0m[7m  [0m[49m  [0m[7m  [0m
[7m  [0m[49m  [0m[7m  [0m[49m  [0m[49m  [0m[49m  [0m[7m  [0m[49m  [0m[7m  [0m[49m  [0m[7m  [0m[7m  [0m[7m  [0m[7m  [0m[49m  [0m[7m  [0m[49m  [0m[49m  [0m[7m  [0m[49m  [0m[7m  [0m[49m  [0m[49m  [0m[49m  [0m[7m  [0m[49m  [0m[7m  [0m
[7m  [0m[49m  [0m[7m  [0m[49m  [0m[49m  [0m[49m  [0m[7m  [0m[49m  [0m[7m  [0m[7m  [0m[49m  [0m[7m  [0m[7m  [0m[49m  [0m[7m  [0m[49m  [0m[7m  [0m[49m  [0m[7m  [0m[49m  [0m[7m  [0m[49m  [0m[49m  [0m[49m  [0m[7m  [0m[49m  [0m[7m  [0m
[7m  [0m[49m  [0m[7m  [0m[49m  [0m[49m  [0m[49m  [0m[7m  [0m[49m  [0m[7m  [0m[49m  [0m[49m  [0m[49m  [0m[7m  [0m[49m  [0m[7m  [0m[49m  [0m[49m  [0m[7m  [0m[7m  [0m[49m  [0m[7m  [0m[49m  [0m[49m  [0m[49m  [0m[7m  [0m[49m  [0m[7m  [0m
[7m  [0m[49m  [0m[7m  [0m[7m  [0m[7m  [0m[7m  [0m[7m  [0m[49m  [0m[7m  [0m[49m  [0m[7m  [0m[49m  [0m[7m  [0m[49m  [0m[7m  [0m[7m  [0m[7m  [0m[49m  [0m[7m  [0m[49m  [0m[7m  [0m[7m  [0m[7m  [0m[7m  [0m[7m  [0m[49m  [0m[7m  [0m
[7m  [0m[49m  [0m[49m  [0m[49m  [0m[49m  [0m[49m  [0m[49m  [0m[49m  [0m[7m  [0m[49m  [0m[7m  [0m[49m  [0m[7m  [0m[49m  [0m[7m  [0m[49m  [0m[7m  [0m[49m  [0m[7m  [0m[49m  [0m[49m  [0m[49m  [0m[49m  [0m[49m  [0m[49m  [0m[49m  [0m[7m  [0m
[7m  [0m[7m  [0m[7m  [0m[7m  [0m[7m  [0m[7m  [0m[7m  [0m[7m  [0m[7m  [0m[49m  [0m[7m  [0m[49m  [0m[49m  [0m[7m  [0m[49m  [0m[7m  [0m[7m  [0m[49m  [0m[7m  [0m[7m  [0m[7m  [0m[7m  [0m[7m  [0m[7m  [0m[7m  [0m[7m  [0m[7m  [0m
[7m  [0m[49m  [0m[49m  [0m[7m  [0m[49m  [0m[7m  [0m[7m  [0m[49m  [0m[49m  [0m[7m  [0m[7m  [0m[7m  [0m[49m  [0m[49m  [0m[49m  [0m[49m  [0m[49m  [0m[7m  [0m[7m  [0m[49m  [0m[49m  [0m[49m  [0m[7m  [0m[49m  [0m[49m  [0m[7m  [0m[7m  [0m
[7m  [0m[7m  [0m[7m  [0m[49m  [0m[7m  [0m[7m  [0m[7m  [0m[7m  [0m[49m  [0m[49m  [0m[49m  [0m[7m  [0m[49m  [0m[49m  [0m[7m  [0m[7m  [0m[7m  [0m[7m  [0m[7m  [0m[7m  [0m[7m  [0m[7m  [0m[7m  [0m[7m  [0m[49m  [0m[49m  [0m[7m  [0m
[7m  [0m[49m  [0m[49m  [0m[7m  [0m[49m  [0m[49m  [0m[7m  [0m[49m  [0m[7m  [0m[49m  [0m[7m  [0m[7m  [0m[49m  [0m[49m  [0m[49m  [0m[7m  [0m[49m  [0m[7m  [0m[49m  [0m[7m  [0m[7m  [0m[49m  [0m[49m  [0m[7m  [0m[49m  [0m[49m  [0m[7m  [0m
[7m  [0m[7m  [0m[49m  [0m[49m  [0m[7m  [0m[49m  [0m[49m  [0m[7m  [0m[7m  [0m[7m  [0m[49m  [0m[49m  [0m[49m  [0m[49m  [0m[7m  [0m[49m  [0m[49m  [0m[7m  [0m[7m  [0m[7m  [0m[49m  [0m[7m  [0m[7m  [0m[7m  [0m[7m  [0m[49m  [0m[7m  [0m
[7m  [0m[49m  [0m[7m  [0m[7m  [0m[7m  [0m[49m  [0m[49m  [0m[49m  [0m[49m  [0m[49m  [0m[7m  [0m[49m  [0m[49m  [0m[7m  [0m[49m  [0m[7m  [0m[49m  [0m[7m  [0m[49m  [0m[7m  [0m[7m  [0m[7m  [0m[7m  [0m[49m  [0m[7m  [0m[7m  [0m[7m  [0m
[7m  [0m[7m  [0m[7m  [0m[49m  [0m[49m  [0m[7m  [0m[7m  [0m[7m  [0m[49m  [0m[7m  [0m[49m  [0m[7m  [0m[49m  [0m[7m  [0m[7m  [0m[7m  [0m[49m  [0m[49m  [0m[49m  [0m[49m  [0m[49m  [0m[49m  [0m[7m  [0m[49m  [0m[49m  [0m[49m  [0m[7m  [0m
[7m  [0m[49m  [0m[7m  [0m[49m  [0m[7m  [0m[7m  [0m[49m  [0m[49m  [0m[49m  [0m[49m  [0m[7m  [0m[49m  [0m[49m  [0m[7m  [0m[7m  [0m[49m  [0m[7m  [0m[49m  [0m[49m  [0m[7m  [0m[49m  [0m[49m  [0m[7m  [0m[7m  [0m[49m  [0m[7m  [0m[7m  [0m
[7m  [0m[7m  [0m[49m  [0m[7m  [0m[49m  [0m[7m  [0m[7m  [0m[7m  [0m[7m  [0m[7m  [0m[49m  [0m[7m  [0m[49m  [0m[7m  [0m[7m  [0m[7m  [0m[7m  [0m[7m  [0m[49m  [0m[7m  [0m[7m  [0m[7m  [0m[49m  [0m[7m  [0m[7m  [0m[7m  [0m[7m  [0m
[7m  [0m[49m  [0m[49m  [0m[7m  [0m[49m  [0m[49m  [0m[7m  [0m[49m  [0m[49m  [0m[49m  [0m[7m  [0m[7m  [0m[7m  [0m[49m  [0m[7m  [0m[7m  [0m[49m  [0m[49m  [0m[49m  [0m[49m  [0m[49m  [0m[49m  [0m[49m  [0m[49m  [0m[7m  [0m[49m  [0m[7m  [0m
[7m  [0m[7m  [0m[7m  [0m[7m  [0m[7m  [0m[7m  [0m[7m  [0m[7m  [0m[7m  [0m[49m  [0m[7m  [0m[49m  [0m[7m  [0m[49m  [0m[49m  [0m[49m  [0m[7m  [0m[49m  [0m[7m  [0m[7m  [0m[7m  [0m[49m  [0m[7m  [0m[49m  [0m[49m  [0m[49m  [0m[7m  [0m
[7m  [0m[49m  [0m[49m  [0m[49m  [0m[49m  [0m[49m  [0m[49m  [0m[49m  [0m[7m  [0m[49m  [0m[7m  [0m[49m  [0m[49m  [0m[49m  [0m[7m  [0m[49m  [0m[49m  [0m[49m  [0m[7m  [0m[49m  [0m[7m  [0m[49m  [0m[49m  [0m[49m  [0m[7m  [0m[7m  [0m[7m  [0m
[7m  [0m[49m  [0m[7m  [0m[7m  [0m[7m  [0m[7m  [0m[7m  [0m[49m  [0m[7m  [0m[7m  [0m[49m  [0m[7m  [0m[7m  [0m[49m  [0m[7m  [0m[7m  [0m[7m  [0m[49m  [0m[7m  [0m[7m  [0m[7m  [0m[49m  [0m[7m  [0m[7m  [0m[7m  [0m[49m  [0m[7m  [0m
[7m  [0m[49m  [0m[7m  [0m[49m  [0m[49m  [0m[49m  [0m[7m  [0m[49m  [0m[7m  [0m[7m  [0m[49m  [0m[49m  [0m[7m  [0m[7m  [0m[7m  [0m[7m  [0m[49m  [0m[49m  [0m[49m  [0m[49m  [0m[49m  [0m[49m  [0m[49m  [0m[49m  [0m[7m  [0m[7m  [0m[7m  [0m
[7m  [0m[49m  [0m[7m  [0m[49m  [0m[49m  [0m[49m  [0m[7m  [0m[49m  [0m[7m  [0m[49m  [0m[7m  [0m[7m  [0m[49m  [0m[7m  [0m[7m  [0m[7m  [0m[7m  [0m[49m  [0m[49m  [0m[7m  [0m[49m  [0m[49m  [0m[49m  [0m[7m  [0m[49m  [0m[7m  [0m[7m  [0m
[7m  [0m[49m  [0m[7m  [0m[49m  [0m[49m  [0m[49m  [0m[7m  [0m[49m  [0m[7m  [0m[7m  [0m[7m  [0m[49m  [0m[7m  [0m[7m  [0m[7m  [0m[7m  [0m[7m  [0m[7m  [0m[49m  [0m[49m  [0m[49m  [0m[49m  [0m[7m  [0m[49m  [0m[7m  [0m[49m  [0m[7m  [0m
[7m  [0m[49m  [0m[7m  [0m[7m  [0m[7m  [0m[7m  [0m[7m  [0m[49m  [0m[7m  [0m[49m  [0m[49m  [0m[7m  [0m[7m  [0m[7m  [0m[7m  [0m[49m  [0m[49m  [0m[49m  [0m[7m  [0m[49m  [0m[49m  [0m[49m  [0m[49m  [0m[49m  [0m[7m  [0m[49m  [0m[7m  [0m
[7m  [0m[49m  [0m[49m  [0m[49m  [0m[49m  [0m[49m  [0m[49m  [0m[49m  [0m[7m  [0m[49m  [0m[49m  [0m[7m  [0m[7m  [0m[49m  [0m[7m  [0m[7m  [0m[7m  [0m[7m  [0m[49m  [0m[49m  [0m[49m  [0m[7m  [0m[7m  [0m[7m  [0m[7m  [0m[49m  [0m[7m  [0m
[7m  [0m[7m  [0m[7m  [0m[7m  [0m[7m  [0m[7m  [0m[7m  [0m[7m  [0m[7m  [0m[7m  [0m[7m  [0m[7m  [0m[7m  [0m[7m  [0m[7m  [0m[7m  [0m[7m  [0m[7m  [0m[7m  [0m[7m  [0m[7m  [0m[7m  [0m[7m  [0m[7m  [0m[7m  [0m[7m  [0m[7m  [0m

5b9df25b18f71d.lhr.life tunneled with tls termination, https://5b9df25b18f71d.lhr.life
create an account and add your key for a longer lasting domain name. see https://localhost.run/docs/forever-free/ for more information.
Open your tunnel address on your mobile with this QR:

[7m  [0m[7m  [0m[7m  [0m[7m  [0m[7m  [0m[7m  [0m[7m  [0m[7m  [0m[7m  [0m[7m  [0m[7m  [0m[7m  [0m[7m  [0m[7m  [0m[7m  [0m[7m  [0m[7m  [0m[7m  [0m[7m  [0m[7m  [0m[7m  [0m[7m  [0m[7m  [0m[7m  [0m[7m  [0m[7m  [0m[7m  [0m
[7m  [0m[49m  [0m[49m  [0m[49m  [0m[49m  [0m[49m  [0m[49m  [0m[49m  [0m[7m  [0m[7m  [0m[7m  [0m[49m  [0m[7m  [0m[7m  [0m[49m  [0m[7m  [0m[7m  [0m[49m  [0m[7m  [0m[49m  [0m[49m  [0m[49m  [0m[49m  [0m[49m  [0m[49m  [0m[49m  [0m[7m  [0m
[7m  [0m[49m  [0m[7m  [0m[7m  [0m[7m  [0m[7m  [0m[7m  [0m[49m  [0m[7m  [0m[49m  [0m[49m  [0m[49m  [0m[7m  [0m[7m  [0m[7m  [0m[7m  [0m[49m  [0m[7m  [0m[7m  [0m[49m  [0m[7m  [0m[7m  [0m[7m  [0m[7m  [0m[7m  [0m[49m  [0m[7m  [0m
[7m  [0m[49m  [0m[7m  [0m[49m  [0m[49m  [0m[49m  [0m[7m  [0m[49m  [0m[7m  [0m[49m  [0m[7m  [0m[7m  [0m[7m  [0m[7m  [0m[49m  [0m[7m  [0m[49m  [0m[49m  [0m[7m  [0m[49m  [0m[7m  [0m[49m  [0m[49m  [0m[49m  [0m[7m  [0m[49m  [0m[7m  [0m
[7m  [0m[49m  [0m[7m  [0m[49m  [0m[49m  [0m[49m  [0m[7m  [0m[49m  [0m[7m  [0m[7m  [0m[49m  [0m[7m  [0m[7m  [0m[49m  [0m[7m  [0m[49m  [0m[7m  [0m[49m  [0m[7m  [0m[49m  [0m[7m  [0m[49m  [0m[49m  [0m[49m  [0m[7m  [0m[49m  [0m[7m  [0m
[7m  [0m[49m  [0m[7m  [0m[49m  [0m[49m  [0m[49m  [0m[7m  [0m[49m  [0m[7m  [0m[49m  [0m[49m  [0m[49m  [0m[7m  [0m[49m  [0m[7m  [0m[49m  [0m[49m  [0m[7m  [0m[7m  [0m[49m  [0m[7m  [0m[49m  [0m[49m  [0m[49m  [0m[7m  [0m[49m  [0m[7m  [0m
[7m  [0m[49m  [0m[7m  [0m[7m  [0m[7m  [0m[7m  [0m[7m  [0m[49m  [0m[7m  [0m[49m  [0m[7m  [0m[49m  [0m[7m  [0m[49m  [0m[7m  [0m[7m  [0m[7m  [0m[49m  [0m[7m  [0m[49m  [0m[7m  [0m[7m  [0m[7m  [0m[7m  [0m[7m  [0m[49m  [0m[7m  [0m
[7m  [0m[49m  [0m[49m  [0m[49m  [0m[49m  [0m[49m  [0m[49m  [0m[49m  [0m[7m  [0m[49m  [0m[7m  [0m[49m  [0m[7m  [0m[49m  [0m[7m  [0m[49m  [0m[7m  [0m[49m  [0m[7m  [0m[49m  [0m[49m  [0m[49m  [0m[49m  [0m[49m  [0m[49m  [0m[49m  [0m[7m  [0m
[7m  [0m[7m  [0m[7m  [0m[7m  [0m[7m  [0m[7m  [0m[7m  [0m[7m  [0m[7m  [0m[49m  [0m[7m  [0m[49m  [0m[49m  [0m[7m  [0m[49m  [0m[7m  [0m[7m  [0m[49m  [0m[7m  [0m[7m  [0m[7m  [0m[7m  [0m[7m  [0m[7m  [0m[7m  [0m[7m  [0m[7m  [0m
[7m  [0m[49m  [0m[49m  [0m[7m  [0m[49m  [0m[7m  [0m[7m  [0m[49m  [0m[49m  [0m[7m  [0m[7m  [0m[7m  [0m[49m  [0m[49m  [0m[49m  [0m[49m  [0m[49m  [0m[7m  [0m[7m  [0m[49m  [0m[49m  [0m[49m  [0m[7m  [0m[49m  [0m[49m  [0m[7m  [0m[7m  [0m
[7m  [0m[7m  [0m[7m  [0m[49m  [0m[49m  [0m[7m  [0m[7m  [0m[7m  [0m[49m  [0m[7m  [0m[49m  [0m[7m  [0m[49m  [0m[49m  [0m[7m  [0m[7m  [0m[7m  [0m[7m  [0m[7m  [0m[7m  [0m[49m  [0m[49m  [0m[7m  [0m[7m  [0m[49m  [0m[49m  [0m[7m  [0m
[7m  [0m[49m  [0m[49m  [0m[49m  [0m[49m  [0m[49m  [0m[7m  [0m[49m  [0m[49m  [0m[7m  [0m[7m  [0m[7m  [0m[49m  [0m[49m  [0m[49m  [0m[7m  [0m[49m  [0m[7m  [0m[49m  [0m[49m  [0m[49m  [0m[7m  [0m[49m  [0m[7m  [0m[49m  [0m[49m  [0m[7m  [0m
[7m  [0m[7m  [0m[7m  [0m[49m  [0m[7m  [0m[7m  [0m[49m  [0m[7m  [0m[49m  [0m[7m  [0m[49m  [0m[49m  [0m[49m  [0m[49m  [0m[7m  [0m[49m  [0m[7m  [0m[49m  [0m[7m  [0m[7m  [0m[49m  [0m[7m  [0m[7m  [0m[7m  [0m[7m  [0m[49m  [0m[7m  [0m
[7m  [0m[49m  [0m[49m  [0m[7m  [0m[7m  [0m[49m  [0m[49m  [0m[49m  [0m[49m  [0m[7m  [0m[7m  [0m[49m  [0m[49m  [0m[7m  [0m[49m  [0m[7m  [0m[49m  [0m[49m  [0m[49m  [0m[49m  [0m[7m  [0m[49m  [0m[7m  [0m[49m  [0m[7m  [0m[7m  [0m[7m  [0m
[7m  [0m[7m  [0m[49m  [0m[7m  [0m[7m  [0m[7m  [0m[7m  [0m[7m  [0m[7m  [0m[49m  [0m[7m  [0m[7m  [0m[49m  [0m[7m  [0m[7m  [0m[7m  [0m[49m  [0m[49m  [0m[7m  [0m[49m  [0m[49m  [0m[7m  [0m[7m  [0m[49m  [0m[49m  [0m[49m  [0m[7m  [0m
[7m  [0m[49m  [0m[7m  [0m[7m  [0m[7m  [0m[7m  [0m[49m  [0m[49m  [0m[7m  [0m[7m  [0m[7m  [0m[49m  [0m[49m  [0m[7m  [0m[7m  [0m[49m  [0m[7m  [0m[49m  [0m[7m  [0m[49m  [0m[7m  [0m[7m  [0m[7m  [0m[7m  [0m[49m  [0m[7m  [0m[7m  [0m
[7m  [0m[7m  [0m[49m  [0m[49m  [0m[49m  [0m[7m  [0m[7m  [0m[7m  [0m[7m  [0m[49m  [0m[7m  [0m[7m  [0m[49m  [0m[7m  [0m[7m  [0m[7m  [0m[49m  [0m[49m  [0m[49m  [0m[49m  [0m[7m  [0m[7m  [0m[49m  [0m[7m  [0m[7m  [0m[7m  [0m[7m  [0m
[7m  [0m[49m  [0m[49m  [0m[7m  [0m[49m  [0m[49m  [0m[7m  [0m[49m  [0m[49m  [0m[49m  [0m[7m  [0m[49m  [0m[7m  [0m[49m  [0m[7m  [0m[7m  [0m[7m  [0m[49m  [0m[49m  [0m[49m  [0m[49m  [0m[49m  [0m[49m  [0m[49m  [0m[7m  [0m[49m  [0m[7m  [0m
[7m  [0m[7m  [0m[7m  [0m[7m  [0m[7m  [0m[7m  [0m[7m  [0m[7m  [0m[7m  [0m[49m  [0m[7m  [0m[49m  [0m[7m  [0m[49m  [0m[49m  [0m[49m  [0m[7m  [0m[49m  [0m[7m  [0m[7m  [0m[7m  [0m[49m  [0m[7m  [0m[49m  [0m[49m  [0m[49m  [0m[7m  [0m
[7m  [0m[49m  [0m[49m  [0m[49m  [0m[49m  [0m[49m  [0m[49m  [0m[49m  [0m[7m  [0m[49m  [0m[7m  [0m[7m  [0m[49m  [0m[49m  [0m[7m  [0m[49m  [0m[7m  [0m[49m  [0m[7m  [0m[49m  [0m[7m  [0m[49m  [0m[49m  [0m[49m  [0m[7m  [0m[7m  [0m[7m  [0m
[7m  [0m[49m  [0m[7m  [0m[7m  [0m[7m  [0m[7m  [0m[7m  [0m[49m  [0m[7m  [0m[7m  [0m[49m  [0m[7m  [0m[7m  [0m[49m  [0m[7m  [0m[7m  [0m[7m  [0m[49m  [0m[7m  [0m[7m  [0m[7m  [0m[49m  [0m[7m  [0m[7m  [0m[7m  [0m[49m  [0m[7m  [0m
[7m  [0m[49m  [0m[7m  [0m[49m  [0m[49m  [0m[49m  [0m[7m  [0m[49m  [0m[7m  [0m[7m  [0m[49m  [0m[49m  [0m[7m  [0m[7m  [0m[7m  [0m[7m  [0m[7m  [0m[49m  [0m[49m  [0m[49m  [0m[49m  [0m[49m  [0m[49m  [0m[49m  [0m[7m  [0m[7m  [0m[7m  [0m
[7m  [0m[49m  [0m[7m  [0m[49m  [0m[49m  [0m[49m  [0m[7m  [0m[49m  [0m[7m  [0m[49m  [0m[49m  [0m[49m  [0m[49m  [0m[7m  [0m[7m  [0m[7m  [0m[7m  [0m[7m  [0m[49m  [0m[7m  [0m[7m  [0m[49m  [0m[49m  [0m[7m  [0m[49m  [0m[7m  [0m[7m  [0m
[7m  [0m[49m  [0m[7m  [0m[49m  [0m[49m  [0m[49m  [0m[7m  [0m[49m  [0m[7m  [0m[7m  [0m[7m  [0m[49m  [0m[7m  [0m[7m  [0m[7m  [0m[7m  [0m[49m  [0m[7m  [0m[7m  [0m[49m  [0m[49m  [0m[49m  [0m[7m  [0m[7m  [0m[7m  [0m[49m  [0m[7m  [0m
[7m  [0m[49m  [0m[7m  [0m[7m  [0m[7m  [0m[7m  [0m[7m  [0m[49m  [0m[7m  [0m[49m  [0m[7m  [0m[49m  [0m[7m  [0m[7m  [0m[7m  [0m[49m  [0m[7m  [0m[7m  [0m[7m  [0m[7m  [0m[49m  [0m[49m  [0m[7m  [0m[49m  [0m[7m  [0m[49m  [0m[7m  [0m
[7m  [0m[49m  [0m[49m  [0m[49m  [0m[49m  [0m[49m  [0m[49m  [0m[49m  [0m[7m  [0m[49m  [0m[7m  [0m[49m  [0m[7m  [0m[49m  [0m[7m  [0m[7m  [0m[49m  [0m[49m  [0m[49m  [0m[7m  [0m[49m  [0m[7m  [0m[7m  [0m[7m  [0m[7m  [0m[49m  [0m[7m  [0m
[7m  [0m[7m  [0m[7m  [0m[7m  [0m[7m  [0m[7m  [0m[7m  [0m[7m  [0m[7m  [0m[7m  [0m[7m  [0m[7m  [0m[7m  [0m[7m  [0m[7m  [0m[7m  [0m[7m  [0m[7m  [0m[7m  [0m[7m  [0m[7m  [0m[7m  [0m[7m  [0m[7m  [0m[7m  [0m[7m  [0m[7m  [0m

f74c9323f9d9af.lhr.life tunneled with tls termination, https://f74c9323f9d9af.lhr.life
create an account and add your key for a longer lasting domain name. see https://localhost.run/docs/forever-free/ for more information.
Open your tunnel address on your mobile with this QR:

[7m  [0m[7m  [0m[7m  [0m[7m  [0m[7m  [0m[7m  [0m[7m  [0m[7m  [0m[7m  [0m[7m  [0m[7m  [0m[7m  [0m[7m  [0m[7m  [0m[7m  [0m[7m  [0m[7m  [0m[7m  [0m[7m  [0m[7m  [0m[7m  [0m[7m  [0m[7m  [0m[7m  [0m[7m  [0m[7m  [0m[7m  [0m
[7m  [0m[49m  [0m[49m  [0m[49m  [0m[49m  [0m[49m  [0m[49m  [0m[49m  [0m[7m  [0m[7m  [0m[7m  [0m[49m  [0m[7m  [0m[7m  [0m[49m  [0m[7m  [0m[7m  [0m[49m  [0m[7m  [0m[49m  [0m[49m  [0m[49m  [0m[49m  [0m[49m  [0m[49m  [0m[49m  [0m[7m  [0m
[7m  [0m[49m  [0m[7m  [0m[7m  [0m[7m  [0m[7m  [0m[7m  [0m[49m  [0m[7m  [0m[49m  [0m[49m  [0m[49m  [0m[7m  [0m[7m  [0m[7m  [0m[7m  [0m[49m  [0m[7m  [0m[7m  [0m[49m  [0m[7m  [0m[7m  [0m[7m  [0m[7m  [0m[7m  [0m[49m  [0m[7m  [0m
[7m  [0m[49m  [0m[7m  [0m[49m  [0m[49m  [0m[49m  [0m[7m  [0m[49m  [0m[7m  [0m[49m  [0m[7m  [0m[7m  [0m[7m  [0m[7m  [0m[49m  [0m[7m  [0m[49m  [0m[49m  [0m[7m  [0m[49m  [0m[7m  [0m[49m  [0m[49m  [0m[49m  [0m[7m  [0m[49m  [0m[7m  [0m
[7m  [0m[49m  [0m[7m  [0m[49m  [0m[49m  [0m[49m  [0m[7m  [0m[49m  [0m[7m  [0m[7m  [0m[49m  [0m[7m  [0m[7m  [0m[49m  [0m[7m  [0m[49m  [0m[7m  [0m[49m  [0m[7m  [0m[49m  [0m[7m  [0m[49m  [0m[49m  [0m[49m  [0m[7m  [0m[49m  [0m[7m  [0m
[7m  [0m[49m  [0m[7m  [0m[49m  [0m[49m  [0m[49m  [0m[7m  [0m[49m  [0m[7m  [0m[49m  [0m[49m  [0m[49m  [0m[7m  [0m[49m  [0m[7m  [0m[49m  [0m[49m  [0m[7m  [0m[7m  [0m[49m  [0m[7m  [0m[49m  [0m[49m  [0m[49m  [0m[7m  [0m[49m  [0m[7m  [0m
[7m  [0m[49m  [0m[7m  [0m[7m  [0m[7m  [0m[7m  [0m[7m  [0m[49m  [0m[7m  [0m[49m  [0m[7m  [0m[49m  [0m[7m  [0m[49m  [0m[7m  [0m[7m  [0m[7m  [0m[49m  [0m[7m  [0m[49m  [0m[7m  [0m[7m  [0m[7m  [0m[7m  [0m[7m  [0m[49m  [0m[7m  [0m
[7m  [0m[49m  [0m[49m  [0m[49m  [0m[49m  [0m[49m  [0m[49m  [0m[49m  [0m[7m  [0m[49m  [0m[7m  [0m[49m  [0m[7m  [0m[49m  [0m[7m  [0m[49m  [0m[7m  [0m[49m  [0m[7m  [0m[49m  [0m[49m  [0m[49m  [0m[49m  [0m[49m  [0m[49m  [0m[49m  [0m[7m  [0m
[7m  [0m[7m  [0m[7m  [0m[7m  [0m[7m  [0m[7m  [0m[7m  [0m[7m  [0m[7m  [0m[49m  [0m[7m  [0m[49m  [0m[49m  [0m[7m  [0m[49m  [0m[7m  [0m[7m  [0m[49m  [0m[7m  [0m[7m  [0m[7m  [0m[7m  [0m[7m  [0m[7m  [0m[7m  [0m[7m  [0m[7m  [0m
[7m  [0m[49m  [0m[49m  [0m[7m  [0m[49m  [0m[7m  [0m[7m  [0m[49m  [0m[49m  [0m[7m  [0m[7m  [0m[7m  [0m[49m  [0m[49m  [0m[49m  [0m[49m  [0m[49m  [0m[7m  [0m[7m  [0m[49m  [0m[49m  [0m[49m  [0m[7m  [0m[49m  [0m[49m  [0m[7m  [0m[7m  [0m
[7m  [0m[49m  [0m[7m  [0m[49m  [0m[7m  [0m[7m  [0m[7m  [0m[7m  [0m[49m  [0m[49m  [0m[49m  [0m[7m  [0m[49m  [0m[49m  [0m[7m  [0m[7m  [0m[7m  [0m[49m  [0m[49m  [0m[49m  [0m[7m  [0m[7m  [0m[7m  [0m[7m  [0m[49m  [0m[49m  [0m[7m  [0m
[7m  [0m[7m  [0m[7m  [0m[7m  [0m[49m  [0m[49m  [0m[49m  [0m[49m  [0m[7m  [0m[49m  [0m[7m  [0m[7m  [0m[49m  [0m[49m  [0m[49m  [0m[7m  [0m[7m  [0m[7m  [0m[7m  [0m[49m  [0m[49m  [0m[7m  [0m[49m  [0m[7m  [0m[49m  [0m[49m  [0m[7m  [0m
[7m  [0m[49m  [0m[49m  [0m[7m  [0m[49m  [0m[7m  [0m[7m  [0m[7m  [0m[49m  [0m[49m  [0m[49m  [0m[49m  [0m[49m  [0m[49m  [0m[7m  [0m[49m  [0m[49m  [0m[49m  [0m[7m  [0m[7m  [0m[7m  [0m[49m  [0m[7m  [0m[7m  [0m[7m  [0m[49m  [0m[7m  [0m
[7m  [0m[49m  [0m[7m  [0m[7m  [0m[49m  [0m[49m  [0m[49m  [0m[49m  [0m[7m  [0m[49m  [0m[7m  [0m[49m  [0m[49m  [0m[7m  [0m[49m  [0m[7m  [0m[7m  [0m[7m  [0m[7m  [0m[49m  [0m[7m  [0m[49m  [0m[7m  [0m[49m  [0m[7m  [0m[7m  [0m[7m  [0m
[7m  [0m[7m  [0m[7m  [0m[7m  [0m[49m  [0m[49m  [0m[49m  [0m[7m  [0m[7m  [0m[49m  [0m[49m  [0m[7m  [0m[49m  [0m[7m  [0m[7m  [0m[7m  [0m[7m  [0m[7m  [0m[49m  [0m[49m  [0m[7m  [0m[7m  [0m[7m  [0m[49m  [0m[49m  [0m[49m  [0m[7m  [0m
[7m  [0m[49m  [0m[7m  [0m[7m  [0m[49m  [0m[7m  [0m[7m  [0m[49m  [0m[7m  [0m[49m  [0m[49m  [0m[7m  [0m[49m  [0m[7m  [0m[7m  [0m[49m  [0m[7m  [0m[49m  [0m[7m  [0m[7m  [0m[7m  [0m[7m  [0m[7m  [0m[7m  [0m[49m  [0m[7m  [0m[7m  [0m
[7m  [0m[7m  [0m[49m  [0m[7m  [0m[7m  [0m[7m  [0m[7m  [0m[7m  [0m[49m  [0m[49m  [0m[49m  [0m[7m  [0m[49m  [0m[7m  [0m[7m  [0m[7m  [0m[49m  [0m[49m  [0m[49m  [0m[49m  [0m[49m  [0m[49m  [0m[49m  [0m[7m  [0m[7m  [0m[7m  [0m[7m  [0m
[7m  [0m[49m  [0m[49m  [0m[7m  [0m[49m  [0m[49m  [0m[49m  [0m[49m  [0m[49m  [0m[7m  [0m[7m  [0m[49m  [0m[7m  [0m[49m  [0m[7m  [0m[7m  [0m[7m  [0m[49m  [0m[49m  [0m[49m  [0m[49m  [0m[49m  [0m[49m  [0m[49m  [0m[7m  [0m[49m  [0m[7m  [0m
[7m  [0m[7m  [0m[7m  [0m[7m  [0m[7m  [0m[7m  [0m[7m  [0m[7m  [0m[7m  [0m[49m  [0m[49m  [0m[49m  [0m[7m  [0m[49m  [0m[49m  [0m[49m  [0m[49m  [0m[49m  [0m[7m  [0m[7m  [0m[7m  [0m[49m  [0m[7m  [0m[49m  [0m[49m  [0m[49m  [0m[7m  [0m
[7m  [0m[49m  [0m[49m  [0m[49m  [0m[49m  [0m[49m  [0m[49m  [0m[49m  [0m[7m  [0m[49m  [0m[49m  [0m[49m  [0m[49m  [0m[49m  [0m[7m  [0m[49m  [0m[49m  [0m[49m  [0m[7m  [0m[49m  [0m[7m  [0m[49m  [0m[49m  [0m[49m  [0m[7m  [0m[7m  [0m[7m  [0m
[7m  [0m[49m  [0m[7m  [0m[7m  [0m[7m  [0m[7m  [0m[7m  [0m[49m  [0m[7m  [0m[7m  [0m[49m  [0m[49m  [0m[7m  [0m[49m  [0m[7m  [0m[7m  [0m[49m  [0m[49m  [0m[7m  [0m[7m  [0m[7m  [0m[49m  [0m[7m  [0m[7m  [0m[7m  [0m[49m  [0m[7m  [0m
[7m  [0m[49m  [0m[7m  [0m[49m  [0m[49m  [0m[49m  [0m[7m  [0m[49m  [0m[7m  [0m[7m  [0m[7m  [0m[49m  [0m[7m  [0m[7m  [0m[7m  [0m[7m  [0m[49m  [0m[49m  [0m[49m  [0m[49m  [0m[49m  [0m[49m  [0m[49m  [0m[49m  [0m[7m  [0m[7m  [0m[7m  [0m
[7m  [0m[49m  [0m[7m  [0m[49m  [0m[49m  [0m[49m  [0m[7m  [0m[49m  [0m[7m  [0m[49m  [0m[49m  [0m[49m  [0m[49m  [0m[7m  [0m[7m  [0m[7m  [0m[49m  [0m[7m  [0m[49m  [0m[49m  [0m[7m  [0m[7m  [0m[49m  [0m[7m  [0m[49m  [0m[7m  [0m[7m  [0m
[7m  [0m[49m  [0m[7m  [0m[49m  [0m[49m  [0m[49m  [0m[7m  [0m[49m  [0m[7m  [0m[7m  [0m[49m  [0m[49m  [0m[7m  [0m[7m  [0m[7m  [0m[7m  [0m[49m  [0m[7m  [0m[7m  [0m[7m  [0m[49m  [0m[49m  [0m[7m  [0m[49m  [0m[7m  [0m[49m  [0m[7m  [0m
[7m  [0m[49m  [0m[7m  [0m[7m  [0m[7m  [0m[7m  [0m[7m  [0m[49m  [0m[7m  [0m[49m  [0m[49m  [0m[49m  [0m[7m  [0m[7m  [0m[7m  [0m[49m  [0m[49m  [0m[7m  [0m[7m  [0m[49m  [0m[49m  [0m[7m  [0m[49m  [0m[49m  [0m[7m  [0m[49m  [0m[7m  [0m
[7m  [0m[49m  [0m[49m  [0m[49m  [0m[49m  [0m[49m  [0m[49m  [0m[49m  [0m[7m  [0m[49m  [0m[7m  [0m[49m  [0m[7m  [0m[49m  [0m[7m  [0m[7m  [0m[49m  [0m[7m  [0m[7m  [0m[7m  [0m[7m  [0m[7m  [0m[7m  [0m[7m  [0m[7m  [0m[49m  [0m[7m  [0m
[7m  [0m[7m  [0m[7m  [0m[7m  [0m[7m  [0m[7m  [0m[7m  [0m[7m  [0m[7m  [0m[7m  [0m[7m  [0m[7m  [0m[7m  [0m[7m  [0m[7m  [0m[7m  [0m[7m  [0m[7m  [0m[7m  [0m[7m  [0m[7m  [0m[7m  [0m[7m  [0m[7m  [0m[7m  [0m[7m  [0m[7m  [0m

4708206d2580a4.lhr.life tunneled with tls termination, https://4708206d2580a4.lhr.life
create an account and add your key for a longer lasting domain name. see https://localhost.run/docs/forever-free/ for more information.
Open your tunnel address on your mobile with this QR:

[7m  [0m[7m  [0m[7m  [0m[7m  [0m[7m  [0m[7m  [0m[7m  [0m[7m  [0m[7m  [0m[7m  [0m[7m  [0m[7m  [0m[7m  [0m[7m  [0m[7m  [0m[7m  [0m[7m  [0m[7m  [0m[7m  [0m[7m  [0m[7m  [0m[7m  [0m[7m  [0m[7m  [0m[7m  [0m[7m  [0m[7m  [0m
[7m  [0m[49m  [0m[49m  [0m[49m  [0m[49m  [0m[49m  [0m[49m  [0m[49m  [0m[7m  [0m[49m  [0m[7m  [0m[7m  [0m[7m  [0m[7m  [0m[7m  [0m[7m  [0m[7m  [0m[7m  [0m[7m  [0m[49m  [0m[49m  [0m[49m  [0m[49m  [0m[49m  [0m[49m  [0m[49m  [0m[7m  [0m
[7m  [0m[49m  [0m[7m  [0m[7m  [0m[7m  [0m[7m  [0m[7m  [0m[49m  [0m[7m  [0m[49m  [0m[7m  [0m[7m  [0m[49m  [0m[49m  [0m[49m  [0m[49m  [0m[7m  [0m[49m  [0m[7m  [0m[49m  [0m[7m  [0m[7m  [0m[7m  [0m[7m  [0m[7m  [0m[49m  [0m[7m  [0m
[7m  [0m[49m  [0m[7m  [0m[49m  [0m[49m  [0m[49m  [0m[7m  [0m[49m  [0m[7m  [0m[49m  [0m[49m  [0m[7m  [0m[7m  [0m[49m  [0m[49m  [0m[7m  [0m[7m  [0m[49m  [0m[7m  [0m[49m  [0m[7m  [0m[49m  [0m[49m  [0m[49m  [0m[7m  [0m[49m  [0m[7m  [0m
[7m  [0m[49m  [0m[7m  [0m[49m  [0m[49m  [0m[49m  [0m[7m  [0m[49m  [0m[7m  [0m[49m  [0m[49m  [0m[49m  [0m[7m  [0m[49m  [0m[49m  [0m[49m  [0m[7m  [0m[7m  [0m[7m  [0m[49m  [0m[7m  [0m[49m  [0m[49m  [0m[49m  [0m[7m  [0m[49m  [0m[7m  [0m
[7m  [0m[49m  [0m[7m  [0m[49m  [0m[49m  [0m[49m  [0m[7m  [0m[49m  [0m[7m  [0m[7m  [0m[49m  [0m[49m  [0m[7m  [0m[49m  [0m[7m  [0m[49m  [0m[49m  [0m[7m  [0m[7m  [0m[49m  [0m[7m  [0m[49m  [0m[49m  [0m[49m  [0m[7m  [0m[49m  [0m[7m  [0m
[7m  [0m[49m  [0m[7m  [0m[7m  [0m[7m  [0m[7m  [0m[7m  [0m[49m  [0m[7m  [0m[49m  [0m[49m  [0m[49m  [0m[7m  [0m[7m  [0m[7m  [0m[7m  [0m[49m  [0m[49m  [0m[7m  [0m[49m  [0m[7m  [0m[7m  [0m[7m  [0m[7m  [0m[7m  [0m[49m  [0m[7m  [0m
[7m  [0m[49m  [0m[49m  [0m[49m  [0m[49m  [0m[49m  [0m[49m  [0m[49m  [0m[7m  [0m[49m  [0m[7m  [0m[49m  [0m[7m  [0m[49m  [0m[7m  [0m[49m  [0m[7m  [0m[49m  [0m[7m  [0m[49m  [0m[49m  [0m[49m  [0m[49m  [0m[49m  [0m[49m  [0m[49m  [0m[7m  [0m
[7m  [0m[7m  [0m[7m  [0m[7m  [0m[7m  [0m[7m  [0m[7m  [0m[7m  [0m[7m  [0m[7m  [0m[7m  [0m[49m  [0m[49m  [0m[7m  [0m[49m  [0m[7m  [0m[7m  [0m[49m  [0m[7m  [0m[7m  [0m[7m  [0m[7m  [0m[7m  [0m[7m  [0m[7m  [0m[7m  [0m[7m  [0m
[7m  [0m[49m  [0m[49m  [0m[7m  [0m[7m  [0m[49m  [0m[49m  [0m[49m  [0m[7m  [0m[7m  [0m[7m  [0m[49m  [0m[7m  [0m[49m  [0m[7m  [0m[7m  [0m[49m  [0m[49m  [0m[7m  [0m[7m  [0m[49m  [0m[7m  [0m[49m  [0m[49m  [0m[49m  [0m[49m  [0m[7m  [0m
[7m  [0m[7m  [0m[7m  [0m[49m  [0m[7m  [0m[7m  [0m[49m  [0m[7m  [0m[49m  [0m[7m  [0m[7m  [0m[7m  [0m[7m  [0m[7m  [0m[7m  [0m[49m  [0m[49m  [0m[7m  [0m[7m  [0m[7m  [0m[7m  [0m[49m  [0m[49m  [0m[7m  [0m[7m  [0m[7m  [0m[7m  [0m
[7m  [0m[7m  [0m[49m  [0m[49m  [0m[49m  [0m[49m  [0m[7m  [0m[49m  [0m[7m  [0m[49m  [0m[49m  [0m[49m  [0m[7m  [0m[7m  [0m[7m  [0m[49m  [0m[7m  [0m[7m  [0m[49m  [0m[49m  [0m[49m  [0m[7m  [0m[7m  [0m[49m  [0m[7m  [0m[7m  [0m[7m  [0m
[7m  [0m[49m  [0m[49m  [0m[7m  [0m[49m  [0m[7m  [0m[7m  [0m[7m  [0m[7m  [0m[7m  [0m[49m  [0m[7m  [0m[7m  [0m[49m  [0m[49m  [0m[7m  [0m[49m  [0m[49m  [0m[49m  [0m[7m  [0m[7m  [0m[7m  [0m[7m  [0m[49m  [0m[49m  [0m[49m  [0m[7m  [0m
[7m  [0m[49m  [0m[49m  [0m[7m  [0m[7m  [0m[7m  [0m[7m  [0m[49m  [0m[7m  [0m[49m  [0m[7m  [0m[7m  [0m[49m  [0m[7m  [0m[7m  [0m[7m  [0m[7m  [0m[49m  [0m[7m  [0m[7m  [0m[49m  [0m[49m  [0m[7m  [0m[7m  [0m[7m  [0m[7m  [0m[7m  [0m
[7m  [0m[49m  [0m[49m  [0m[7m  [0m[49m  [0m[7m  [0m[49m  [0m[7m  [0m[49m  [0m[7m  [0m[7m  [0m[49m  [0m[7m  [0m[49m  [0m[49m  [0m[49m  [0m[49m  [0m[49m  [0m[7m  [0m[49m  [0m[49m  [0m[49m  [0m[49m  [0m[7m  [0m[7m  [0m[7m  [0m[7m  [0m
[7m  [0m[7m  [0m[7m  [0m[49m  [0m[7m  [0m[49m  [0m[49m  [0m[49m  [0m[7m  [0m[49m  [0m[49m  [0m[49m  [0m[49m  [0m[49m  [0m[7m  [0m[49m  [0m[49m  [0m[49m  [0m[7m  [0m[49m  [0m[49m  [0m[7m  [0m[49m  [0m[7m  [0m[49m  [0m[49m  [0m[7m  [0m
[7m  [0m[7m  [0m[7m  [0m[7m  [0m[49m  [0m[49m  [0m[7m  [0m[7m  [0m[7m  [0m[7m  [0m[7m  [0m[49m  [0m[49m  [0m[7m  [0m[49m  [0m[7m  [0m[49m  [0m[49m  [0m[7m  [0m[7m  [0m[7m  [0m[7m  [0m[49m  [0m[49m  [0m[7m  [0m[7m  [0m[7m  [0m
[7m  [0m[49m  [0m[49m  [0m[7m  [0m[49m  [0m[49m  [0m[49m  [0m[49m  [0m[49m  [0m[49m  [0m[49m  [0m[7m  [0m[7m  [0m[49m  [0m[7m  [0m[7m  [0m[7m  [0m[49m  [0m[49m  [0m[49m  [0m[49m  [0m[49m  [0m[49m  [0m[49m  [0m[7m  [0m[49m  [0m[7m  [0m
[7m  [0m[7m  [0m[7m  [0m[7m  [0m[7m  [0m[7m  [0m[7m  [0m[7m  [0m[7m  [0m[49m  [0m[49m  [0m[7m  [0m[7m  [0m[7m  [0m[49m  [0m[49m  [0m[49m  [0m[49m  [0m[7m  [0m[7m  [0m[7m  [0m[49m  [0m[49m  [0m[49m  [0m[49m  [0m[7m  [0m[7m  [0m
[7m  [0m[49m  [0m[49m  [0m[49m  [0m[49m  [0m[49m  [0m[49m  [0m[49m  [0m[7m  [0m[7m  [0m[49m  [0m[49m  [0m[7m  [0m[7m  [0m[7m  [0m[7m  [0m[49m  [0m[49m  [0m[7m  [0m[49m  [0m[7m  [0m[49m  [0m[7m  [0m[49m  [0m[49m  [0m[49m  [0m[7m  [0m
[7m  [0m[49m  [0m[7m  [0m[7m  [0m[7m  [0m[7m  [0m[7m  [0m[49m  [0m[7m  [0m[49m  [0m[49m  [0m[49m  [0m[7m  [0m[49m  [0m[7m  [0m[7m  [0m[7m  [0m[49m  [0m[7m  [0m[7m  [0m[7m  [0m[49m  [0m[7m  [0m[7m  [0m[7m  [0m[49m  [0m[7m  [0m
[7m  [0m[49m  [0m[7m  [0m[49m  [0m[49m  [0m[49m  [0m[7m  [0m[49m  [0m[7m  [0m[49m  [0m[7m  [0m[49m  [0m[49m  [0m[7m  [0m[49m  [0m[49m  [0m[49m  [0m[49m  [0m[49m  [0m[49m  [0m[49m  [0m[49m  [0m[49m  [0m[7m  [0m[49m  [0m[7m  [0m[7m  [0m
[7m  [0m[49m  [0m[7m  [0m[49m  [0m[49m  [0m[49m  [0m[7m  [0m[49m  [0m[7m  [0m[7m  [0m[49m  [0m[49m  [0m[7m  [0m[49m  [0m[7m  [0m[49m  [0m[7m  [0m[49m  [0m[7m  [0m[7m  [0m[49m  [0m[49m  [0m[7m  [0m[7m  [0m[7m  [0m[49m  [0m[7m  [0m
[7m  [0m[49m  [0m[7m  [0m[49m  [0m[49m  [0m[49m  [0m[7m  [0m[49m  [0m[7m  [0m[7m  [0m[49m  [0m[49m  [0m[49m  [0m[49m  [0m[49m  [0m[49m  [0m[49m  [0m[49m  [0m[49m  [0m[7m  [0m[7m  [0m[7m  [0m[49m  [0m[49m  [0m[49m  [0m[7m  [0m[7m  [0m
[7m  [0m[49m  [0m[7m  [0m[7m  [0m[7m  [0m[7m  [0m[7m  [0m[49m  [0m[7m  [0m[49m  [0m[49m  [0m[7m  [0m[49m  [0m[7m  [0m[49m  [0m[7m  [0m[7m  [0m[7m  [0m[7m  [0m[7m  [0m[49m  [0m[49m  [0m[49m  [0m[7m  [0m[49m  [0m[49m  [0m[7m  [0m
[7m  [0m[49m  [0m[49m  [0m[49m  [0m[49m  [0m[49m  [0m[49m  [0m[49m  [0m[7m  [0m[49m  [0m[49m  [0m[49m  [0m[7m  [0m[49m  [0m[49m  [0m[7m  [0m[49m  [0m[49m  [0m[49m  [0m[49m  [0m[49m  [0m[7m  [0m[49m  [0m[49m  [0m[7m  [0m[49m  [0m[7m  [0m
[7m  [0m[7m  [0m[7m  [0m[7m  [0m[7m  [0m[7m  [0m[7m  [0m[7m  [0m[7m  [0m[7m  [0m[7m  [0m[7m  [0m[7m  [0m[7m  [0m[7m  [0m[7m  [0m[7m  [0m[7m  [0m[7m  [0m[7m  [0m[7m  [0m[7m  [0m[7m  [0m[7m  [0m[7m  [0m[7m  [0m[7m  [0m

d74e6a7b25ceb7.lhr.life tunneled with tls termination, https://d74e6a7b25ceb7.lhr.life
create an account and add your key for a longer lasting domain name. see https://localhost.run/docs/forever-free/ for more information.
Open your tunnel address on your mobile with this QR:

[7m  [0m[7m  [0m[7m  [0m[7m  [0m[7m  [0m[7m  [0m[7m  [0m[7m  [0m[7m  [0m[7m  [0m[7m  [0m[7m  [0m[7m  [0m[7m  [0m[7m  [0m[7m  [0m[7m  [0m[7m  [0m[7m  [0m[7m  [0m[7m  [0m[7m  [0m[7m  [0m[7m  [0m[7m  [0m[7m  [0m[7m  [0m
[7m  [0m[49m  [0m[49m  [0m[49m  [0m[49m  [0m[49m  [0m[49m  [0m[49m  [0m[7m  [0m[49m  [0m[7m  [0m[7m  [0m[7m  [0m[7m  [0m[7m  [0m[7m  [0m[7m  [0m[7m  [0m[7m  [0m[49m  [0m[49m  [0m[49m  [0m[49m  [0m[49m  [0m[49m  [0m[49m  [0m[7m  [0m
[7m  [0m[49m  [0m[7m  [0m[7m  [0m[7m  [0m[7m  [0m[7m  [0m[49m  [0m[7m  [0m[49m  [0m[7m  [0m[7m  [0m[49m  [0m[49m  [0m[49m  [0m[49m  [0m[7m  [0m[49m  [0m[7m  [0m[49m  [0m[7m  [0m[7m  [0m[7m  [0m[7m  [0m[7m  [0m[49m  [0m[7m  [0m
[7m  [0m[49m  [0m[7m  [0m[49m  [0m[49m  [0m[49m  [0m[7m  [0m[49m  [0m[7m  [0m[49m  [0m[49m  [0m[7m  [0m[7m  [0m[49m  [0m[49m  [0m[7m  [0m[7m  [0m[49m  [0m[7m  [0m[49m  [0m[7m  [0m[49m  [0m[49m  [0m[49m  [0m[7m  [0m[49m  [0m[7m  [0m
[7m  [0m[49m  [0m[7m  [0m[49m  [0m[49m  [0m[49m  [0m[7m  [0m[49m  [0m[7m  [0m[49m  [0m[49m  [0m[49m  [0m[7m  [0m[49m  [0m[49m  [0m[49m  [0m[7m  [0m[7m  [0m[7m  [0m[49m  [0m[7m  [0m[49m  [0m[49m  [0m[49m  [0m[7m  [0m[49m  [0m[7m  [0m
[7m  [0m[49m  [0m[7m  [0m[49m  [0m[49m  [0m[49m  [0m[7m  [0m[49m  [0m[7m  [0m[7m  [0m[49m  [0m[49m  [0m[7m  [0m[49m  [0m[7m  [0m[49m  [0m[49m  [0m[7m  [0m[7m  [0m[49m  [0m[7m  [0m[49m  [0m[49m  [0m[49m  [0m[7m  [0m[49m  [0m[7m  [0m
[7m  [0m[49m  [0m[7m  [0m[7m  [0m[7m  [0m[7m  [0m[7m  [0m[49m  [0m[7m  [0m[49m  [0m[49m  [0m[49m  [0m[7m  [0m[7m  [0m[7m  [0m[7m  [0m[49m  [0m[49m  [0m[7m  [0m[49m  [0m[7m  [0m[7m  [0m[7m  [0m[7m  [0m[7m  [0m[49m  [0m[7m  [0m
[7m  [0m[49m  [0m[49m  [0m[49m  [0m[49m  [0m[49m  [0m[49m  [0m[49m  [0m[7m  [0m[49m  [0m[7m  [0m[49m  [0m[7m  [0m[49m  [0m[7m  [0m[49m  [0m[7m  [0m[49m  [0m[7m  [0m[49m  [0m[49m  [0m[49m  [0m[49m  [0m[49m  [0m[49m  [0m[49m  [0m[7m  [0m
[7m  [0m[7m  [0m[7m  [0m[7m  [0m[7m  [0m[7m  [0m[7m  [0m[7m  [0m[7m  [0m[7m  [0m[7m  [0m[49m  [0m[49m  [0m[7m  [0m[49m  [0m[7m  [0m[7m  [0m[49m  [0m[7m  [0m[7m  [0m[7m  [0m[7m  [0m[7m  [0m[7m  [0m[7m  [0m[7m  [0m[7m  [0m
[7m  [0m[49m  [0m[49m  [0m[7m  [0m[7m  [0m[49m  [0m[49m  [0m[49m  [0m[7m  [0m[7m  [0m[7m  [0m[49m  [0m[7m  [0m[49m  [0m[7m  [0m[7m  [0m[49m  [0m[49m  [0m[7m  [0m[7m  [0m[49m  [0m[7m  [0m[49m  [0m[49m  [0m[49m  [0m[49m  [0m[7m  [0m
[7m  [0m[49m  [0m[7m  [0m[49m  [0m[49m  [0m[7m  [0m[49m  [0m[7m  [0m[49m  [0m[7m  [0m[7m  [0m[7m  [0m[7m  [0m[7m  [0m[7m  [0m[49m  [0m[49m  [0m[7m  [0m[7m  [0m[7m  [0m[7m  [0m[49m  [0m[49m  [0m[7m  [0m[7m  [0m[7m  [0m[7m  [0m
[7m  [0m[49m  [0m[49m  [0m[7m  [0m[49m  [0m[7m  [0m[7m  [0m[49m  [0m[49m  [0m[49m  [0m[49m  [0m[49m  [0m[7m  [0m[7m  [0m[7m  [0m[49m  [0m[7m  [0m[7m  [0m[49m  [0m[7m  [0m[7m  [0m[7m  [0m[7m  [0m[49m  [0m[7m  [0m[7m  [0m[7m  [0m
[7m  [0m[49m  [0m[49m  [0m[49m  [0m[49m  [0m[49m  [0m[7m  [0m[7m  [0m[7m  [0m[7m  [0m[49m  [0m[7m  [0m[7m  [0m[49m  [0m[49m  [0m[7m  [0m[49m  [0m[7m  [0m[49m  [0m[7m  [0m[49m  [0m[7m  [0m[7m  [0m[49m  [0m[49m  [0m[49m  [0m[7m  [0m
[7m  [0m[49m  [0m[7m  [0m[49m  [0m[49m  [0m[7m  [0m[49m  [0m[49m  [0m[7m  [0m[7m  [0m[7m  [0m[7m  [0m[49m  [0m[7m  [0m[7m  [0m[7m  [0m[49m  [0m[49m  [0m[7m  [0m[7m  [0m[49m  [0m[49m  [0m[7m  [0m[7m  [0m[7m  [0m[7m  [0m[7m  [0m
[7m  [0m[49m  [0m[7m  [0m[49m  [0m[7m  [0m[7m  [0m[7m  [0m[7m  [0m[7m  [0m[7m  [0m[7m  [0m[49m  [0m[7m  [0m[49m  [0m[49m  [0m[49m  [0m[49m  [0m[49m  [0m[7m  [0m[7m  [0m[7m  [0m[49m  [0m[49m  [0m[7m  [0m[7m  [0m[7m  [0m[7m  [0m
[7m  [0m[7m  [0m[7m  [0m[49m  [0m[7m  [0m[49m  [0m[7m  [0m[49m  [0m[7m  [0m[7m  [0m[7m  [0m[49m  [0m[49m  [0m[49m  [0m[7m  [0m[49m  [0m[49m  [0m[49m  [0m[49m  [0m[7m  [0m[7m  [0m[7m  [0m[49m  [0m[7m  [0m[49m  [0m[49m  [0m[7m  [0m
[7m  [0m[7m  [0m[7m  [0m[49m  [0m[7m  [0m[49m  [0m[7m  [0m[7m  [0m[7m  [0m[49m  [0m[49m  [0m[7m  [0m[49m  [0m[7m  [0m[49m  [0m[7m  [0m[49m  [0m[7m  [0m[7m  [0m[49m  [0m[7m  [0m[49m  [0m[49m  [0m[49m  [0m[7m  [0m[7m  [0m[7m  [0m
[7m  [0m[49m  [0m[49m  [0m[7m  [0m[7m  [0m[49m  [0m[7m  [0m[49m  [0m[7m  [0m[49m  [0m[49m  [0m[49m  [0m[7m  [0m[49m  [0m[7m  [0m[7m  [0m[7m  [0m[49m  [0m[49m  [0m[49m  [0m[49m  [0m[49m  [0m[49m  [0m[49m  [0m[7m  [0m[49m  [0m[7m  [0m
[7m  [0m[7m  [0m[7m  [0m[7m  [0m[7m  [0m[7m  [0m[7m  [0m[7m  [0m[7m  [0m[49m  [0m[49m  [0m[49m  [0m[7m  [0m[7m  [0m[49m  [0m[49m  [0m[49m  [0m[49m  [0m[7m  [0m[7m  [0m[7m  [0m[49m  [0m[49m  [0m[49m  [0m[49m  [0m[7m  [0m[7m  [0m
[7m  [0m[49m  [0m[49m  [0m[49m  [0m[49m  [0m[49m  [0m[49m  [0m[49m  [0m[7m  [0m[7m  [0m[7m  [0m[49m  [0m[7m  [0m[7m  [0m[7m  [0m[7m  [0m[49m  [0m[49m  [0m[7m  [0m[49m  [0m[7m  [0m[49m  [0m[7m  [0m[49m  [0m[49m  [0m[49m  [0m[7m  [0m
[7m  [0m[49m  [0m[7m  [0m[7m  [0m[7m  [0m[7m  [0m[7m  [0m[49m  [0m[7m  [0m[49m  [0m[49m  [0m[7m  [0m[7m  [0m[49m  [0m[7m  [0m[7m  [0m[7m  [0m[49m  [0m[7m  [0m[7m  [0m[7m  [0m[49m  [0m[7m  [0m[7m  [0m[7m  [0m[49m  [0m[7m  [0m
[7m  [0m[49m  [0m[7m  [0m[49m  [0m[49m  [0m[49m  [0m[7m  [0m[49m  [0m[7m  [0m[49m  [0m[7m  [0m[7m  [0m[49m  [0m[7m  [0m[49m  [0m[49m  [0m[7m  [0m[49m  [0m[49m  [0m[49m  [0m[49m  [0m[49m  [0m[49m  [0m[7m  [0m[49m  [0m[7m  [0m[7m  [0m
[7m  [0m[49m  [0m[7m  [0m[49m  [0m[49m  [0m[49m  [0m[7m  [0m[49m  [0m[7m  [0m[7m  [0m[49m  [0m[7m  [0m[7m  [0m[49m  [0m[7m  [0m[49m  [0m[7m  [0m[7m  [0m[7m  [0m[49m  [0m[7m  [0m[49m  [0m[7m  [0m[7m  [0m[7m  [0m[49m  [0m[7m  [0m
[7m  [0m[49m  [0m[7m  [0m[49m  [0m[49m  [0m[49m  [0m[7m  [0m[49m  [0m[7m  [0m[7m  [0m[49m  [0m[49m  [0m[49m  [0m[49m  [0m[49m  [0m[49m  [0m[7m  [0m[49m  [0m[49m  [0m[7m  [0m[7m  [0m[7m  [0m[49m  [0m[7m  [0m[49m  [0m[7m  [0m[7m  [0m
[7m  [0m[49m  [0m[7m  [0m[7m  [0m[7m  [0m[7m  [0m[7m  [0m[49m  [0m[7m  [0m[49m  [0m[7m  [0m[7m  [0m[49m  [0m[7m  [0m[49m  [0m[7m  [0m[7m  [0m[7m  [0m[7m  [0m[7m  [0m[7m  [0m[7m  [0m[7m  [0m[49m  [0m[49m  [0m[49m  [0m[7m  [0m
[7m  [0m[49m  [0m[49m  [0m[49m  [0m[49m  [0m[49m  [0m[49m  [0m[49m  [0m[7m  [0m[49m  [0m[49m  [0m[7m  [0m[7m  [0m[49m  [0m[49m  [0m[7m  [0m[49m  [0m[49m  [0m[49m  [0m[49m  [0m[49m  [0m[49m  [0m[49m  [0m[7m  [0m[7m  [0m[49m  [0m[7m  [0m
[7m  [0m[7m  [0m[7m  [0m[7m  [0m[7m  [0m[7m  [0m[7m  [0m[7m  [0m[7m  [0m[7m  [0m[7m  [0m[7m  [0m[7m  [0m[7m  [0m[7m  [0m[7m  [0m[7m  [0m[7m  [0m[7m  [0m[7m  [0m[7m  [0m[7m  [0m[7m  [0m[7m  [0m[7m  [0m[7m  [0m[7m  [0m

9384c6db10ff3f.lhr.life tunneled with tls termination, https://9384c6db10ff3f.lhr.life
create an account and add your key for a longer lasting domain name. see https://localhost.run/docs/forever-free/ for more information.
Open your tunnel address on your mobile with this QR:

[7m  [0m[7m  [0m[7m  [0m[7m  [0m[7m  [0m[7m  [0m[7m  [0m[7m  [0m[7m  [0m[7m  [0m[7m  [0m[7m  [0m[7m  [0m[7m  [0m[7m  [0m[7m  [0m[7m  [0m[7m  [0m[7m  [0m[7m  [0m[7m  [0m[7m  [0m[7m  [0m[7m  [0m[7m  [0m[7m  [0m[7m  [0m
[7m  [0m[49m  [0m[49m  [0m[49m  [0m[49m  [0m[49m  [0m[49m  [0m[49m  [0m[7m  [0m[7m  [0m[7m  [0m[49m  [0m[7m  [0m[7m  [0m[49m  [0m[7m  [0m[7m  [0m[49m  [0m[7m  [0m[49m  [0m[49m  [0m[49m  [0m[49m  [0m[49m  [0m[49m  [0m[49m  [0m[7m  [0m
[7m  [0m[49m  [0m[7m  [0m[7m  [0m[7m  [0m[7m  [0m[7m  [0m[49m  [0m[7m  [0m[7m  [0m[49m  [0m[7m  [0m[7m  [0m[7m  [0m[49m  [0m[7m  [0m[49m  [0m[49m  [0m[7m  [0m[49m  [0m[7m  [0m[7m  [0m[7m  [0m[7m  [0m[7m  [0m[49m  [0m[7m  [0m
[7m  [0m[49m  [0m[7m  [0m[49m  [0m[49m  [0m[49m  [0m[7m  [0m[49m  [0m[7m  [0m[49m  [0m[7m  [0m[7m  [0m[49m  [0m[7m  [0m[49m  [0m[49m  [0m[49m  [0m[49m  [0m[7m  [0m[49m  [0m[7m  [0m[49m  [0m[49m  [0m[49m  [0m[7m  [0m[49m  [0m[7m  [0m
[7m  [0m[49m  [0m[7m  [0m[49m  [0m[49m  [0m[49m  [0m[7m  [0m[49m  [0m[7m  [0m[7m  [0m[49m  [0m[7m  [0m[7m  [0m[49m  [0m[7m  [0m[49m  [0m[7m  [0m[49m  [0m[7m  [0m[49m  [0m[7m  [0m[49m  [0m[49m  [0m[49m  [0m[7m  [0m[49m  [0m[7m  [0m
[7m  [0m[49m  [0m[7m  [0m[49m  [0m[49m  [0m[49m  [0m[7m  [0m[49m  [0m[7m  [0m[7m  [0m[49m  [0m[7m  [0m[7m  [0m[49m  [0m[49m  [0m[49m  [0m[49m  [0m[49m  [0m[7m  [0m[49m  [0m[7m  [0m[49m  [0m[49m  [0m[49m  [0m[7m  [0m[49m  [0m[7m  [0m
[7m  [0m[49m  [0m[7m  [0m[7m  [0m[7m  [0m[7m  [0m[7m  [0m[49m  [0m[7m  [0m[7m  [0m[7m  [0m[49m  [0m[49m  [0m[49m  [0m[7m  [0m[49m  [0m[7m  [0m[49m  [0m[7m  [0m[49m  [0m[7m  [0m[7m  [0m[7m  [0m[7m  [0m[7m  [0m[49m  [0m[7m  [0m
[7m  [0m[49m  [0m[49m  [0m[49m  [0m[49m  [0m[49m  [0m[49m  [0m[49m  [0m[7m  [0m[49m  [0m[7m  [0m[49m  [0m[7m  [0m[49m  [0m[7m  [0m[49m  [0m[7m  [0m[49m  [0m[7m  [0m[49m  [0m[49m  [0m[49m  [0m[49m  [0m[49m  [0m[49m  [0m[49m  [0m[7m  [0m
[7m  [0m[7m  [0m[7m  [0m[7m  [0m[7m  [0m[7m  [0m[7m  [0m[7m  [0m[7m  [0m[49m  [0m[7m  [0m[7m  [0m[49m  [0m[7m  [0m[7m  [0m[7m  [0m[7m  [0m[7m  [0m[7m  [0m[7m  [0m[7m  [0m[7m  [0m[7m  [0m[7m  [0m[7m  [0m[7m  [0m[7m  [0m
[7m  [0m[49m  [0m[49m  [0m[49m  [0m[7m  [0m[49m  [0m[49m  [0m[49m  [0m[49m  [0m[49m  [0m[7m  [0m[7m  [0m[7m  [0m[49m  [0m[49m  [0m[7m  [0m[49m  [0m[7m  [0m[49m  [0m[49m  [0m[7m  [0m[7m  [0m[7m  [0m[49m  [0m[7m  [0m[7m  [0m[7m  [0m
[7m  [0m[49m  [0m[7m  [0m[7m  [0m[49m  [0m[7m  [0m[49m  [0m[7m  [0m[7m  [0m[49m  [0m[49m  [0m[7m  [0m[49m  [0m[49m  [0m[7m  [0m[7m  [0m[7m  [0m[7m  [0m[49m  [0m[7m  [0m[49m  [0m[49m  [0m[7m  [0m[7m  [0m[49m  [0m[49m  [0m[7m  [0m
[7m  [0m[7m  [0m[49m  [0m[49m  [0m[49m  [0m[49m  [0m[7m  [0m[49m  [0m[7m  [0m[49m  [0m[7m  [0m[49m  [0m[49m  [0m[49m  [0m[7m  [0m[7m  [0m[49m  [0m[7m  [0m[7m  [0m[7m  [0m[7m  [0m[49m  [0m[49m  [0m[49m  [0m[49m  [0m[49m  [0m[7m  [0m
[7m  [0m[7m  [0m[49m  [0m[7m  [0m[49m  [0m[49m  [0m[49m  [0m[7m  [0m[49m  [0m[49m  [0m[49m  [0m[49m  [0m[7m  [0m[49m  [0m[7m  [0m[7m  [0m[49m  [0m[49m  [0m[7m  [0m[7m  [0m[49m  [0m[49m  [0m[7m  [0m[7m  [0m[49m  [0m[49m  [0m[7m  [0m
[7m  [0m[7m  [0m[7m  [0m[49m  [0m[7m  [0m[7m  [0m[49m  [0m[49m  [0m[7m  [0m[49m  [0m[7m  [0m[49m  [0m[49m  [0m[7m  [0m[49m  [0m[7m  [0m[7m  [0m[49m  [0m[7m  [0m[49m  [0m[7m  [0m[49m  [0m[7m  [0m[49m  [0m[7m  [0m[7m  [0m[7m  [0m
[7m  [0m[7m  [0m[7m  [0m[49m  [0m[7m  [0m[49m  [0m[7m  [0m[7m  [0m[7m  [0m[49m  [0m[49m  [0m[49m  [0m[49m  [0m[7m  [0m[49m  [0m[7m  [0m[7m  [0m[7m  [0m[49m  [0m[49m  [0m[49m  [0m[49m  [0m[7m  [0m[7m  [0m[49m  [0m[49m  [0m[7m  [0m
[7m  [0m[49m  [0m[7m  [0m[49m  [0m[49m  [0m[7m  [0m[49m  [0m[49m  [0m[7m  [0m[7m  [0m[49m  [0m[49m  [0m[7m  [0m[7m  [0m[7m  [0m[7m  [0m[7m  [0m[49m  [0m[7m  [0m[7m  [0m[49m  [0m[49m  [0m[7m  [0m[7m  [0m[7m  [0m[7m  [0m[7m  [0m
[7m  [0m[7m  [0m[49m  [0m[7m  [0m[7m  [0m[49m  [0m[7m  [0m[7m  [0m[7m  [0m[7m  [0m[49m  [0m[49m  [0m[49m  [0m[7m  [0m[7m  [0m[7m  [0m[49m  [0m[49m  [0m[49m  [0m[49m  [0m[7m  [0m[49m  [0m[49m  [0m[7m  [0m[7m  [0m[7m  [0m[7m  [0m
[7m  [0m[49m  [0m[7m  [0m[49m  [0m[7m  [0m[49m  [0m[7m  [0m[49m  [0m[7m  [0m[49m  [0m[7m  [0m[49m  [0m[7m  [0m[49m  [0m[49m  [0m[7m  [0m[7m  [0m[49m  [0m[49m  [0m[49m  [0m[49m  [0m[49m  [0m[49m  [0m[7m  [0m[7m  [0m[49m  [0m[7m  [0m
[7m  [0m[7m  [0m[7m  [0m[7m  [0m[7m  [0m[7m  [0m[7m  [0m[7m  [0m[7m  [0m[49m  [0m[49m  [0m[7m  [0m[49m  [0m[49m  [0m[49m  [0m[7m  [0m[49m  [0m[49m  [0m[7m  [0m[7m  [0m[7m  [0m[49m  [0m[7m  [0m[49m  [0m[7m  [0m[49m  [0m[7m  [0m
[7m  [0m[49m  [0m[49m  [0m[49m  [0m[49m  [0m[49m  [0m[49m  [0m[49m  [0m[7m  [0m[49m  [0m[49m  [0m[7m  [0m[49m  [0m[49m  [0m[7m  [0m[49m  [0m[49m  [0m[49m  [0m[7m  [0m[49m  [0m[7m  [0m[49m  [0m[49m  [0m[49m  [0m[7m  [0m[7m  [0m[7m  [0m
[7m  [0m[49m  [0m[7m  [0m[7m  [0m[7m  [0m[7m  [0m[7m  [0m[49m  [0m[7m  [0m[49m  [0m[7m  [0m[7m  [0m[7m  [0m[49m  [0m[49m  [0m[7m  [0m[7m  [0m[49m  [0m[7m  [0m[7m  [0m[7m  [0m[49m  [0m[7m  [0m[49m  [0m[7m  [0m[49m  [0m[7m  [0m
[7m  [0m[49m  [0m[7m  [0m[49m  [0m[49m  [0m[49m  [0m[7m  [0m[49m  [0m[7m  [0m[49m  [0m[49m  [0m[7m  [0m[49m  [0m[7m  [0m[7m  [0m[49m  [0m[7m  [0m[49m  [0m[49m  [0m[49m  [0m[49m  [0m[49m  [0m[49m  [0m[49m  [0m[49m  [0m[7m  [0m[7m  [0m
[7m  [0m[49m  [0m[7m  [0m[49m  [0m[49m  [0m[49m  [0m[7m  [0m[49m  [0m[7m  [0m[7m  [0m[49m  [0m[7m  [0m[49m  [0m[7m  [0m[7m  [0m[7m  [0m[7m  [0m[7m  [0m[49m  [0m[7m  [0m[49m  [0m[49m  [0m[49m  [0m[7m  [0m[49m  [0m[7m  [0m[7m  [0m
[7m  [0m[49m  [0m[7m  [0m[49m  [0m[49m  [0m[49m  [0m[7m  [0m[49m  [0m[7m  [0m[49m  [0m[49m  [0m[7m  [0m[7m  [0m[7m  [0m[49m  [0m[7m  [0m[49m  [0m[49m  [0m[7m  [0m[49m  [0m[7m  [0m[49m  [0m[49m  [0m[49m  [0m[7m  [0m[49m  [0m[7m  [0m
[7m  [0m[49m  [0m[7m  [0m[7m  [0m[7m  [0m[7m  [0m[7m  [0m[49m  [0m[7m  [0m[49m  [0m[7m  [0m[49m  [0m[49m  [0m[7m  [0m[7m  [0m[7m  [0m[7m  [0m[7m  [0m[49m  [0m[7m  [0m[49m  [0m[7m  [0m[49m  [0m[49m  [0m[49m  [0m[49m  [0m[7m  [0m
[7m  [0m[49m  [0m[49m  [0m[49m  [0m[49m  [0m[49m  [0m[49m  [0m[49m  [0m[7m  [0m[49m  [0m[7m  [0m[7m  [0m[7m  [0m[49m  [0m[7m  [0m[7m  [0m[49m  [0m[7m  [0m[7m  [0m[7m  [0m[7m  [0m[7m  [0m[49m  [0m[49m  [0m[7m  [0m[49m  [0m[7m  [0m
[7m  [0m[7m  [0m[7m  [0m[7m  [0m[7m  [0m[7m  [0m[7m  [0m[7m  [0m[7m  [0m[7m  [0m[7m  [0m[7m  [0m[7m  [0m[7m  [0m[7m  [0m[7m  [0m[7m  [0m[7m  [0m[7m  [0m[7m  [0m[7m  [0m[7m  [0m[7m  [0m[7m  [0m[7m  [0m[7m  [0m[7m  [0m

client_loop: send disconnect: Broken pipe
Pseudo-terminal will not be allocated because stdin is not a terminal.
Connection closed by 35.171.254.69 port 22
Pseudo-terminal will not be allocated because stdin is not a terminal.

===============================================================================
Welcome to localhost.run!

Follow your favourite reverse tunnel at [https://twitter.com/localhost_run].

To set up and manage custom domains go to https://admin.localhost.run/

More details on custom domains (and how to enable subdomains of your custom
domain) at https://localhost.run/docs/custom-domains

If you get a permission denied error check the faq for how to connect with a key or
create a free tunnel without a key at [http://localhost:3000/docs/faq#generating-an-ssh-key].

To explore using localhost.run visit the documentation site:
https://localhost.run/docs/

===============================================================================

** your connection id is b4a298b3-f0a4-4a6e-a885-c7db655d6b8d, please mention it if you send me a message about an issue. **

authenticated as anonymous user
f82de95e78cda0.lhr.life tunneled with tls termination, https://f82de95e78cda0.lhr.life
create an account and add your key for a longer lasting domain name. see https://localhost.run/docs/forever-free/ for more information.
Open your tunnel address on your mobile with this QR:

[7m  [0m[7m  [0m[7m  [0m[7m  [0m[7m  [0m[7m  [0m[7m  [0m[7m  [0m[7m  [0m[7m  [0m[7m  [0m[7m  [0m[7m  [0m[7m  [0m[7m  [0m[7m  [0m[7m  [0m[7m  [0m[7m  [0m[7m  [0m[7m  [0m[7m  [0m[7m  [0m[7m  [0m[7m  [0m[7m  [0m[7m  [0m
[7m  [0m[49m  [0m[49m  [0m[49m  [0m[49m  [0m[49m  [0m[49m  [0m[49m  [0m[7m  [0m[7m  [0m[7m  [0m[49m  [0m[7m  [0m[7m  [0m[49m  [0m[7m  [0m[7m  [0m[49m  [0m[7m  [0m[49m  [0m[49m  [0m[49m  [0m[49m  [0m[49m  [0m[49m  [0m[49m  [0m[7m  [0m
[7m  [0m[49m  [0m[7m  [0m[7m  [0m[7m  [0m[7m  [0m[7m  [0m[49m  [0m[7m  [0m[49m  [0m[49m  [0m[49m  [0m[7m  [0m[7m  [0m[7m  [0m[7m  [0m[49m  [0m[7m  [0m[7m  [0m[49m  [0m[7m  [0m[7m  [0m[7m  [0m[7m  [0m[7m  [0m[49m  [0m[7m  [0m
[7m  [0m[49m  [0m[7m  [0m[49m  [0m[49m  [0m[49m  [0m[7m  [0m[49m  [0m[7m  [0m[49m  [0m[7m  [0m[7m  [0m[7m  [0m[7m  [0m[49m  [0m[7m  [0m[49m  [0m[49m  [0m[7m  [0m[49m  [0m[7m  [0m[49m  [0m[49m  [0m[49m  [0m[7m  [0m[49m  [0m[7m  [0m
[7m  [0m[49m  [0m[7m  [0m[49m  [0m[49m  [0m[49m  [0m[7m  [0m[49m  [0m[7m  [0m[7m  [0m[49m  [0m[7m  [0m[7m  [0m[49m  [0m[7m  [0m[49m  [0m[7m  [0m[49m  [0m[7m  [0m[49m  [0m[7m  [0m[49m  [0m[49m  [0m[49m  [0m[7m  [0m[49m  [0m[7m  [0m
[7m  [0m[49m  [0m[7m  [0m[49m  [0m[49m  [0m[49m  [0m[7m  [0m[49m  [0m[7m  [0m[49m  [0m[49m  [0m[49m  [0m[7m  [0m[49m  [0m[7m  [0m[49m  [0m[49m  [0m[7m  [0m[7m  [0m[49m  [0m[7m  [0m[49m  [0m[49m  [0m[49m  [0m[7m  [0m[49m  [0m[7m  [0m
[7m  [0m[49m  [0m[7m  [0m[7m  [0m[7m  [0m[7m  [0m[7m  [0m[49m  [0m[7m  [0m[49m  [0m[7m  [0m[49m  [0m[7m  [0m[49m  [0m[7m  [0m[7m  [0m[7m  [0m[49m  [0m[7m  [0m[49m  [0m[7m  [0m[7m  [0m[7m  [0m[7m  [0m[7m  [0m[49m  [0m[7m  [0m
[7m  [0m[49m  [0m[49m  [0m[49m  [0m[49m  [0m[49m  [0m[49m  [0m[49m  [0m[7m  [0m[49m  [0m[7m  [0m[49m  [0m[7m  [0m[49m  [0m[7m  [0m[49m  [0m[7m  [0m[49m  [0m[7m  [0m[49m  [0m[49m  [0m[49m  [0m[49m  [0m[49m  [0m[49m  [0m[49m  [0m[7m  [0m
[7m  [0m[7m  [0m[7m  [0m[7m  [0m[7m  [0m[7m  [0m[7m  [0m[7m  [0m[7m  [0m[49m  [0m[7m  [0m[49m  [0m[49m  [0m[7m  [0m[49m  [0m[7m  [0m[7m  [0m[49m  [0m[7m  [0m[7m  [0m[7m  [0m[7m  [0m[7m  [0m[7m  [0m[7m  [0m[7m  [0m[7m  [0m
[7m  [0m[49m  [0m[49m  [0m[7m  [0m[49m  [0m[7m  [0m[7m  [0m[49m  [0m[49m  [0m[7m  [0m[7m  [0m[7m  [0m[49m  [0m[49m  [0m[49m  [0m[49m  [0m[49m  [0m[7m  [0m[7m  [0m[49m  [0m[49m  [0m[49m  [0m[7m  [0m[49m  [0m[49m  [0m[7m  [0m[7m  [0m
[7m  [0m[49m  [0m[49m  [0m[7m  [0m[7m  [0m[49m  [0m[49m  [0m[7m  [0m[7m  [0m[49m  [0m[49m  [0m[7m  [0m[49m  [0m[49m  [0m[7m  [0m[7m  [0m[7m  [0m[7m  [0m[7m  [0m[49m  [0m[7m  [0m[49m  [0m[7m  [0m[7m  [0m[49m  [0m[49m  [0m[7m  [0m
[7m  [0m[7m  [0m[7m  [0m[49m  [0m[7m  [0m[7m  [0m[7m  [0m[49m  [0m[49m  [0m[49m  [0m[7m  [0m[7m  [0m[49m  [0m[49m  [0m[49m  [0m[7m  [0m[49m  [0m[7m  [0m[49m  [0m[7m  [0m[7m  [0m[49m  [0m[49m  [0m[7m  [0m[49m  [0m[49m  [0m[7m  [0m
[7m  [0m[49m  [0m[49m  [0m[7m  [0m[49m  [0m[7m  [0m[49m  [0m[7m  [0m[49m  [0m[49m  [0m[49m  [0m[49m  [0m[49m  [0m[49m  [0m[7m  [0m[49m  [0m[49m  [0m[7m  [0m[7m  [0m[7m  [0m[49m  [0m[7m  [0m[7m  [0m[7m  [0m[7m  [0m[49m  [0m[7m  [0m
[7m  [0m[49m  [0m[49m  [0m[49m  [0m[49m  [0m[7m  [0m[7m  [0m[49m  [0m[49m  [0m[7m  [0m[7m  [0m[49m  [0m[49m  [0m[7m  [0m[49m  [0m[7m  [0m[7m  [0m[7m  [0m[49m  [0m[49m  [0m[7m  [0m[7m  [0m[7m  [0m[49m  [0m[7m  [0m[7m  [0m[7m  [0m
[7m  [0m[7m  [0m[49m  [0m[49m  [0m[7m  [0m[7m  [0m[49m  [0m[7m  [0m[49m  [0m[49m  [0m[7m  [0m[7m  [0m[49m  [0m[7m  [0m[7m  [0m[7m  [0m[7m  [0m[7m  [0m[7m  [0m[49m  [0m[49m  [0m[49m  [0m[7m  [0m[49m  [0m[49m  [0m[49m  [0m[7m  [0m
[7m  [0m[49m  [0m[7m  [0m[49m  [0m[49m  [0m[49m  [0m[7m  [0m[49m  [0m[49m  [0m[7m  [0m[7m  [0m[7m  [0m[49m  [0m[7m  [0m[7m  [0m[49m  [0m[7m  [0m[49m  [0m[7m  [0m[49m  [0m[7m  [0m[7m  [0m[7m  [0m[7m  [0m[49m  [0m[7m  [0m[7m  [0m
[7m  [0m[7m  [0m[49m  [0m[7m  [0m[49m  [0m[49m  [0m[7m  [0m[7m  [0m[7m  [0m[7m  [0m[7m  [0m[7m  [0m[49m  [0m[7m  [0m[7m  [0m[7m  [0m[7m  [0m[7m  [0m[7m  [0m[49m  [0m[7m  [0m[49m  [0m[49m  [0m[7m  [0m[7m  [0m[7m  [0m[7m  [0m
[7m  [0m[49m  [0m[49m  [0m[49m  [0m[49m  [0m[49m  [0m[49m  [0m[49m  [0m[7m  [0m[49m  [0m[49m  [0m[49m  [0m[7m  [0m[49m  [0m[7m  [0m[7m  [0m[7m  [0m[49m  [0m[49m  [0m[49m  [0m[49m  [0m[49m  [0m[49m  [0m[49m  [0m[7m  [0m[49m  [0m[7m  [0m
[7m  [0m[7m  [0m[7m  [0m[7m  [0m[7m  [0m[7m  [0m[7m  [0m[7m  [0m[7m  [0m[49m  [0m[49m  [0m[7m  [0m[7m  [0m[49m  [0m[49m  [0m[49m  [0m[7m  [0m[49m  [0m[7m  [0m[7m  [0m[7m  [0m[49m  [0m[7m  [0m[49m  [0m[49m  [0m[49m  [0m[7m  [0m
[7m  [0m[49m  [0m[49m  [0m[49m  [0m[49m  [0m[49m  [0m[49m  [0m[49m  [0m[7m  [0m[49m  [0m[7m  [0m[7m  [0m[49m  [0m[49m  [0m[7m  [0m[49m  [0m[7m  [0m[49m  [0m[7m  [0m[49m  [0m[7m  [0m[49m  [0m[49m  [0m[49m  [0m[7m  [0m[7m  [0m[7m  [0m
[7m  [0m[49m  [0m[7m  [0m[7m  [0m[7m  [0m[7m  [0m[7m  [0m[49m  [0m[7m  [0m[7m  [0m[7m  [0m[7m  [0m[7m  [0m[49m  [0m[7m  [0m[7m  [0m[7m  [0m[49m  [0m[7m  [0m[7m  [0m[7m  [0m[49m  [0m[7m  [0m[7m  [0m[7m  [0m[49m  [0m[7m  [0m
[7m  [0m[49m  [0m[7m  [0m[49m  [0m[49m  [0m[49m  [0m[7m  [0m[49m  [0m[7m  [0m[7m  [0m[49m  [0m[49m  [0m[7m  [0m[7m  [0m[7m  [0m[7m  [0m[7m  [0m[49m  [0m[49m  [0m[49m  [0m[49m  [0m[49m  [0m[49m  [0m[49m  [0m[7m  [0m[7m  [0m[7m  [0m
[7m  [0m[49m  [0m[7m  [0m[49m  [0m[49m  [0m[49m  [0m[7m  [0m[49m  [0m[7m  [0m[49m  [0m[7m  [0m[49m  [0m[49m  [0m[7m  [0m[7m  [0m[7m  [0m[49m  [0m[7m  [0m[49m  [0m[49m  [0m[49m  [0m[7m  [0m[49m  [0m[7m  [0m[49m  [0m[7m  [0m[7m  [0m
[7m  [0m[49m  [0m[7m  [0m[49m  [0m[49m  [0m[49m  [0m[7m  [0m[49m  [0m[7m  [0m[7m  [0m[49m  [0m[49m  [0m[7m  [0m[7m  [0m[7m  [0m[7m  [0m[49m  [0m[7m  [0m[49m  [0m[49m  [0m[49m  [0m[49m  [0m[7m  [0m[49m  [0m[7m  [0m[49m  [0m[7m  [0m
[7m  [0m[49m  [0m[7m  [0m[7m  [0m[7m  [0m[7m  [0m[7m  [0m[49m  [0m[7m  [0m[49m  [0m[49m  [0m[7m  [0m[7m  [0m[7m  [0m[7m  [0m[49m  [0m[7m  [0m[49m  [0m[49m  [0m[7m  [0m[7m  [0m[7m  [0m[49m  [0m[49m  [0m[7m  [0m[49m  [0m[7m  [0m
[7m  [0m[49m  [0m[49m  [0m[49m  [0m[49m  [0m[49m  [0m[49m  [0m[49m  [0m[7m  [0m[49m  [0m[49m  [0m[49m  [0m[7m  [0m[49m  [0m[7m  [0m[7m  [0m[7m  [0m[49m  [0m[7m  [0m[49m  [0m[7m  [0m[7m  [0m[7m  [0m[7m  [0m[7m  [0m[49m  [0m[7m  [0m
[7m  [0m[7m  [0m[7m  [0m[7m  [0m[7m  [0m[7m  [0m[7m  [0m[7m  [0m[7m  [0m[7m  [0m[7m  [0m[7m  [0m[7m  [0m[7m  [0m[7m  [0m[7m  [0m[7m  [0m[7m  [0m[7m  [0m[7m  [0m[7m  [0m[7m  [0m[7m  [0m[7m  [0m[7m  [0m[7m  [0m[7m  [0m

2ba2ed8b3859b1.lhr.life tunneled with tls termination, https://2ba2ed8b3859b1.lhr.life
create an account and add your key for a longer lasting domain name. see https://localhost.run/docs/forever-free/ for more information.
Open your tunnel address on your mobile with this QR:

[7m  [0m[7m  [0m[7m  [0m[7m  [0m[7m  [0m[7m  [0m[7m  [0m[7m  [0m[7m  [0m[7m  [0m[7m  [0m[7m  [0m[7m  [0m[7m  [0m[7m  [0m[7m  [0m[7m  [0m[7m  [0m[7m  [0m[7m  [0m[7m  [0m[7m  [0m[7m  [0m[7m  [0m[7m  [0m[7m  [0m[7m  [0m
[7m  [0m[49m  [0m[49m  [0m[49m  [0m[49m  [0m[49m  [0m[49m  [0m[49m  [0m[7m  [0m[49m  [0m[49m  [0m[49m  [0m[49m  [0m[7m  [0m[7m  [0m[7m  [0m[49m  [0m[49m  [0m[7m  [0m[49m  [0m[49m  [0m[49m  [0m[49m  [0m[49m  [0m[49m  [0m[49m  [0m[7m  [0m
[7m  [0m[49m  [0m[7m  [0m[7m  [0m[7m  [0m[7m  [0m[7m  [0m[49m  [0m[7m  [0m[7m  [0m[7m  [0m[7m  [0m[49m  [0m[49m  [0m[49m  [0m[49m  [0m[7m  [0m[49m  [0m[7m  [0m[49m  [0m[7m  [0m[7m  [0m[7m  [0m[7m  [0m[7m  [0m[49m  [0m[7m  [0m
[7m  [0m[49m  [0m[7m  [0m[49m  [0m[49m  [0m[49m  [0m[7m  [0m[49m  [0m[7m  [0m[7m  [0m[49m  [0m[7m  [0m[49m  [0m[7m  [0m[7m  [0m[7m  [0m[7m  [0m[49m  [0m[7m  [0m[49m  [0m[7m  [0m[49m  [0m[49m  [0m[49m  [0m[7m  [0m[49m  [0m[7m  [0m
[7m  [0m[49m  [0m[7m  [0m[49m  [0m[49m  [0m[49m  [0m[7m  [0m[49m  [0m[7m  [0m[7m  [0m[7m  [0m[49m  [0m[49m  [0m[7m  [0m[49m  [0m[7m  [0m[49m  [0m[7m  [0m[7m  [0m[49m  [0m[7m  [0m[49m  [0m[49m  [0m[49m  [0m[7m  [0m[49m  [0m[7m  [0m
[7m  [0m[49m  [0m[7m  [0m[49m  [0m[49m  [0m[49m  [0m[7m  [0m[49m  [0m[7m  [0m[7m  [0m[7m  [0m[49m  [0m[49m  [0m[49m  [0m[49m  [0m[49m  [0m[7m  [0m[7m  [0m[7m  [0m[49m  [0m[7m  [0m[49m  [0m[49m  [0m[49m  [0m[7m  [0m[49m  [0m[7m  [0m
[7m  [0m[49m  [0m[7m  [0m[7m  [0m[7m  [0m[7m  [0m[7m  [0m[49m  [0m[7m  [0m[7m  [0m[49m  [0m[7m  [0m[49m  [0m[7m  [0m[49m  [0m[49m  [0m[49m  [0m[7m  [0m[7m  [0m[49m  [0m[7m  [0m[7m  [0m[7m  [0m[7m  [0m[7m  [0m[49m  [0m[7m  [0m
[7m  [0m[49m  [0m[49m  [0m[49m  [0m[49m  [0m[49m  [0m[49m  [0m[49m  [0m[7m  [0m[49m  [0m[7m  [0m[49m  [0m[7m  [0m[49m  [0m[7m  [0m[49m  [0m[7m  [0m[49m  [0m[7m  [0m[49m  [0m[49m  [0m[49m  [0m[49m  [0m[49m  [0m[49m  [0m[49m  [0m[7m  [0m
[7m  [0m[7m  [0m[7m  [0m[7m  [0m[7m  [0m[7m  [0m[7m  [0m[7m  [0m[7m  [0m[49m  [0m[49m  [0m[7m  [0m[7m  [0m[49m  [0m[7m  [0m[49m  [0m[49m  [0m[7m  [0m[7m  [0m[7m  [0m[7m  [0m[7m  [0m[7m  [0m[7m  [0m[7m  [0m[7m  [0m[7m  [0m
[7m  [0m[49m  [0m[49m  [0m[7m  [0m[49m  [0m[49m  [0m[7m  [0m[49m  [0m[7m  [0m[7m  [0m[49m  [0m[7m  [0m[7m  [0m[49m  [0m[7m  [0m[49m  [0m[7m  [0m[7m  [0m[7m  [0m[49m  [0m[7m  [0m[7m  [0m[7m  [0m[7m  [0m[7m  [0m[49m  [0m[7m  [0m
[7m  [0m[7m  [0m[49m  [0m[7m  [0m[49m  [0m[7m  [0m[7m  [0m[7m  [0m[49m  [0m[7m  [0m[7m  [0m[49m  [0m[7m  [0m[7m  [0m[49m  [0m[49m  [0m[49m  [0m[49m  [0m[7m  [0m[49m  [0m[7m  [0m[49m  [0m[49m  [0m[49m  [0m[7m  [0m[7m  [0m[7m  [0m
[7m  [0m[7m  [0m[7m  [0m[49m  [0m[49m  [0m[7m  [0m[49m  [0m[49m  [0m[7m  [0m[7m  [0m[49m  [0m[7m  [0m[7m  [0m[49m  [0m[7m  [0m[7m  [0m[49m  [0m[7m  [0m[7m  [0m[7m  [0m[7m  [0m[7m  [0m[7m  [0m[7m  [0m[7m  [0m[49m  [0m[7m  [0m
[7m  [0m[49m  [0m[7m  [0m[49m  [0m[7m  [0m[7m  [0m[7m  [0m[7m  [0m[49m  [0m[7m  [0m[7m  [0m[7m  [0m[7m  [0m[7m  [0m[49m  [0m[7m  [0m[7m  [0m[7m  [0m[49m  [0m[49m  [0m[7m  [0m[49m  [0m[49m  [0m[49m  [0m[49m  [0m[7m  [0m[7m  [0m
[7m  [0m[7m  [0m[7m  [0m[49m  [0m[7m  [0m[49m  [0m[49m  [0m[49m  [0m[49m  [0m[49m  [0m[49m  [0m[49m  [0m[7m  [0m[7m  [0m[7m  [0m[7m  [0m[7m  [0m[7m  [0m[49m  [0m[7m  [0m[49m  [0m[49m  [0m[49m  [0m[49m  [0m[49m  [0m[7m  [0m[7m  [0m
[7m  [0m[49m  [0m[7m  [0m[49m  [0m[49m  [0m[7m  [0m[7m  [0m[7m  [0m[7m  [0m[7m  [0m[49m  [0m[49m  [0m[7m  [0m[49m  [0m[49m  [0m[49m  [0m[49m  [0m[49m  [0m[49m  [0m[7m  [0m[49m  [0m[7m  [0m[49m  [0m[7m  [0m[7m  [0m[7m  [0m[7m  [0m
[7m  [0m[49m  [0m[49m  [0m[7m  [0m[7m  [0m[49m  [0m[7m  [0m[49m  [0m[49m  [0m[7m  [0m[7m  [0m[7m  [0m[7m  [0m[7m  [0m[49m  [0m[49m  [0m[49m  [0m[49m  [0m[7m  [0m[7m  [0m[49m  [0m[7m  [0m[49m  [0m[7m  [0m[7m  [0m[7m  [0m[7m  [0m
[7m  [0m[49m  [0m[7m  [0m[49m  [0m[49m  [0m[49m  [0m[7m  [0m[7m  [0m[49m  [0m[7m  [0m[49m  [0m[49m  [0m[7m  [0m[49m  [0m[49m  [0m[49m  [0m[7m  [0m[7m  [0m[49m  [0m[49m  [0m[7m  [0m[7m  [0m[7m  [0m[49m  [0m[49m  [0m[49m  [0m[7m  [0m
[7m  [0m[49m  [0m[7m  [0m[7m  [0m[49m  [0m[7m  [0m[7m  [0m[49m  [0m[49m  [0m[49m  [0m[7m  [0m[7m  [0m[49m  [0m[49m  [0m[49m  [0m[7m  [0m[49m  [0m[49m  [0m[49m  [0m[49m  [0m[49m  [0m[49m  [0m[7m  [0m[49m  [0m[49m  [0m[49m  [0m[7m  [0m
[7m  [0m[7m  [0m[7m  [0m[7m  [0m[7m  [0m[7m  [0m[7m  [0m[7m  [0m[7m  [0m[49m  [0m[7m  [0m[7m  [0m[49m  [0m[7m  [0m[7m  [0m[7m  [0m[49m  [0m[49m  [0m[7m  [0m[7m  [0m[7m  [0m[49m  [0m[49m  [0m[7m  [0m[7m  [0m[7m  [0m[7m  [0m
[7m  [0m[49m  [0m[49m  [0m[49m  [0m[49m  [0m[49m  [0m[49m  [0m[49m  [0m[7m  [0m[7m  [0m[49m  [0m[7m  [0m[7m  [0m[49m  [0m[49m  [0m[49m  [0m[49m  [0m[49m  [0m[7m  [0m[49m  [0m[7m  [0m[49m  [0m[7m  [0m[49m  [0m[49m  [0m[7m  [0m[7m  [0m
[7m  [0m[49m  [0m[7m  [0m[7m  [0m[7m  [0m[7m  [0m[7m  [0m[49m  [0m[7m  [0m[7m  [0m[7m  [0m[7m  [0m[49m  [0m[7m  [0m[49m  [0m[49m  [0m[49m  [0m[49m  [0m[7m  [0m[7m  [0m[7m  [0m[49m  [0m[49m  [0m[49m  [0m[49m  [0m[7m  [0m[7m  [0m
[7m  [0m[49m  [0m[7m  [0m[49m  [0m[49m  [0m[49m  [0m[7m  [0m[49m  [0m[7m  [0m[49m  [0m[49m  [0m[7m  [0m[49m  [0m[7m  [0m[49m  [0m[7m  [0m[7m  [0m[49m  [0m[49m  [0m[49m  [0m[49m  [0m[49m  [0m[7m  [0m[49m  [0m[49m  [0m[7m  [0m[7m  [0m
[7m  [0m[49m  [0m[7m  [0m[49m  [0m[49m  [0m[49m  [0m[7m  [0m[49m  [0m[7m  [0m[49m  [0m[7m  [0m[49m  [0m[7m  [0m[49m  [0m[49m  [0m[49m  [0m[49m  [0m[49m  [0m[7m  [0m[7m  [0m[49m  [0m[7m  [0m[7m  [0m[49m  [0m[7m  [0m[49m  [0m[7m  [0m
[7m  [0m[49m  [0m[7m  [0m[49m  [0m[49m  [0m[49m  [0m[7m  [0m[49m  [0m[7m  [0m[7m  [0m[49m  [0m[7m  [0m[49m  [0m[7m  [0m[49m  [0m[7m  [0m[49m  [0m[7m  [0m[49m  [0m[49m  [0m[7m  [0m[49m  [0m[49m  [0m[7m  [0m[49m  [0m[49m  [0m[7m  [0m
[7m  [0m[49m  [0m[7m  [0m[7m  [0m[7m  [0m[7m  [0m[7m  [0m[49m  [0m[7m  [0m[49m  [0m[7m  [0m[7m  [0m[49m  [0m[49m  [0m[49m  [0m[7m  [0m[49m  [0m[7m  [0m[49m  [0m[7m  [0m[49m  [0m[7m  [0m[49m  [0m[49m  [0m[49m  [0m[7m  [0m[7m  [0m
[7m  [0m[49m  [0m[49m  [0m[49m  [0m[49m  [0m[49m  [0m[49m  [0m[49m  [0m[7m  [0m[49m  [0m[49m  [0m[7m  [0m[49m  [0m[49m  [0m[49m  [0m[7m  [0m[7m  [0m[7m  [0m[49m  [0m[49m  [0m[7m  [0m[49m  [0m[49m  [0m[7m  [0m[49m  [0m[49m  [0m[7m  [0m
[7m  [0m[7m  [0m[7m  [0m[7m  [0m[7m  [0m[7m  [0m[7m  [0m[7m  [0m[7m  [0m[7m  [0m[7m  [0m[7m  [0m[7m  [0m[7m  [0m[7m  [0m[7m  [0m[7m  [0m[7m  [0m[7m  [0m[7m  [0m[7m  [0m[7m  [0m[7m  [0m[7m  [0m[7m  [0m[7m  [0m[7m  [0m

e84ed67c9b6a66.lhr.life tunneled with tls termination, https://e84ed67c9b6a66.lhr.life
create an account and add your key for a longer lasting domain name. see https://localhost.run/docs/forever-free/ for more information.
Open your tunnel address on your mobile with this QR:

[7m  [0m[7m  [0m[7m  [0m[7m  [0m[7m  [0m[7m  [0m[7m  [0m[7m  [0m[7m  [0m[7m  [0m[7m  [0m[7m  [0m[7m  [0m[7m  [0m[7m  [0m[7m  [0m[7m  [0m[7m  [0m[7m  [0m[7m  [0m[7m  [0m[7m  [0m[7m  [0m[7m  [0m[7m  [0m[7m  [0m[7m  [0m
[7m  [0m[49m  [0m[49m  [0m[49m  [0m[49m  [0m[49m  [0m[49m  [0m[49m  [0m[7m  [0m[7m  [0m[7m  [0m[49m  [0m[7m  [0m[7m  [0m[49m  [0m[7m  [0m[7m  [0m[49m  [0m[7m  [0m[49m  [0m[49m  [0m[49m  [0m[49m  [0m[49m  [0m[49m  [0m[49m  [0m[7m  [0m
[7m  [0m[49m  [0m[7m  [0m[7m  [0m[7m  [0m[7m  [0m[7m  [0m[49m  [0m[7m  [0m[49m  [0m[49m  [0m[49m  [0m[7m  [0m[7m  [0m[7m  [0m[7m  [0m[49m  [0m[7m  [0m[7m  [0m[49m  [0m[7m  [0m[7m  [0m[7m  [0m[7m  [0m[7m  [0m[49m  [0m[7m  [0m
[7m  [0m[49m  [0m[7m  [0m[49m  [0m[49m  [0m[49m  [0m[7m  [0m[49m  [0m[7m  [0m[49m  [0m[7m  [0m[7m  [0m[7m  [0m[7m  [0m[49m  [0m[7m  [0m[49m  [0m[49m  [0m[7m  [0m[49m  [0m[7m  [0m[49m  [0m[49m  [0m[49m  [0m[7m  [0m[49m  [0m[7m  [0m
[7m  [0m[49m  [0m[7m  [0m[49m  [0m[49m  [0m[49m  [0m[7m  [0m[49m  [0m[7m  [0m[7m  [0m[49m  [0m[7m  [0m[7m  [0m[49m  [0m[7m  [0m[49m  [0m[7m  [0m[49m  [0m[7m  [0m[49m  [0m[7m  [0m[49m  [0m[49m  [0m[49m  [0m[7m  [0m[49m  [0m[7m  [0m
[7m  [0m[49m  [0m[7m  [0m[49m  [0m[49m  [0m[49m  [0m[7m  [0m[49m  [0m[7m  [0m[49m  [0m[49m  [0m[49m  [0m[7m  [0m[49m  [0m[7m  [0m[49m  [0m[49m  [0m[7m  [0m[7m  [0m[49m  [0m[7m  [0m[49m  [0m[49m  [0m[49m  [0m[7m  [0m[49m  [0m[7m  [0m
[7m  [0m[49m  [0m[7m  [0m[7m  [0m[7m  [0m[7m  [0m[7m  [0m[49m  [0m[7m  [0m[49m  [0m[7m  [0m[49m  [0m[7m  [0m[49m  [0m[7m  [0m[7m  [0m[7m  [0m[49m  [0m[7m  [0m[49m  [0m[7m  [0m[7m  [0m[7m  [0m[7m  [0m[7m  [0m[49m  [0m[7m  [0m
[7m  [0m[49m  [0m[49m  [0m[49m  [0m[49m  [0m[49m  [0m[49m  [0m[49m  [0m[7m  [0m[49m  [0m[7m  [0m[49m  [0m[7m  [0m[49m  [0m[7m  [0m[49m  [0m[7m  [0m[49m  [0m[7m  [0m[49m  [0m[49m  [0m[49m  [0m[49m  [0m[49m  [0m[49m  [0m[49m  [0m[7m  [0m
[7m  [0m[7m  [0m[7m  [0m[7m  [0m[7m  [0m[7m  [0m[7m  [0m[7m  [0m[7m  [0m[49m  [0m[7m  [0m[49m  [0m[49m  [0m[7m  [0m[49m  [0m[7m  [0m[7m  [0m[49m  [0m[7m  [0m[7m  [0m[7m  [0m[7m  [0m[7m  [0m[7m  [0m[7m  [0m[7m  [0m[7m  [0m
[7m  [0m[49m  [0m[49m  [0m[7m  [0m[49m  [0m[7m  [0m[7m  [0m[49m  [0m[49m  [0m[7m  [0m[7m  [0m[7m  [0m[49m  [0m[49m  [0m[49m  [0m[49m  [0m[49m  [0m[7m  [0m[7m  [0m[49m  [0m[49m  [0m[49m  [0m[7m  [0m[49m  [0m[49m  [0m[7m  [0m[7m  [0m
[7m  [0m[49m  [0m[49m  [0m[49m  [0m[7m  [0m[7m  [0m[7m  [0m[7m  [0m[49m  [0m[7m  [0m[49m  [0m[7m  [0m[49m  [0m[49m  [0m[7m  [0m[7m  [0m[7m  [0m[7m  [0m[7m  [0m[49m  [0m[49m  [0m[7m  [0m[7m  [0m[7m  [0m[49m  [0m[49m  [0m[7m  [0m
[7m  [0m[49m  [0m[49m  [0m[7m  [0m[49m  [0m[49m  [0m[49m  [0m[49m  [0m[49m  [0m[7m  [0m[7m  [0m[7m  [0m[49m  [0m[49m  [0m[49m  [0m[7m  [0m[7m  [0m[49m  [0m[49m  [0m[7m  [0m[7m  [0m[49m  [0m[49m  [0m[7m  [0m[49m  [0m[49m  [0m[7m  [0m
[7m  [0m[7m  [0m[49m  [0m[49m  [0m[7m  [0m[7m  [0m[49m  [0m[7m  [0m[49m  [0m[49m  [0m[49m  [0m[49m  [0m[49m  [0m[49m  [0m[7m  [0m[49m  [0m[49m  [0m[49m  [0m[7m  [0m[7m  [0m[49m  [0m[7m  [0m[7m  [0m[7m  [0m[7m  [0m[49m  [0m[7m  [0m
[7m  [0m[49m  [0m[49m  [0m[7m  [0m[7m  [0m[7m  [0m[7m  [0m[49m  [0m[49m  [0m[49m  [0m[7m  [0m[49m  [0m[49m  [0m[7m  [0m[49m  [0m[7m  [0m[7m  [0m[49m  [0m[7m  [0m[7m  [0m[7m  [0m[49m  [0m[7m  [0m[49m  [0m[7m  [0m[7m  [0m[7m  [0m
[7m  [0m[7m  [0m[49m  [0m[49m  [0m[7m  [0m[7m  [0m[49m  [0m[7m  [0m[7m  [0m[7m  [0m[49m  [0m[7m  [0m[49m  [0m[7m  [0m[7m  [0m[7m  [0m[49m  [0m[7m  [0m[49m  [0m[49m  [0m[49m  [0m[7m  [0m[7m  [0m[49m  [0m[49m  [0m[49m  [0m[7m  [0m
[7m  [0m[49m  [0m[7m  [0m[49m  [0m[7m  [0m[7m  [0m[49m  [0m[49m  [0m[7m  [0m[49m  [0m[7m  [0m[49m  [0m[49m  [0m[7m  [0m[7m  [0m[49m  [0m[7m  [0m[49m  [0m[49m  [0m[49m  [0m[7m  [0m[7m  [0m[7m  [0m[7m  [0m[49m  [0m[7m  [0m[7m  [0m
[7m  [0m[7m  [0m[49m  [0m[49m  [0m[7m  [0m[49m  [0m[49m  [0m[7m  [0m[7m  [0m[7m  [0m[49m  [0m[7m  [0m[49m  [0m[7m  [0m[7m  [0m[7m  [0m[49m  [0m[7m  [0m[7m  [0m[49m  [0m[49m  [0m[49m  [0m[49m  [0m[7m  [0m[7m  [0m[7m  [0m[7m  [0m
[7m  [0m[49m  [0m[49m  [0m[49m  [0m[49m  [0m[7m  [0m[7m  [0m[49m  [0m[49m  [0m[49m  [0m[7m  [0m[49m  [0m[7m  [0m[49m  [0m[7m  [0m[7m  [0m[7m  [0m[49m  [0m[49m  [0m[49m  [0m[49m  [0m[49m  [0m[49m  [0m[49m  [0m[7m  [0m[49m  [0m[7m  [0m
[7m  [0m[7m  [0m[7m  [0m[7m  [0m[7m  [0m[7m  [0m[7m  [0m[7m  [0m[7m  [0m[49m  [0m[7m  [0m[7m  [0m[7m  [0m[49m  [0m[49m  [0m[49m  [0m[7m  [0m[49m  [0m[7m  [0m[7m  [0m[7m  [0m[49m  [0m[7m  [0m[49m  [0m[49m  [0m[49m  [0m[7m  [0m
[7m  [0m[49m  [0m[49m  [0m[49m  [0m[49m  [0m[49m  [0m[49m  [0m[49m  [0m[7m  [0m[49m  [0m[7m  [0m[7m  [0m[49m  [0m[49m  [0m[7m  [0m[49m  [0m[49m  [0m[49m  [0m[7m  [0m[49m  [0m[7m  [0m[49m  [0m[49m  [0m[49m  [0m[7m  [0m[7m  [0m[7m  [0m
[7m  [0m[49m  [0m[7m  [0m[7m  [0m[7m  [0m[7m  [0m[7m  [0m[49m  [0m[7m  [0m[7m  [0m[49m  [0m[49m  [0m[7m  [0m[49m  [0m[7m  [0m[7m  [0m[49m  [0m[49m  [0m[7m  [0m[7m  [0m[7m  [0m[49m  [0m[7m  [0m[7m  [0m[7m  [0m[49m  [0m[7m  [0m
[7m  [0m[49m  [0m[7m  [0m[49m  [0m[49m  [0m[49m  [0m[7m  [0m[49m  [0m[7m  [0m[7m  [0m[49m  [0m[49m  [0m[7m  [0m[7m  [0m[7m  [0m[7m  [0m[7m  [0m[49m  [0m[49m  [0m[49m  [0m[49m  [0m[49m  [0m[49m  [0m[49m  [0m[7m  [0m[7m  [0m[7m  [0m
[7m  [0m[49m  [0m[7m  [0m[49m  [0m[49m  [0m[49m  [0m[7m  [0m[49m  [0m[7m  [0m[49m  [0m[7m  [0m[49m  [0m[49m  [0m[7m  [0m[7m  [0m[7m  [0m[49m  [0m[49m  [0m[49m  [0m[49m  [0m[7m  [0m[7m  [0m[49m  [0m[7m  [0m[49m  [0m[7m  [0m[7m  [0m
[7m  [0m[49m  [0m[7m  [0m[49m  [0m[49m  [0m[49m  [0m[7m  [0m[49m  [0m[7m  [0m[7m  [0m[49m  [0m[49m  [0m[7m  [0m[7m  [0m[7m  [0m[7m  [0m[7m  [0m[7m  [0m[49m  [0m[49m  [0m[49m  [0m[49m  [0m[7m  [0m[49m  [0m[7m  [0m[49m  [0m[7m  [0m
[7m  [0m[49m  [0m[7m  [0m[7m  [0m[7m  [0m[7m  [0m[7m  [0m[49m  [0m[7m  [0m[49m  [0m[49m  [0m[7m  [0m[7m  [0m[7m  [0m[7m  [0m[49m  [0m[49m  [0m[7m  [0m[7m  [0m[49m  [0m[49m  [0m[7m  [0m[7m  [0m[7m  [0m[7m  [0m[49m  [0m[7m  [0m
[7m  [0m[49m  [0m[49m  [0m[49m  [0m[49m  [0m[49m  [0m[49m  [0m[49m  [0m[7m  [0m[49m  [0m[7m  [0m[7m  [0m[7m  [0m[49m  [0m[7m  [0m[7m  [0m[7m  [0m[49m  [0m[7m  [0m[7m  [0m[49m  [0m[7m  [0m[49m  [0m[7m  [0m[7m  [0m[49m  [0m[7m  [0m
[7m  [0m[7m  [0m[7m  [0m[7m  [0m[7m  [0m[7m  [0m[7m  [0m[7m  [0m[7m  [0m[7m  [0m[7m  [0m[7m  [0m[7m  [0m[7m  [0m[7m  [0m[7m  [0m[7m  [0m[7m  [0m[7m  [0m[7m  [0m[7m  [0m[7m  [0m[7m  [0m[7m  [0m[7m  [0m[7m  [0m[7m  [0m

